<?xml version="1.0" encoding="UTF-8" ?>
<gpx 
version="1.1" creator="Waterspeed" xmlns:xsi="http://www.w3.org/2001/XMLSchema-instance" xmlns="http://www.topografix.com/GPX/1/1"
xmlns:ns3="http://www.garmin.com/xmlschemas/TrackPointExtension/v1"
xsi:schemaLocation="http://www.topografix.com/GPX/1/1 http://www.topografix.com/GPX/11.xsd">
<metadata>
<time>2026-05-19T06:15:47.000Z</time>
</metadata>
<trk>
<name>Waterspeed Activity 0cd8a2a8-8548-4516-b9b1-fac1169dffe2
</name>
<trkseg>
<trkpt lat="35.1792751101" lon="129.2022490416">
<ele>0</ele>
<time>2026-05-19T06:15:47.000Z</time></trkpt>
<trkpt lat="35.1793015147" lon="129.2023178041">
<ele>0</ele>
<time>2026-05-19T06:15:48.000Z</time></trkpt>
<trkpt lat="35.1793166084" lon="129.2023344009">
<ele>0</ele>
<time>2026-05-19T06:15:49.000Z</time></trkpt>
<trkpt lat="35.179336508" lon="129.2023715796">
<ele>0</ele>
<time>2026-05-19T06:15:57.000Z</time></trkpt>
<trkpt lat="35.17932282" lon="129.2023910113">
<ele>0</ele>
<time>2026-05-19T06:15:59.000Z</time><extensions>
<ns3:TrackPointExtension>
<ns3:hr>138</ns3:hr>
</ns3:TrackPointExtension>
</extensions>
</trkpt>
<trkpt lat="35.1793065929" lon="129.2024032294">
<ele>0</ele>
<time>2026-05-19T06:16:03.000Z</time><extensions>
<ns3:TrackPointExtension>
<ns3:hr>138</ns3:hr>
</ns3:TrackPointExtension>
</extensions>
</trkpt>
<trkpt lat="35.1792951485" lon="129.2024226704">
<ele>0</ele>
<time>2026-05-19T06:16:05.000Z</time><extensions>
<ns3:TrackPointExtension>
<ns3:hr>138</ns3:hr>
</ns3:TrackPointExtension>
</extensions>
</trkpt>
<trkpt lat="35.1792867326" lon="129.2024483367">
<ele>0</ele>
<time>2026-05-19T06:16:08.000Z</time><extensions>
<ns3:TrackPointExtension>
<ns3:hr>140</ns3:hr>
</ns3:TrackPointExtension>
</extensions>
</trkpt>
<trkpt lat="35.1792784042" lon="129.2025013359">
<ele>0</ele>
<time>2026-05-19T06:16:16.000Z</time><extensions>
<ns3:TrackPointExtension>
<ns3:hr>140</ns3:hr>
</ns3:TrackPointExtension>
</extensions>
</trkpt>
<trkpt lat="35.1792345373" lon="129.2024849859">
<ele>0</ele>
<time>2026-05-19T06:16:17.000Z</time><extensions>
<ns3:TrackPointExtension>
<ns3:hr>140</ns3:hr>
</ns3:TrackPointExtension>
</extensions>
</trkpt>
<trkpt lat="35.1792259535" lon="129.2024692966">
<ele>0</ele>
<time>2026-05-19T06:16:18.000Z</time><extensions>
<ns3:TrackPointExtension>
<ns3:hr>140</ns3:hr>
</ns3:TrackPointExtension>
</extensions>
</trkpt>
<trkpt lat="35.179231368" lon="129.2024514647">
<ele>0</ele>
<time>2026-05-19T06:16:19.000Z</time><extensions>
<ns3:TrackPointExtension>
<ns3:hr>140</ns3:hr>
</ns3:TrackPointExtension>
</extensions>
</trkpt>
<trkpt lat="35.1792432823" lon="129.202447201">
<ele>0</ele>
<time>2026-05-19T06:16:28.000Z</time><extensions>
<ns3:TrackPointExtension>
<ns3:hr>140</ns3:hr>
</ns3:TrackPointExtension>
</extensions>
</trkpt>
<trkpt lat="35.1792480195" lon="129.2024710907">
<ele>0</ele>
<time>2026-05-19T06:16:42.000Z</time><extensions>
<ns3:TrackPointExtension>
<ns3:hr>140</ns3:hr>
</ns3:TrackPointExtension>
</extensions>
</trkpt>
<trkpt lat="35.1792425293" lon="129.2024969634">
<ele>0</ele>
<time>2026-05-19T06:16:45.000Z</time><extensions>
<ns3:TrackPointExtension>
<ns3:hr>140</ns3:hr>
</ns3:TrackPointExtension>
</extensions>
</trkpt>
<trkpt lat="35.179238731" lon="129.2025303417">
<ele>0</ele>
<time>2026-05-19T06:16:48.000Z</time><extensions>
<ns3:TrackPointExtension>
<ns3:hr>140</ns3:hr>
</ns3:TrackPointExtension>
</extensions>
</trkpt>
<trkpt lat="35.1792352488" lon="129.2025584943">
<ele>0</ele>
<time>2026-05-19T06:16:50.000Z</time><extensions>
<ns3:TrackPointExtension>
<ns3:hr>140</ns3:hr>
</ns3:TrackPointExtension>
</extensions>
</trkpt>
<trkpt lat="35.1792303902" lon="129.2025867396">
<ele>0</ele>
<time>2026-05-19T06:16:52.000Z</time><extensions>
<ns3:TrackPointExtension>
<ns3:hr>140</ns3:hr>
</ns3:TrackPointExtension>
</extensions>
</trkpt>
<trkpt lat="35.1792262167" lon="129.2026177351">
<ele>0</ele>
<time>2026-05-19T06:16:54.000Z</time><extensions>
<ns3:TrackPointExtension>
<ns3:hr>140</ns3:hr>
</ns3:TrackPointExtension>
</extensions>
</trkpt>
<trkpt lat="35.1792161265" lon="129.2026450051">
<ele>0</ele>
<time>2026-05-19T06:16:57.000Z</time><extensions>
<ns3:TrackPointExtension>
<ns3:hr>140</ns3:hr>
</ns3:TrackPointExtension>
</extensions>
</trkpt>
<trkpt lat="35.1792062835" lon="129.2026670013">
<ele>0</ele>
<time>2026-05-19T06:16:59.000Z</time><extensions>
<ns3:TrackPointExtension>
<ns3:hr>140</ns3:hr>
</ns3:TrackPointExtension>
</extensions>
</trkpt>
<trkpt lat="35.1791967545" lon="129.2026888143">
<ele>0</ele>
<time>2026-05-19T06:17:02.000Z</time><extensions>
<ns3:TrackPointExtension>
<ns3:hr>140</ns3:hr>
</ns3:TrackPointExtension>
</extensions>
</trkpt>
<trkpt lat="35.1791867945" lon="129.2027087102">
<ele>0</ele>
<time>2026-05-19T06:17:05.000Z</time><extensions>
<ns3:TrackPointExtension>
<ns3:hr>140</ns3:hr>
</ns3:TrackPointExtension>
</extensions>
</trkpt>
<trkpt lat="35.1791786563" lon="129.2027291656">
<ele>0</ele>
<time>2026-05-19T06:17:08.000Z</time><extensions>
<ns3:TrackPointExtension>
<ns3:hr>140</ns3:hr>
</ns3:TrackPointExtension>
</extensions>
</trkpt>
<trkpt lat="35.179174921" lon="129.2027510775">
<ele>0</ele>
<time>2026-05-19T06:17:12.000Z</time><extensions>
<ns3:TrackPointExtension>
<ns3:hr>140</ns3:hr>
</ns3:TrackPointExtension>
</extensions>
</trkpt>
<trkpt lat="35.1791654527" lon="129.2027728509">
<ele>0</ele>
<time>2026-05-19T06:17:15.000Z</time><extensions>
<ns3:TrackPointExtension>
<ns3:hr>147</ns3:hr>
</ns3:TrackPointExtension>
</extensions>
</trkpt>
<trkpt lat="35.1791549425" lon="129.2027914705">
<ele>0</ele>
<time>2026-05-19T06:17:18.000Z</time><extensions>
<ns3:TrackPointExtension>
<ns3:hr>147</ns3:hr>
</ns3:TrackPointExtension>
</extensions>
</trkpt>
<trkpt lat="35.1791465724" lon="129.202816532">
<ele>0</ele>
<time>2026-05-19T06:17:22.000Z</time><extensions>
<ns3:TrackPointExtension>
<ns3:hr>148</ns3:hr>
</ns3:TrackPointExtension>
</extensions>
</trkpt>
<trkpt lat="35.1791381921" lon="129.2028406059">
<ele>0</ele>
<time>2026-05-19T06:17:27.000Z</time><extensions>
<ns3:TrackPointExtension>
<ns3:hr>143</ns3:hr>
</ns3:TrackPointExtension>
</extensions>
</trkpt>
<trkpt lat="35.1791318209" lon="129.2028677076">
<ele>0</ele>
<time>2026-05-19T06:17:31.000Z</time><extensions>
<ns3:TrackPointExtension>
<ns3:hr>143</ns3:hr>
</ns3:TrackPointExtension>
</extensions>
</trkpt>
<trkpt lat="35.1791233989" lon="129.2028881084">
<ele>0</ele>
<time>2026-05-19T06:17:34.000Z</time><extensions>
<ns3:TrackPointExtension>
<ns3:hr>143</ns3:hr>
</ns3:TrackPointExtension>
</extensions>
</trkpt>
<trkpt lat="35.1791155207" lon="129.2029109385">
<ele>0</ele>
<time>2026-05-19T06:17:37.000Z</time><extensions>
<ns3:TrackPointExtension>
<ns3:hr>143</ns3:hr>
</ns3:TrackPointExtension>
</extensions>
</trkpt>
<trkpt lat="35.1791044358" lon="129.2029343742">
<ele>0</ele>
<time>2026-05-19T06:17:41.000Z</time><extensions>
<ns3:TrackPointExtension>
<ns3:hr>143</ns3:hr>
</ns3:TrackPointExtension>
</extensions>
</trkpt>
<trkpt lat="35.1790946217" lon="129.2029603313">
<ele>0</ele>
<time>2026-05-19T06:17:45.000Z</time><extensions>
<ns3:TrackPointExtension>
<ns3:hr>143</ns3:hr>
</ns3:TrackPointExtension>
</extensions>
</trkpt>
<trkpt lat="35.1790859439" lon="129.2029833632">
<ele>0</ele>
<time>2026-05-19T06:17:49.000Z</time><extensions>
<ns3:TrackPointExtension>
<ns3:hr>140</ns3:hr>
</ns3:TrackPointExtension>
</extensions>
</trkpt>
<trkpt lat="35.1790804948" lon="129.2030080756">
<ele>0</ele>
<time>2026-05-19T06:17:54.000Z</time><extensions>
<ns3:TrackPointExtension>
<ns3:hr>142</ns3:hr>
</ns3:TrackPointExtension>
</extensions>
</trkpt>
<trkpt lat="35.1790740341" lon="129.2030291631">
<ele>0</ele>
<time>2026-05-19T06:17:59.000Z</time><extensions>
<ns3:TrackPointExtension>
<ns3:hr>136</ns3:hr>
</ns3:TrackPointExtension>
</extensions>
</trkpt>
<trkpt lat="35.1790670193" lon="129.2030528813">
<ele>0</ele>
<time>2026-05-19T06:18:03.000Z</time><extensions>
<ns3:TrackPointExtension>
<ns3:hr>136</ns3:hr>
</ns3:TrackPointExtension>
</extensions>
</trkpt>
<trkpt lat="35.1790523009" lon="129.2030746022">
<ele>0</ele>
<time>2026-05-19T06:18:08.000Z</time><extensions>
<ns3:TrackPointExtension>
<ns3:hr>136</ns3:hr>
</ns3:TrackPointExtension>
</extensions>
</trkpt>
<trkpt lat="35.1790438279" lon="129.2031007232">
<ele>0</ele>
<time>2026-05-19T06:18:10.000Z</time><extensions>
<ns3:TrackPointExtension>
<ns3:hr>136</ns3:hr>
</ns3:TrackPointExtension>
</extensions>
</trkpt>
<trkpt lat="35.1790345078" lon="129.2031214778">
<ele>0</ele>
<time>2026-05-19T06:18:15.000Z</time><extensions>
<ns3:TrackPointExtension>
<ns3:hr>136</ns3:hr>
</ns3:TrackPointExtension>
</extensions>
</trkpt>
<trkpt lat="35.1790213266" lon="129.203139448">
<ele>0</ele>
<time>2026-05-19T06:18:19.000Z</time><extensions>
<ns3:TrackPointExtension>
<ns3:hr>134</ns3:hr>
</ns3:TrackPointExtension>
</extensions>
</trkpt>
<trkpt lat="35.1790079195" lon="129.2031664883">
<ele>0</ele>
<time>2026-05-19T06:18:23.000Z</time><extensions>
<ns3:TrackPointExtension>
<ns3:hr>134</ns3:hr>
</ns3:TrackPointExtension>
</extensions>
</trkpt>
<trkpt lat="35.1789978414" lon="129.2031878669">
<ele>0</ele>
<time>2026-05-19T06:18:26.000Z</time><extensions>
<ns3:TrackPointExtension>
<ns3:hr>132</ns3:hr>
</ns3:TrackPointExtension>
</extensions>
</trkpt>
<trkpt lat="35.1789774665" lon="129.2032040147">
<ele>0</ele>
<time>2026-05-19T06:18:29.000Z</time><extensions>
<ns3:TrackPointExtension>
<ns3:hr>132</ns3:hr>
</ns3:TrackPointExtension>
</extensions>
</trkpt>
<trkpt lat="35.178966057" lon="129.2032232445">
<ele>0</ele>
<time>2026-05-19T06:18:31.000Z</time><extensions>
<ns3:TrackPointExtension>
<ns3:hr>132</ns3:hr>
</ns3:TrackPointExtension>
</extensions>
</trkpt>
<trkpt lat="35.1789509778" lon="129.203248734">
<ele>0</ele>
<time>2026-05-19T06:18:34.000Z</time><extensions>
<ns3:TrackPointExtension>
<ns3:hr>126</ns3:hr>
</ns3:TrackPointExtension>
</extensions>
</trkpt>
<trkpt lat="35.1789334333" lon="129.2032662112">
<ele>0</ele>
<time>2026-05-19T06:18:37.000Z</time><extensions>
<ns3:TrackPointExtension>
<ns3:hr>126</ns3:hr>
</ns3:TrackPointExtension>
</extensions>
</trkpt>
<trkpt lat="35.1789248186" lon="129.2032956477">
<ele>0</ele>
<time>2026-05-19T06:18:41.000Z</time><extensions>
<ns3:TrackPointExtension>
<ns3:hr>127</ns3:hr>
</ns3:TrackPointExtension>
</extensions>
</trkpt>
<trkpt lat="35.1789131935" lon="129.2033268421">
<ele>0</ele>
<time>2026-05-19T06:18:44.000Z</time><extensions>
<ns3:TrackPointExtension>
<ns3:hr>129</ns3:hr>
</ns3:TrackPointExtension>
</extensions>
</trkpt>
<trkpt lat="35.1788992104" lon="129.2033512409">
<ele>0</ele>
<time>2026-05-19T06:18:46.000Z</time><extensions>
<ns3:TrackPointExtension>
<ns3:hr>129</ns3:hr>
</ns3:TrackPointExtension>
</extensions>
</trkpt>
<trkpt lat="35.1788869389" lon="129.2033762364">
<ele>0</ele>
<time>2026-05-19T06:18:48.000Z</time><extensions>
<ns3:TrackPointExtension>
<ns3:hr>129</ns3:hr>
</ns3:TrackPointExtension>
</extensions>
</trkpt>
<trkpt lat="35.1788693568" lon="129.2034017833">
<ele>0</ele>
<time>2026-05-19T06:18:50.000Z</time><extensions>
<ns3:TrackPointExtension>
<ns3:hr>129</ns3:hr>
</ns3:TrackPointExtension>
</extensions>
</trkpt>
<trkpt lat="35.1788531729" lon="129.2034287625">
<ele>0</ele>
<time>2026-05-19T06:18:52.000Z</time><extensions>
<ns3:TrackPointExtension>
<ns3:hr>129</ns3:hr>
</ns3:TrackPointExtension>
</extensions>
</trkpt>
<trkpt lat="35.1788434856" lon="129.2034516862">
<ele>0</ele>
<time>2026-05-19T06:18:53.000Z</time><extensions>
<ns3:TrackPointExtension>
<ns3:hr>129</ns3:hr>
</ns3:TrackPointExtension>
</extensions>
</trkpt>
<trkpt lat="35.1788331987" lon="129.2034770579">
<ele>0</ele>
<time>2026-05-19T06:18:54.000Z</time><extensions>
<ns3:TrackPointExtension>
<ns3:hr>129</ns3:hr>
</ns3:TrackPointExtension>
</extensions>
</trkpt>
<trkpt lat="35.1788244684" lon="129.2035044848">
<ele>0</ele>
<time>2026-05-19T06:18:55.000Z</time><extensions>
<ns3:TrackPointExtension>
<ns3:hr>129</ns3:hr>
</ns3:TrackPointExtension>
</extensions>
</trkpt>
<trkpt lat="35.1788215554" lon="129.2035266097">
<ele>0</ele>
<time>2026-05-19T06:18:56.000Z</time><extensions>
<ns3:TrackPointExtension>
<ns3:hr>129</ns3:hr>
</ns3:TrackPointExtension>
</extensions>
</trkpt>
<trkpt lat="35.1788194033" lon="129.2035567151">
<ele>0</ele>
<time>2026-05-19T06:18:57.000Z</time><extensions>
<ns3:TrackPointExtension>
<ns3:hr>129</ns3:hr>
</ns3:TrackPointExtension>
</extensions>
</trkpt>
<trkpt lat="35.1788114475" lon="129.2035898156">
<ele>0</ele>
<time>2026-05-19T06:18:58.000Z</time><extensions>
<ns3:TrackPointExtension>
<ns3:hr>129</ns3:hr>
</ns3:TrackPointExtension>
</extensions>
</trkpt>
<trkpt lat="35.1788049269" lon="129.2036206585">
<ele>0</ele>
<time>2026-05-19T06:18:59.000Z</time><extensions>
<ns3:TrackPointExtension>
<ns3:hr>129</ns3:hr>
</ns3:TrackPointExtension>
</extensions>
</trkpt>
<trkpt lat="35.1788002856" lon="129.2036641052">
<ele>0</ele>
<time>2026-05-19T06:19:00.000Z</time><extensions>
<ns3:TrackPointExtension>
<ns3:hr>129</ns3:hr>
</ns3:TrackPointExtension>
</extensions>
</trkpt>
<trkpt lat="35.1788007678" lon="129.2037210233">
<ele>0</ele>
<time>2026-05-19T06:19:01.000Z</time><extensions>
<ns3:TrackPointExtension>
<ns3:hr>129</ns3:hr>
</ns3:TrackPointExtension>
</extensions>
</trkpt>
<trkpt lat="35.1788048491" lon="129.2037906238">
<ele>0</ele>
<time>2026-05-19T06:19:02.000Z</time><extensions>
<ns3:TrackPointExtension>
<ns3:hr>129</ns3:hr>
</ns3:TrackPointExtension>
</extensions>
</trkpt>
<trkpt lat="35.1787984441" lon="129.2038630339">
<ele>0</ele>
<time>2026-05-19T06:19:03.000Z</time><extensions>
<ns3:TrackPointExtension>
<ns3:hr>129</ns3:hr>
</ns3:TrackPointExtension>
</extensions>
</trkpt>
<trkpt lat="35.1787723844" lon="129.2039228363">
<ele>0</ele>
<time>2026-05-19T06:19:04.000Z</time><extensions>
<ns3:TrackPointExtension>
<ns3:hr>129</ns3:hr>
</ns3:TrackPointExtension>
</extensions>
</trkpt>
<trkpt lat="35.1787447751" lon="129.2039790203">
<ele>0</ele>
<time>2026-05-19T06:19:05.000Z</time><extensions>
<ns3:TrackPointExtension>
<ns3:hr>129</ns3:hr>
</ns3:TrackPointExtension>
</extensions>
</trkpt>
<trkpt lat="35.1787144481" lon="129.2040341469">
<ele>0</ele>
<time>2026-05-19T06:19:06.000Z</time><extensions>
<ns3:TrackPointExtension>
<ns3:hr>129</ns3:hr>
</ns3:TrackPointExtension>
</extensions>
</trkpt>
<trkpt lat="35.1786855107" lon="129.2040982038">
<ele>0</ele>
<time>2026-05-19T06:19:07.000Z</time><extensions>
<ns3:TrackPointExtension>
<ns3:hr>129</ns3:hr>
</ns3:TrackPointExtension>
</extensions>
</trkpt>
<trkpt lat="35.1786559664" lon="129.2041628413">
<ele>0</ele>
<time>2026-05-19T06:19:08.000Z</time><extensions>
<ns3:TrackPointExtension>
<ns3:hr>152</ns3:hr>
</ns3:TrackPointExtension>
</extensions>
</trkpt>
<trkpt lat="35.1786231723" lon="129.2042323151">
<ele>0</ele>
<time>2026-05-19T06:19:09.000Z</time><extensions>
<ns3:TrackPointExtension>
<ns3:hr>152</ns3:hr>
</ns3:TrackPointExtension>
</extensions>
</trkpt>
<trkpt lat="35.1785892695" lon="129.204303277">
<ele>0</ele>
<time>2026-05-19T06:19:10.000Z</time><extensions>
<ns3:TrackPointExtension>
<ns3:hr>152</ns3:hr>
</ns3:TrackPointExtension>
</extensions>
</trkpt>
<trkpt lat="35.1785562822" lon="129.2043766421">
<ele>0</ele>
<time>2026-05-19T06:19:11.000Z</time><extensions>
<ns3:TrackPointExtension>
<ns3:hr>152</ns3:hr>
</ns3:TrackPointExtension>
</extensions>
</trkpt>
<trkpt lat="35.1785214789" lon="129.2044484737">
<ele>0</ele>
<time>2026-05-19T06:19:12.000Z</time><extensions>
<ns3:TrackPointExtension>
<ns3:hr>160</ns3:hr>
</ns3:TrackPointExtension>
</extensions>
</trkpt>
<trkpt lat="35.1784846512" lon="129.2045196785">
<ele>0</ele>
<time>2026-05-19T06:19:13.000Z</time><extensions>
<ns3:TrackPointExtension>
<ns3:hr>160</ns3:hr>
</ns3:TrackPointExtension>
</extensions>
</trkpt>
<trkpt lat="35.1784463648" lon="129.2045941419">
<ele>0</ele>
<time>2026-05-19T06:19:14.000Z</time><extensions>
<ns3:TrackPointExtension>
<ns3:hr>160</ns3:hr>
</ns3:TrackPointExtension>
</extensions>
</trkpt>
<trkpt lat="35.1784067954" lon="129.2046686036">
<ele>0</ele>
<time>2026-05-19T06:19:15.000Z</time><extensions>
<ns3:TrackPointExtension>
<ns3:hr>160</ns3:hr>
</ns3:TrackPointExtension>
</extensions>
</trkpt>
<trkpt lat="35.178362752" lon="129.2047382766">
<ele>0</ele>
<time>2026-05-19T06:19:16.000Z</time><extensions>
<ns3:TrackPointExtension>
<ns3:hr>160</ns3:hr>
</ns3:TrackPointExtension>
</extensions>
</trkpt>
<trkpt lat="35.1783185186" lon="129.204807381">
<ele>0</ele>
<time>2026-05-19T06:19:17.000Z</time><extensions>
<ns3:TrackPointExtension>
<ns3:hr>159</ns3:hr>
</ns3:TrackPointExtension>
</extensions>
</trkpt>
<trkpt lat="35.1782734301" lon="129.204877159">
<ele>0</ele>
<time>2026-05-19T06:19:18.000Z</time><extensions>
<ns3:TrackPointExtension>
<ns3:hr>159</ns3:hr>
</ns3:TrackPointExtension>
</extensions>
</trkpt>
<trkpt lat="35.17823121" lon="129.2049520463">
<ele>0</ele>
<time>2026-05-19T06:19:19.000Z</time><extensions>
<ns3:TrackPointExtension>
<ns3:hr>159</ns3:hr>
</ns3:TrackPointExtension>
</extensions>
</trkpt>
<trkpt lat="35.1781898777" lon="129.2050323176">
<ele>0</ele>
<time>2026-05-19T06:19:20.000Z</time><extensions>
<ns3:TrackPointExtension>
<ns3:hr>159</ns3:hr>
</ns3:TrackPointExtension>
</extensions>
</trkpt>
<trkpt lat="35.1781512399" lon="129.205113834">
<ele>0</ele>
<time>2026-05-19T06:19:21.000Z</time><extensions>
<ns3:TrackPointExtension>
<ns3:hr>159</ns3:hr>
</ns3:TrackPointExtension>
</extensions>
</trkpt>
<trkpt lat="35.1781095413" lon="129.2051909711">
<ele>0</ele>
<time>2026-05-19T06:19:22.000Z</time><extensions>
<ns3:TrackPointExtension>
<ns3:hr>159</ns3:hr>
</ns3:TrackPointExtension>
</extensions>
</trkpt>
<trkpt lat="35.1780675358" lon="129.2052701527">
<ele>0</ele>
<time>2026-05-19T06:19:23.000Z</time><extensions>
<ns3:TrackPointExtension>
<ns3:hr>159</ns3:hr>
</ns3:TrackPointExtension>
</extensions>
</trkpt>
<trkpt lat="35.1780240356" lon="129.2053494708">
<ele>0</ele>
<time>2026-05-19T06:19:24.000Z</time><extensions>
<ns3:TrackPointExtension>
<ns3:hr>162</ns3:hr>
</ns3:TrackPointExtension>
</extensions>
</trkpt>
<trkpt lat="35.1779802796" lon="129.2054309096">
<ele>0</ele>
<time>2026-05-19T06:19:25.000Z</time><extensions>
<ns3:TrackPointExtension>
<ns3:hr>162</ns3:hr>
</ns3:TrackPointExtension>
</extensions>
</trkpt>
<trkpt lat="35.1779399886" lon="129.2055114017">
<ele>0</ele>
<time>2026-05-19T06:19:26.000Z</time><extensions>
<ns3:TrackPointExtension>
<ns3:hr>162</ns3:hr>
</ns3:TrackPointExtension>
</extensions>
</trkpt>
<trkpt lat="35.1779051686" lon="129.2055942945">
<ele>0</ele>
<time>2026-05-19T06:19:27.000Z</time><extensions>
<ns3:TrackPointExtension>
<ns3:hr>162</ns3:hr>
</ns3:TrackPointExtension>
</extensions>
</trkpt>
<trkpt lat="35.1778730769" lon="129.2056760137">
<ele>0</ele>
<time>2026-05-19T06:19:28.000Z</time><extensions>
<ns3:TrackPointExtension>
<ns3:hr>162</ns3:hr>
</ns3:TrackPointExtension>
</extensions>
</trkpt>
<trkpt lat="35.1778396178" lon="129.2057583331">
<ele>0</ele>
<time>2026-05-19T06:19:29.000Z</time><extensions>
<ns3:TrackPointExtension>
<ns3:hr>165</ns3:hr>
</ns3:TrackPointExtension>
</extensions>
</trkpt>
<trkpt lat="35.1778016549" lon="129.205837016">
<ele>0</ele>
<time>2026-05-19T06:19:30.000Z</time><extensions>
<ns3:TrackPointExtension>
<ns3:hr>165</ns3:hr>
</ns3:TrackPointExtension>
</extensions>
</trkpt>
<trkpt lat="35.1777672918" lon="129.2059183701">
<ele>0</ele>
<time>2026-05-19T06:19:31.000Z</time><extensions>
<ns3:TrackPointExtension>
<ns3:hr>165</ns3:hr>
</ns3:TrackPointExtension>
</extensions>
</trkpt>
<trkpt lat="35.1777380991" lon="129.2060037336">
<ele>0</ele>
<time>2026-05-19T06:19:32.000Z</time><extensions>
<ns3:TrackPointExtension>
<ns3:hr>165</ns3:hr>
</ns3:TrackPointExtension>
</extensions>
</trkpt>
<trkpt lat="35.1777099146" lon="129.2060913411">
<ele>0</ele>
<time>2026-05-19T06:19:33.000Z</time><extensions>
<ns3:TrackPointExtension>
<ns3:hr>165</ns3:hr>
</ns3:TrackPointExtension>
</extensions>
</trkpt>
<trkpt lat="35.1776901603" lon="129.2061845569">
<ele>0</ele>
<time>2026-05-19T06:19:34.000Z</time><extensions>
<ns3:TrackPointExtension>
<ns3:hr>165</ns3:hr>
</ns3:TrackPointExtension>
</extensions>
</trkpt>
<trkpt lat="35.1776790654" lon="129.206279804">
<ele>0</ele>
<time>2026-05-19T06:19:35.000Z</time><extensions>
<ns3:TrackPointExtension>
<ns3:hr>165</ns3:hr>
</ns3:TrackPointExtension>
</extensions>
</trkpt>
<trkpt lat="35.1776757328" lon="129.206376072">
<ele>0</ele>
<time>2026-05-19T06:19:36.000Z</time><extensions>
<ns3:TrackPointExtension>
<ns3:hr>165</ns3:hr>
</ns3:TrackPointExtension>
</extensions>
</trkpt>
<trkpt lat="35.177689744" lon="129.2064654179">
<ele>0</ele>
<time>2026-05-19T06:19:37.000Z</time><extensions>
<ns3:TrackPointExtension>
<ns3:hr>165</ns3:hr>
</ns3:TrackPointExtension>
</extensions>
</trkpt>
<trkpt lat="35.1777374327" lon="129.2065356676">
<ele>0</ele>
<time>2026-05-19T06:19:38.000Z</time><extensions>
<ns3:TrackPointExtension>
<ns3:hr>163</ns3:hr>
</ns3:TrackPointExtension>
</extensions>
</trkpt>
<trkpt lat="35.1777923629" lon="129.2065939023">
<ele>0</ele>
<time>2026-05-19T06:19:39.000Z</time><extensions>
<ns3:TrackPointExtension>
<ns3:hr>163</ns3:hr>
</ns3:TrackPointExtension>
</extensions>
</trkpt>
<trkpt lat="35.1778447788" lon="129.2065509817">
<ele>0</ele>
<time>2026-05-19T06:19:41.000Z</time><extensions>
<ns3:TrackPointExtension>
<ns3:hr>163</ns3:hr>
</ns3:TrackPointExtension>
</extensions>
</trkpt>
<trkpt lat="35.1778914492" lon="129.2065036402">
<ele>0</ele>
<time>2026-05-19T06:19:42.000Z</time><extensions>
<ns3:TrackPointExtension>
<ns3:hr>163</ns3:hr>
</ns3:TrackPointExtension>
</extensions>
</trkpt>
<trkpt lat="35.1779142161" lon="129.2064438506">
<ele>0</ele>
<time>2026-05-19T06:19:43.000Z</time><extensions>
<ns3:TrackPointExtension>
<ns3:hr>163</ns3:hr>
</ns3:TrackPointExtension>
</extensions>
</trkpt>
<trkpt lat="35.1779179988" lon="129.2063635293">
<ele>0</ele>
<time>2026-05-19T06:19:44.000Z</time><extensions>
<ns3:TrackPointExtension>
<ns3:hr>163</ns3:hr>
</ns3:TrackPointExtension>
</extensions>
</trkpt>
<trkpt lat="35.1779152391" lon="129.2062655652">
<ele>0</ele>
<time>2026-05-19T06:19:45.000Z</time><extensions>
<ns3:TrackPointExtension>
<ns3:hr>163</ns3:hr>
</ns3:TrackPointExtension>
</extensions>
</trkpt>
<trkpt lat="35.1779100636" lon="129.2061679923">
<ele>0</ele>
<time>2026-05-19T06:19:46.000Z</time><extensions>
<ns3:TrackPointExtension>
<ns3:hr>163</ns3:hr>
</ns3:TrackPointExtension>
</extensions>
</trkpt>
<trkpt lat="35.177912851" lon="129.2060816784">
<ele>0</ele>
<time>2026-05-19T06:19:47.000Z</time><extensions>
<ns3:TrackPointExtension>
<ns3:hr>163</ns3:hr>
</ns3:TrackPointExtension>
</extensions>
</trkpt>
<trkpt lat="35.1779172368" lon="129.2060015526">
<ele>0</ele>
<time>2026-05-19T06:19:48.000Z</time><extensions>
<ns3:TrackPointExtension>
<ns3:hr>163</ns3:hr>
</ns3:TrackPointExtension>
</extensions>
</trkpt>
<trkpt lat="35.1779267051" lon="129.2059143719">
<ele>0</ele>
<time>2026-05-19T06:19:49.000Z</time><extensions>
<ns3:TrackPointExtension>
<ns3:hr>162</ns3:hr>
</ns3:TrackPointExtension>
</extensions>
</trkpt>
<trkpt lat="35.1779334341" lon="129.2058249574">
<ele>0</ele>
<time>2026-05-19T06:19:50.000Z</time><extensions>
<ns3:TrackPointExtension>
<ns3:hr>162</ns3:hr>
</ns3:TrackPointExtension>
</extensions>
</trkpt>
<trkpt lat="35.1779431621" lon="129.2057361261">
<ele>0</ele>
<time>2026-05-19T06:19:51.000Z</time><extensions>
<ns3:TrackPointExtension>
<ns3:hr>162</ns3:hr>
</ns3:TrackPointExtension>
</extensions>
</trkpt>
<trkpt lat="35.1779547923" lon="129.205645792">
<ele>0</ele>
<time>2026-05-19T06:19:52.000Z</time><extensions>
<ns3:TrackPointExtension>
<ns3:hr>162</ns3:hr>
</ns3:TrackPointExtension>
</extensions>
</trkpt>
<trkpt lat="35.1779692526" lon="129.205556266">
<ele>0</ele>
<time>2026-05-19T06:19:53.000Z</time><extensions>
<ns3:TrackPointExtension>
<ns3:hr>162</ns3:hr>
</ns3:TrackPointExtension>
</extensions>
</trkpt>
<trkpt lat="35.1779877535" lon="129.2054705074">
<ele>0</ele>
<time>2026-05-19T06:19:54.000Z</time><extensions>
<ns3:TrackPointExtension>
<ns3:hr>162</ns3:hr>
</ns3:TrackPointExtension>
</extensions>
</trkpt>
<trkpt lat="35.1780050293" lon="129.2053831442">
<ele>0</ele>
<time>2026-05-19T06:19:55.000Z</time><extensions>
<ns3:TrackPointExtension>
<ns3:hr>162</ns3:hr>
</ns3:TrackPointExtension>
</extensions>
</trkpt>
<trkpt lat="35.1780188026" lon="129.2052975989">
<ele>0</ele>
<time>2026-05-19T06:19:56.000Z</time><extensions>
<ns3:TrackPointExtension>
<ns3:hr>162</ns3:hr>
</ns3:TrackPointExtension>
</extensions>
</trkpt>
<trkpt lat="35.1780342667" lon="129.205212697">
<ele>0</ele>
<time>2026-05-19T06:19:57.000Z</time><extensions>
<ns3:TrackPointExtension>
<ns3:hr>162</ns3:hr>
</ns3:TrackPointExtension>
</extensions>
</trkpt>
<trkpt lat="35.1780443695" lon="129.2051305194">
<ele>0</ele>
<time>2026-05-19T06:19:58.000Z</time><extensions>
<ns3:TrackPointExtension>
<ns3:hr>162</ns3:hr>
</ns3:TrackPointExtension>
</extensions>
</trkpt>
<trkpt lat="35.1780592769" lon="129.2050412011">
<ele>0</ele>
<time>2026-05-19T06:19:59.000Z</time><extensions>
<ns3:TrackPointExtension>
<ns3:hr>164</ns3:hr>
</ns3:TrackPointExtension>
</extensions>
</trkpt>
<trkpt lat="35.1780818945" lon="129.2049553649">
<ele>0</ele>
<time>2026-05-19T06:20:00.000Z</time><extensions>
<ns3:TrackPointExtension>
<ns3:hr>164</ns3:hr>
</ns3:TrackPointExtension>
</extensions>
</trkpt>
<trkpt lat="35.1781097528" lon="129.2048725211">
<ele>0</ele>
<time>2026-05-19T06:20:01.000Z</time><extensions>
<ns3:TrackPointExtension>
<ns3:hr>164</ns3:hr>
</ns3:TrackPointExtension>
</extensions>
</trkpt>
<trkpt lat="35.1781388224" lon="129.2047804632">
<ele>0</ele>
<time>2026-05-19T06:20:02.000Z</time><extensions>
<ns3:TrackPointExtension>
<ns3:hr>164</ns3:hr>
</ns3:TrackPointExtension>
</extensions>
</trkpt>
<trkpt lat="35.1781648074" lon="129.2046969314">
<ele>0</ele>
<time>2026-05-19T06:20:03.000Z</time><extensions>
<ns3:TrackPointExtension>
<ns3:hr>164</ns3:hr>
</ns3:TrackPointExtension>
</extensions>
</trkpt>
<trkpt lat="35.1781900013" lon="129.2046159617">
<ele>0</ele>
<time>2026-05-19T06:20:04.000Z</time><extensions>
<ns3:TrackPointExtension>
<ns3:hr>164</ns3:hr>
</ns3:TrackPointExtension>
</extensions>
</trkpt>
<trkpt lat="35.1782157946" lon="129.2045346491">
<ele>0</ele>
<time>2026-05-19T06:20:05.000Z</time><extensions>
<ns3:TrackPointExtension>
<ns3:hr>164</ns3:hr>
</ns3:TrackPointExtension>
</extensions>
</trkpt>
<trkpt lat="35.1782438672" lon="129.2044570446">
<ele>0</ele>
<time>2026-05-19T06:20:06.000Z</time><extensions>
<ns3:TrackPointExtension>
<ns3:hr>164</ns3:hr>
</ns3:TrackPointExtension>
</extensions>
</trkpt>
<trkpt lat="35.1782725209" lon="129.2043782713">
<ele>0</ele>
<time>2026-05-19T06:20:07.000Z</time><extensions>
<ns3:TrackPointExtension>
<ns3:hr>164</ns3:hr>
</ns3:TrackPointExtension>
</extensions>
</trkpt>
<trkpt lat="35.1783012068" lon="129.2042999102">
<ele>0</ele>
<time>2026-05-19T06:20:08.000Z</time><extensions>
<ns3:TrackPointExtension>
<ns3:hr>164</ns3:hr>
</ns3:TrackPointExtension>
</extensions>
</trkpt>
<trkpt lat="35.1783320238" lon="129.2042251432">
<ele>0</ele>
<time>2026-05-19T06:20:09.000Z</time><extensions>
<ns3:TrackPointExtension>
<ns3:hr>163</ns3:hr>
</ns3:TrackPointExtension>
</extensions>
</trkpt>
<trkpt lat="35.1783649366" lon="129.2041489375">
<ele>0</ele>
<time>2026-05-19T06:20:10.000Z</time><extensions>
<ns3:TrackPointExtension>
<ns3:hr>163</ns3:hr>
</ns3:TrackPointExtension>
</extensions>
</trkpt>
<trkpt lat="35.1784008403" lon="129.2040756322">
<ele>0</ele>
<time>2026-05-19T06:20:11.000Z</time><extensions>
<ns3:TrackPointExtension>
<ns3:hr>163</ns3:hr>
</ns3:TrackPointExtension>
</extensions>
</trkpt>
<trkpt lat="35.1784375776" lon="129.2040018224">
<ele>0</ele>
<time>2026-05-19T06:20:12.000Z</time><extensions>
<ns3:TrackPointExtension>
<ns3:hr>163</ns3:hr>
</ns3:TrackPointExtension>
</extensions>
</trkpt>
<trkpt lat="35.1784740072" lon="129.2039256187">
<ele>0</ele>
<time>2026-05-19T06:20:13.000Z</time><extensions>
<ns3:TrackPointExtension>
<ns3:hr>163</ns3:hr>
</ns3:TrackPointExtension>
</extensions>
</trkpt>
<trkpt lat="35.1785033111" lon="129.2038520277">
<ele>0</ele>
<time>2026-05-19T06:20:14.000Z</time><extensions>
<ns3:TrackPointExtension>
<ns3:hr>163</ns3:hr>
</ns3:TrackPointExtension>
</extensions>
</trkpt>
<trkpt lat="35.1785342903" lon="129.2037794379">
<ele>0</ele>
<time>2026-05-19T06:20:15.000Z</time><extensions>
<ns3:TrackPointExtension>
<ns3:hr>163</ns3:hr>
</ns3:TrackPointExtension>
</extensions>
</trkpt>
<trkpt lat="35.1785666218" lon="129.203711135">
<ele>0</ele>
<time>2026-05-19T06:20:16.000Z</time><extensions>
<ns3:TrackPointExtension>
<ns3:hr>163</ns3:hr>
</ns3:TrackPointExtension>
</extensions>
</trkpt>
<trkpt lat="35.178603948" lon="129.2036355645">
<ele>0</ele>
<time>2026-05-19T06:20:17.000Z</time><extensions>
<ns3:TrackPointExtension>
<ns3:hr>163</ns3:hr>
</ns3:TrackPointExtension>
</extensions>
</trkpt>
<trkpt lat="35.1786413864" lon="129.2035670282">
<ele>0</ele>
<time>2026-05-19T06:20:18.000Z</time><extensions>
<ns3:TrackPointExtension>
<ns3:hr>163</ns3:hr>
</ns3:TrackPointExtension>
</extensions>
</trkpt>
<trkpt lat="35.1786801685" lon="129.2034975346">
<ele>0</ele>
<time>2026-05-19T06:20:19.000Z</time><extensions>
<ns3:TrackPointExtension>
<ns3:hr>164</ns3:hr>
</ns3:TrackPointExtension>
</extensions>
</trkpt>
<trkpt lat="35.1787186243" lon="129.2034205465">
<ele>0</ele>
<time>2026-05-19T06:20:20.000Z</time><extensions>
<ns3:TrackPointExtension>
<ns3:hr>164</ns3:hr>
</ns3:TrackPointExtension>
</extensions>
</trkpt>
<trkpt lat="35.1787574452" lon="129.2033484631">
<ele>0</ele>
<time>2026-05-19T06:20:21.000Z</time><extensions>
<ns3:TrackPointExtension>
<ns3:hr>164</ns3:hr>
</ns3:TrackPointExtension>
</extensions>
</trkpt>
<trkpt lat="35.1787999365" lon="129.2032823931">
<ele>0</ele>
<time>2026-05-19T06:20:22.000Z</time><extensions>
<ns3:TrackPointExtension>
<ns3:hr>164</ns3:hr>
</ns3:TrackPointExtension>
</extensions>
</trkpt>
<trkpt lat="35.1788430574" lon="129.2032152789">
<ele>0</ele>
<time>2026-05-19T06:20:23.000Z</time><extensions>
<ns3:TrackPointExtension>
<ns3:hr>164</ns3:hr>
</ns3:TrackPointExtension>
</extensions>
</trkpt>
<trkpt lat="35.1788874373" lon="129.2031513981">
<ele>0</ele>
<time>2026-05-19T06:20:24.000Z</time><extensions>
<ns3:TrackPointExtension>
<ns3:hr>163</ns3:hr>
</ns3:TrackPointExtension>
</extensions>
</trkpt>
<trkpt lat="35.1789303875" lon="129.2030829991">
<ele>0</ele>
<time>2026-05-19T06:20:25.000Z</time><extensions>
<ns3:TrackPointExtension>
<ns3:hr>163</ns3:hr>
</ns3:TrackPointExtension>
</extensions>
</trkpt>
<trkpt lat="35.1789678246" lon="129.2030074129">
<ele>0</ele>
<time>2026-05-19T06:20:26.000Z</time><extensions>
<ns3:TrackPointExtension>
<ns3:hr>163</ns3:hr>
</ns3:TrackPointExtension>
</extensions>
</trkpt>
<trkpt lat="35.1790041915" lon="129.2029288731">
<ele>0</ele>
<time>2026-05-19T06:20:27.000Z</time><extensions>
<ns3:TrackPointExtension>
<ns3:hr>163</ns3:hr>
</ns3:TrackPointExtension>
</extensions>
</trkpt>
<trkpt lat="35.1790445493" lon="129.2028542035">
<ele>0</ele>
<time>2026-05-19T06:20:28.000Z</time><extensions>
<ns3:TrackPointExtension>
<ns3:hr>163</ns3:hr>
</ns3:TrackPointExtension>
</extensions>
</trkpt>
<trkpt lat="35.1790873119" lon="129.2027852475">
<ele>0</ele>
<time>2026-05-19T06:20:29.000Z</time><extensions>
<ns3:TrackPointExtension>
<ns3:hr>164</ns3:hr>
</ns3:TrackPointExtension>
</extensions>
</trkpt>
<trkpt lat="35.1791281562" lon="129.202716592">
<ele>0</ele>
<time>2026-05-19T06:20:30.000Z</time><extensions>
<ns3:TrackPointExtension>
<ns3:hr>164</ns3:hr>
</ns3:TrackPointExtension>
</extensions>
</trkpt>
<trkpt lat="35.1791703605" lon="129.2026446775">
<ele>0</ele>
<time>2026-05-19T06:20:31.000Z</time><extensions>
<ns3:TrackPointExtension>
<ns3:hr>164</ns3:hr>
</ns3:TrackPointExtension>
</extensions>
</trkpt>
<trkpt lat="35.1792081406" lon="129.2025715456">
<ele>0</ele>
<time>2026-05-19T06:20:32.000Z</time><extensions>
<ns3:TrackPointExtension>
<ns3:hr>164</ns3:hr>
</ns3:TrackPointExtension>
</extensions>
</trkpt>
<trkpt lat="35.1792302486" lon="129.2024914764">
<ele>0</ele>
<time>2026-05-19T06:20:33.000Z</time><extensions>
<ns3:TrackPointExtension>
<ns3:hr>164</ns3:hr>
</ns3:TrackPointExtension>
</extensions>
</trkpt>
<trkpt lat="35.1792465338" lon="129.2024096194">
<ele>0</ele>
<time>2026-05-19T06:20:34.000Z</time><extensions>
<ns3:TrackPointExtension>
<ns3:hr>165</ns3:hr>
</ns3:TrackPointExtension>
</extensions>
</trkpt>
<trkpt lat="35.1792528001" lon="129.2023268175">
<ele>0</ele>
<time>2026-05-19T06:20:35.000Z</time><extensions>
<ns3:TrackPointExtension>
<ns3:hr>165</ns3:hr>
</ns3:TrackPointExtension>
</extensions>
</trkpt>
<trkpt lat="35.1792453522" lon="129.2022489612">
<ele>0</ele>
<time>2026-05-19T06:20:36.000Z</time><extensions>
<ns3:TrackPointExtension>
<ns3:hr>165</ns3:hr>
</ns3:TrackPointExtension>
</extensions>
</trkpt>
<trkpt lat="35.1792324226" lon="129.2021776644">
<ele>0</ele>
<time>2026-05-19T06:20:37.000Z</time><extensions>
<ns3:TrackPointExtension>
<ns3:hr>165</ns3:hr>
</ns3:TrackPointExtension>
</extensions>
</trkpt>
<trkpt lat="35.179203394" lon="129.2021349767">
<ele>0</ele>
<time>2026-05-19T06:20:38.000Z</time><extensions>
<ns3:TrackPointExtension>
<ns3:hr>165</ns3:hr>
</ns3:TrackPointExtension>
</extensions>
</trkpt>
<trkpt lat="35.1791668854" lon="129.2021365525">
<ele>0</ele>
<time>2026-05-19T06:20:39.000Z</time><extensions>
<ns3:TrackPointExtension>
<ns3:hr>164</ns3:hr>
</ns3:TrackPointExtension>
</extensions>
</trkpt>
<trkpt lat="35.1791325493" lon="129.2021732035">
<ele>0</ele>
<time>2026-05-19T06:20:40.000Z</time><extensions>
<ns3:TrackPointExtension>
<ns3:hr>164</ns3:hr>
</ns3:TrackPointExtension>
</extensions>
</trkpt>
<trkpt lat="35.179123586" lon="129.2021999321">
<ele>0</ele>
<time>2026-05-19T06:20:41.000Z</time><extensions>
<ns3:TrackPointExtension>
<ns3:hr>164</ns3:hr>
</ns3:TrackPointExtension>
</extensions>
</trkpt>
<trkpt lat="35.1791115398" lon="129.2022246444">
<ele>0</ele>
<time>2026-05-19T06:20:43.000Z</time><extensions>
<ns3:TrackPointExtension>
<ns3:hr>164</ns3:hr>
</ns3:TrackPointExtension>
</extensions>
</trkpt>
<trkpt lat="35.1790993858" lon="129.2022459332">
<ele>0</ele>
<time>2026-05-19T06:20:46.000Z</time><extensions>
<ns3:TrackPointExtension>
<ns3:hr>165</ns3:hr>
</ns3:TrackPointExtension>
</extensions>
</trkpt>
<trkpt lat="35.1790849282" lon="129.2022701934">
<ele>0</ele>
<time>2026-05-19T06:20:49.000Z</time><extensions>
<ns3:TrackPointExtension>
<ns3:hr>168</ns3:hr>
</ns3:TrackPointExtension>
</extensions>
</trkpt>
<trkpt lat="35.1790724276" lon="129.2022944111">
<ele>0</ele>
<time>2026-05-19T06:20:52.000Z</time><extensions>
<ns3:TrackPointExtension>
<ns3:hr>168</ns3:hr>
</ns3:TrackPointExtension>
</extensions>
</trkpt>
<trkpt lat="35.1790605292" lon="129.202311396">
<ele>0</ele>
<time>2026-05-19T06:20:54.000Z</time><extensions>
<ns3:TrackPointExtension>
<ns3:hr>166</ns3:hr>
</ns3:TrackPointExtension>
</extensions>
</trkpt>
<trkpt lat="35.179045323" lon="129.2023366984">
<ele>0</ele>
<time>2026-05-19T06:20:57.000Z</time><extensions>
<ns3:TrackPointExtension>
<ns3:hr>166</ns3:hr>
</ns3:TrackPointExtension>
</extensions>
</trkpt>
<trkpt lat="35.1790356154" lon="129.2023615786">
<ele>0</ele>
<time>2026-05-19T06:21:01.000Z</time><extensions>
<ns3:TrackPointExtension>
<ns3:hr>166</ns3:hr>
</ns3:TrackPointExtension>
</extensions>
</trkpt>
<trkpt lat="35.1790218149" lon="129.20238377">
<ele>0</ele>
<time>2026-05-19T06:21:03.000Z</time><extensions>
<ns3:TrackPointExtension>
<ns3:hr>166</ns3:hr>
</ns3:TrackPointExtension>
</extensions>
</trkpt>
<trkpt lat="35.1790060949" lon="129.2024053141">
<ele>0</ele>
<time>2026-05-19T06:21:06.000Z</time><extensions>
<ns3:TrackPointExtension>
<ns3:hr>165</ns3:hr>
</ns3:TrackPointExtension>
</extensions>
</trkpt>
<trkpt lat="35.1789957229" lon="129.202423491">
<ele>0</ele>
<time>2026-05-19T06:21:08.000Z</time><extensions>
<ns3:TrackPointExtension>
<ns3:hr>165</ns3:hr>
</ns3:TrackPointExtension>
</extensions>
</trkpt>
<trkpt lat="35.1789790254" lon="129.20244888">
<ele>0</ele>
<time>2026-05-19T06:21:11.000Z</time><extensions>
<ns3:TrackPointExtension>
<ns3:hr>164</ns3:hr>
</ns3:TrackPointExtension>
</extensions>
</trkpt>
<trkpt lat="35.1789676064" lon="129.2024671349">
<ele>0</ele>
<time>2026-05-19T06:21:13.000Z</time><extensions>
<ns3:TrackPointExtension>
<ns3:hr>164</ns3:hr>
</ns3:TrackPointExtension>
</extensions>
</trkpt>
<trkpt lat="35.1789521875" lon="129.2024938104">
<ele>0</ele>
<time>2026-05-19T06:21:16.000Z</time><extensions>
<ns3:TrackPointExtension>
<ns3:hr>162</ns3:hr>
</ns3:TrackPointExtension>
</extensions>
</trkpt>
<trkpt lat="35.1789351459" lon="129.2025181789">
<ele>0</ele>
<time>2026-05-19T06:21:19.000Z</time><extensions>
<ns3:TrackPointExtension>
<ns3:hr>163</ns3:hr>
</ns3:TrackPointExtension>
</extensions>
</trkpt>
<trkpt lat="35.1789208206" lon="129.2025384445">
<ele>0</ele>
<time>2026-05-19T06:21:22.000Z</time><extensions>
<ns3:TrackPointExtension>
<ns3:hr>163</ns3:hr>
</ns3:TrackPointExtension>
</extensions>
</trkpt>
<trkpt lat="35.1789087127" lon="129.2025598014">
<ele>0</ele>
<time>2026-05-19T06:21:25.000Z</time><extensions>
<ns3:TrackPointExtension>
<ns3:hr>160</ns3:hr>
</ns3:TrackPointExtension>
</extensions>
</trkpt>
<trkpt lat="35.1788963162" lon="129.2025839664">
<ele>0</ele>
<time>2026-05-19T06:21:28.000Z</time><extensions>
<ns3:TrackPointExtension>
<ns3:hr>160</ns3:hr>
</ns3:TrackPointExtension>
</extensions>
</trkpt>
<trkpt lat="35.1788804053" lon="129.20261286">
<ele>0</ele>
<time>2026-05-19T06:21:31.000Z</time><extensions>
<ns3:TrackPointExtension>
<ns3:hr>159</ns3:hr>
</ns3:TrackPointExtension>
</extensions>
</trkpt>
<trkpt lat="35.1788679537" lon="129.2026364778">
<ele>0</ele>
<time>2026-05-19T06:21:34.000Z</time><extensions>
<ns3:TrackPointExtension>
<ns3:hr>159</ns3:hr>
</ns3:TrackPointExtension>
</extensions>
</trkpt>
<trkpt lat="35.1788544856" lon="129.2026555696">
<ele>0</ele>
<time>2026-05-19T06:21:36.000Z</time><extensions>
<ns3:TrackPointExtension>
<ns3:hr>152</ns3:hr>
</ns3:TrackPointExtension>
</extensions>
</trkpt>
<trkpt lat="35.1788445975" lon="129.2026767197">
<ele>0</ele>
<time>2026-05-19T06:21:38.000Z</time><extensions>
<ns3:TrackPointExtension>
<ns3:hr>152</ns3:hr>
</ns3:TrackPointExtension>
</extensions>
</trkpt>
<trkpt lat="35.1788313667" lon="129.2027050476">
<ele>0</ele>
<time>2026-05-19T06:21:41.000Z</time><extensions>
<ns3:TrackPointExtension>
<ns3:hr>152</ns3:hr>
</ns3:TrackPointExtension>
</extensions>
</trkpt>
<trkpt lat="35.1788181412" lon="129.2027262051">
<ele>0</ele>
<time>2026-05-19T06:21:43.000Z</time><extensions>
<ns3:TrackPointExtension>
<ns3:hr>152</ns3:hr>
</ns3:TrackPointExtension>
</extensions>
</trkpt>
<trkpt lat="35.178806599" lon="129.2027525591">
<ele>0</ele>
<time>2026-05-19T06:21:45.000Z</time><extensions>
<ns3:TrackPointExtension>
<ns3:hr>149</ns3:hr>
</ns3:TrackPointExtension>
</extensions>
</trkpt>
<trkpt lat="35.1787972187" lon="129.2027750779">
<ele>0</ele>
<time>2026-05-19T06:21:47.000Z</time><extensions>
<ns3:TrackPointExtension>
<ns3:hr>149</ns3:hr>
</ns3:TrackPointExtension>
</extensions>
</trkpt>
<trkpt lat="35.1787876475" lon="129.2027941482">
<ele>0</ele>
<time>2026-05-19T06:21:49.000Z</time><extensions>
<ns3:TrackPointExtension>
<ns3:hr>149</ns3:hr>
</ns3:TrackPointExtension>
</extensions>
</trkpt>
<trkpt lat="35.1787757827" lon="129.202819251">
<ele>0</ele>
<time>2026-05-19T06:21:52.000Z</time><extensions>
<ns3:TrackPointExtension>
<ns3:hr>149</ns3:hr>
</ns3:TrackPointExtension>
</extensions>
</trkpt>
<trkpt lat="35.178763867" lon="129.2028378311">
<ele>0</ele>
<time>2026-05-19T06:21:54.000Z</time><extensions>
<ns3:TrackPointExtension>
<ns3:hr>146</ns3:hr>
</ns3:TrackPointExtension>
</extensions>
</trkpt>
<trkpt lat="35.1787522384" lon="129.2028704164">
<ele>0</ele>
<time>2026-05-19T06:21:57.000Z</time><extensions>
<ns3:TrackPointExtension>
<ns3:hr>146</ns3:hr>
</ns3:TrackPointExtension>
</extensions>
</trkpt>
<trkpt lat="35.1787412238" lon="129.2028895746">
<ele>0</ele>
<time>2026-05-19T06:21:59.000Z</time><extensions>
<ns3:TrackPointExtension>
<ns3:hr>143</ns3:hr>
</ns3:TrackPointExtension>
</extensions>
</trkpt>
<trkpt lat="35.1787291917" lon="129.2029170076">
<ele>0</ele>
<time>2026-05-19T06:22:02.000Z</time><extensions>
<ns3:TrackPointExtension>
<ns3:hr>143</ns3:hr>
</ns3:TrackPointExtension>
</extensions>
</trkpt>
<trkpt lat="35.1787224615" lon="129.2029452565">
<ele>0</ele>
<time>2026-05-19T06:22:05.000Z</time><extensions>
<ns3:TrackPointExtension>
<ns3:hr>143</ns3:hr>
</ns3:TrackPointExtension>
</extensions>
</trkpt>
<trkpt lat="35.178710405" lon="129.2029721204">
<ele>0</ele>
<time>2026-05-19T06:22:08.000Z</time><extensions>
<ns3:TrackPointExtension>
<ns3:hr>143</ns3:hr>
</ns3:TrackPointExtension>
</extensions>
</trkpt>
<trkpt lat="35.1786998424" lon="129.2030022707">
<ele>0</ele>
<time>2026-05-19T06:22:11.000Z</time><extensions>
<ns3:TrackPointExtension>
<ns3:hr>144</ns3:hr>
</ns3:TrackPointExtension>
</extensions>
</trkpt>
<trkpt lat="35.1786967177" lon="129.2030130783">
<ele>0</ele>
<time>2026-05-19T06:22:12.000Z</time><extensions>
<ns3:TrackPointExtension>
<ns3:hr>144</ns3:hr>
</ns3:TrackPointExtension>
</extensions>
</trkpt>
<trkpt lat="35.1786902097" lon="129.2030364749">
<ele>0</ele>
<time>2026-05-19T06:22:14.000Z</time><extensions>
<ns3:TrackPointExtension>
<ns3:hr>145</ns3:hr>
</ns3:TrackPointExtension>
</extensions>
</trkpt>
<trkpt lat="35.178676602" lon="129.2030601365">
<ele>0</ele>
<time>2026-05-19T06:22:16.000Z</time><extensions>
<ns3:TrackPointExtension>
<ns3:hr>145</ns3:hr>
</ns3:TrackPointExtension>
</extensions>
</trkpt>
<trkpt lat="35.1786648102" lon="129.2030804125">
<ele>0</ele>
<time>2026-05-19T06:22:18.000Z</time><extensions>
<ns3:TrackPointExtension>
<ns3:hr>145</ns3:hr>
</ns3:TrackPointExtension>
</extensions>
</trkpt>
<trkpt lat="35.1786534365" lon="129.2031161045">
<ele>0</ele>
<time>2026-05-19T06:22:21.000Z</time><extensions>
<ns3:TrackPointExtension>
<ns3:hr>145</ns3:hr>
</ns3:TrackPointExtension>
</extensions>
</trkpt>
<trkpt lat="35.1786454028" lon="129.2031377126">
<ele>0</ele>
<time>2026-05-19T06:22:23.000Z</time><extensions>
<ns3:TrackPointExtension>
<ns3:hr>145</ns3:hr>
</ns3:TrackPointExtension>
</extensions>
</trkpt>
<trkpt lat="35.1786362982" lon="129.2031676219">
<ele>0</ele>
<time>2026-05-19T06:22:25.000Z</time><extensions>
<ns3:TrackPointExtension>
<ns3:hr>145</ns3:hr>
</ns3:TrackPointExtension>
</extensions>
</trkpt>
<trkpt lat="35.1786323796" lon="129.203198252">
<ele>0</ele>
<time>2026-05-19T06:22:27.000Z</time><extensions>
<ns3:TrackPointExtension>
<ns3:hr>145</ns3:hr>
</ns3:TrackPointExtension>
</extensions>
</trkpt>
<trkpt lat="35.1786243747" lon="129.203228569">
<ele>0</ele>
<time>2026-05-19T06:22:29.000Z</time><extensions>
<ns3:TrackPointExtension>
<ns3:hr>146</ns3:hr>
</ns3:TrackPointExtension>
</extensions>
</trkpt>
<trkpt lat="35.1786108615" lon="129.203251186">
<ele>0</ele>
<time>2026-05-19T06:22:31.000Z</time><extensions>
<ns3:TrackPointExtension>
<ns3:hr>146</ns3:hr>
</ns3:TrackPointExtension>
</extensions>
</trkpt>
<trkpt lat="35.1785987338" lon="129.2032684331">
<ele>0</ele>
<time>2026-05-19T06:22:33.000Z</time><extensions>
<ns3:TrackPointExtension>
<ns3:hr>146</ns3:hr>
</ns3:TrackPointExtension>
</extensions>
</trkpt>
<trkpt lat="35.1785856193" lon="129.2032905183">
<ele>0</ele>
<time>2026-05-19T06:22:36.000Z</time><extensions>
<ns3:TrackPointExtension>
<ns3:hr>148</ns3:hr>
</ns3:TrackPointExtension>
</extensions>
</trkpt>
<trkpt lat="35.1785724104" lon="129.2033085567">
<ele>0</ele>
<time>2026-05-19T06:22:39.000Z</time><extensions>
<ns3:TrackPointExtension>
<ns3:hr>148</ns3:hr>
</ns3:TrackPointExtension>
</extensions>
</trkpt>
<trkpt lat="35.1785570542" lon="129.2033302713">
<ele>0</ele>
<time>2026-05-19T06:22:42.000Z</time><extensions>
<ns3:TrackPointExtension>
<ns3:hr>154</ns3:hr>
</ns3:TrackPointExtension>
</extensions>
</trkpt>
<trkpt lat="35.1785435889" lon="129.2033506048">
<ele>0</ele>
<time>2026-05-19T06:22:45.000Z</time><extensions>
<ns3:TrackPointExtension>
<ns3:hr>155</ns3:hr>
</ns3:TrackPointExtension>
</extensions>
</trkpt>
<trkpt lat="35.1785323329" lon="129.2033705842">
<ele>0</ele>
<time>2026-05-19T06:22:49.000Z</time><extensions>
<ns3:TrackPointExtension>
<ns3:hr>155</ns3:hr>
</ns3:TrackPointExtension>
</extensions>
</trkpt>
<trkpt lat="35.1785176471" lon="129.2033890653">
<ele>0</ele>
<time>2026-05-19T06:22:52.000Z</time><extensions>
<ns3:TrackPointExtension>
<ns3:hr>155</ns3:hr>
</ns3:TrackPointExtension>
</extensions>
</trkpt>
<trkpt lat="35.1785077328" lon="129.2034108761">
<ele>0</ele>
<time>2026-05-19T06:22:55.000Z</time><extensions>
<ns3:TrackPointExtension>
<ns3:hr>155</ns3:hr>
</ns3:TrackPointExtension>
</extensions>
</trkpt>
<trkpt lat="35.1785001304" lon="129.2034343574">
<ele>0</ele>
<time>2026-05-19T06:22:57.000Z</time><extensions>
<ns3:TrackPointExtension>
<ns3:hr>155</ns3:hr>
</ns3:TrackPointExtension>
</extensions>
</trkpt>
<trkpt lat="35.1784907977" lon="129.2034551125">
<ele>0</ele>
<time>2026-05-19T06:22:59.000Z</time><extensions>
<ns3:TrackPointExtension>
<ns3:hr>155</ns3:hr>
</ns3:TrackPointExtension>
</extensions>
</trkpt>
<trkpt lat="35.1784745303" lon="129.2034773277">
<ele>0</ele>
<time>2026-05-19T06:23:02.000Z</time><extensions>
<ns3:TrackPointExtension>
<ns3:hr>155</ns3:hr>
</ns3:TrackPointExtension>
</extensions>
</trkpt>
<trkpt lat="35.1784591751" lon="129.2034956379">
<ele>0</ele>
<time>2026-05-19T06:23:05.000Z</time><extensions>
<ns3:TrackPointExtension>
<ns3:hr>150</ns3:hr>
</ns3:TrackPointExtension>
</extensions>
</trkpt>
<trkpt lat="35.1784450655" lon="129.2035181894">
<ele>0</ele>
<time>2026-05-19T06:23:08.000Z</time><extensions>
<ns3:TrackPointExtension>
<ns3:hr>150</ns3:hr>
</ns3:TrackPointExtension>
</extensions>
</trkpt>
<trkpt lat="35.1784318278" lon="129.20353799">
<ele>0</ele>
<time>2026-05-19T06:23:11.000Z</time><extensions>
<ns3:TrackPointExtension>
<ns3:hr>148</ns3:hr>
</ns3:TrackPointExtension>
</extensions>
</trkpt>
<trkpt lat="35.1784167042" lon="129.2035606053">
<ele>0</ele>
<time>2026-05-19T06:23:14.000Z</time><extensions>
<ns3:TrackPointExtension>
<ns3:hr>148</ns3:hr>
</ns3:TrackPointExtension>
</extensions>
</trkpt>
<trkpt lat="35.1784025667" lon="129.2035794617">
<ele>0</ele>
<time>2026-05-19T06:23:17.000Z</time><extensions>
<ns3:TrackPointExtension>
<ns3:hr>148</ns3:hr>
</ns3:TrackPointExtension>
</extensions>
</trkpt>
<trkpt lat="35.1783858707" lon="129.2036005651">
<ele>0</ele>
<time>2026-05-19T06:23:20.000Z</time><extensions>
<ns3:TrackPointExtension>
<ns3:hr>148</ns3:hr>
</ns3:TrackPointExtension>
</extensions>
</trkpt>
<trkpt lat="35.1783748449" lon="129.203620787">
<ele>0</ele>
<time>2026-05-19T06:23:24.000Z</time><extensions>
<ns3:TrackPointExtension>
<ns3:hr>148</ns3:hr>
</ns3:TrackPointExtension>
</extensions>
</trkpt>
<trkpt lat="35.1783630661" lon="129.2036456633">
<ele>0</ele>
<time>2026-05-19T06:23:27.000Z</time><extensions>
<ns3:TrackPointExtension>
<ns3:hr>148</ns3:hr>
</ns3:TrackPointExtension>
</extensions>
</trkpt>
<trkpt lat="35.1783552573" lon="129.2036702344">
<ele>0</ele>
<time>2026-05-19T06:23:30.000Z</time><extensions>
<ns3:TrackPointExtension>
<ns3:hr>148</ns3:hr>
</ns3:TrackPointExtension>
</extensions>
</trkpt>
<trkpt lat="35.1783381192" lon="129.2036894333">
<ele>0</ele>
<time>2026-05-19T06:23:33.000Z</time><extensions>
<ns3:TrackPointExtension>
<ns3:hr>148</ns3:hr>
</ns3:TrackPointExtension>
</extensions>
</trkpt>
<trkpt lat="35.1783257666" lon="129.2037090745">
<ele>0</ele>
<time>2026-05-19T06:23:36.000Z</time><extensions>
<ns3:TrackPointExtension>
<ns3:hr>148</ns3:hr>
</ns3:TrackPointExtension>
</extensions>
</trkpt>
<trkpt lat="35.1783101699" lon="129.2037242386">
<ele>0</ele>
<time>2026-05-19T06:23:39.000Z</time><extensions>
<ns3:TrackPointExtension>
<ns3:hr>136</ns3:hr>
</ns3:TrackPointExtension>
</extensions>
</trkpt>
<trkpt lat="35.1783033172" lon="129.2037446977">
<ele>0</ele>
<time>2026-05-19T06:23:41.000Z</time><extensions>
<ns3:TrackPointExtension>
<ns3:hr>136</ns3:hr>
</ns3:TrackPointExtension>
</extensions>
</trkpt>
<trkpt lat="35.1782909203" lon="129.2037697951">
<ele>0</ele>
<time>2026-05-19T06:23:45.000Z</time><extensions>
<ns3:TrackPointExtension>
<ns3:hr>136</ns3:hr>
</ns3:TrackPointExtension>
</extensions>
</trkpt>
<trkpt lat="35.178279105" lon="129.2037892309">
<ele>0</ele>
<time>2026-05-19T06:23:48.000Z</time><extensions>
<ns3:TrackPointExtension>
<ns3:hr>136</ns3:hr>
</ns3:TrackPointExtension>
</extensions>
</trkpt>
<trkpt lat="35.1782701515" lon="129.2038109178">
<ele>0</ele>
<time>2026-05-19T06:23:52.000Z</time><extensions>
<ns3:TrackPointExtension>
<ns3:hr>136</ns3:hr>
</ns3:TrackPointExtension>
</extensions>
</trkpt>
<trkpt lat="35.1782548316" lon="129.203832252">
<ele>0</ele>
<time>2026-05-19T06:23:56.000Z</time><extensions>
<ns3:TrackPointExtension>
<ns3:hr>136</ns3:hr>
</ns3:TrackPointExtension>
</extensions>
</trkpt>
<trkpt lat="35.1782395512" lon="129.203854088">
<ele>0</ele>
<time>2026-05-19T06:23:59.000Z</time><extensions>
<ns3:TrackPointExtension>
<ns3:hr>136</ns3:hr>
</ns3:TrackPointExtension>
</extensions>
</trkpt>
<trkpt lat="35.1782273598" lon="129.2038761732">
<ele>0</ele>
<time>2026-05-19T06:24:02.000Z</time><extensions>
<ns3:TrackPointExtension>
<ns3:hr>136</ns3:hr>
</ns3:TrackPointExtension>
</extensions>
</trkpt>
<trkpt lat="35.1782128799" lon="129.2038972728">
<ele>0</ele>
<time>2026-05-19T06:24:05.000Z</time><extensions>
<ns3:TrackPointExtension>
<ns3:hr>136</ns3:hr>
</ns3:TrackPointExtension>
</extensions>
</trkpt>
<trkpt lat="35.1782009151" lon="129.2039173637">
<ele>0</ele>
<time>2026-05-19T06:24:08.000Z</time><extensions>
<ns3:TrackPointExtension>
<ns3:hr>136</ns3:hr>
</ns3:TrackPointExtension>
</extensions>
</trkpt>
<trkpt lat="35.1781890581" lon="129.2039413164">
<ele>0</ele>
<time>2026-05-19T06:24:11.000Z</time><extensions>
<ns3:TrackPointExtension>
<ns3:hr>136</ns3:hr>
</ns3:TrackPointExtension>
</extensions>
</trkpt>
<trkpt lat="35.1781761019" lon="129.2039642989">
<ele>0</ele>
<time>2026-05-19T06:24:14.000Z</time><extensions>
<ns3:TrackPointExtension>
<ns3:hr>136</ns3:hr>
</ns3:TrackPointExtension>
</extensions>
</trkpt>
<trkpt lat="35.1781668633" lon="129.203984405">
<ele>0</ele>
<time>2026-05-19T06:24:17.000Z</time><extensions>
<ns3:TrackPointExtension>
<ns3:hr>136</ns3:hr>
</ns3:TrackPointExtension>
</extensions>
</trkpt>
<trkpt lat="35.1781604506" lon="129.2040069309">
<ele>0</ele>
<time>2026-05-19T06:24:20.000Z</time><extensions>
<ns3:TrackPointExtension>
<ns3:hr>136</ns3:hr>
</ns3:TrackPointExtension>
</extensions>
</trkpt>
<trkpt lat="35.1781493236" lon="129.2040336188">
<ele>0</ele>
<time>2026-05-19T06:24:22.000Z</time><extensions>
<ns3:TrackPointExtension>
<ns3:hr>136</ns3:hr>
</ns3:TrackPointExtension>
</extensions>
</trkpt>
<trkpt lat="35.1781393793" lon="129.2040544438">
<ele>0</ele>
<time>2026-05-19T06:24:24.000Z</time><extensions>
<ns3:TrackPointExtension>
<ns3:hr>122</ns3:hr>
</ns3:TrackPointExtension>
</extensions>
</trkpt>
<trkpt lat="35.1781314836" lon="129.2040751239">
<ele>0</ele>
<time>2026-05-19T06:24:26.000Z</time><extensions>
<ns3:TrackPointExtension>
<ns3:hr>122</ns3:hr>
</ns3:TrackPointExtension>
</extensions>
</trkpt>
<trkpt lat="35.1781257217" lon="129.20410286">
<ele>0</ele>
<time>2026-05-19T06:24:29.000Z</time><extensions>
<ns3:TrackPointExtension>
<ns3:hr>122</ns3:hr>
</ns3:TrackPointExtension>
</extensions>
</trkpt>
<trkpt lat="35.1781190568" lon="129.2041366682">
<ele>0</ele>
<time>2026-05-19T06:24:33.000Z</time><extensions>
<ns3:TrackPointExtension>
<ns3:hr>122</ns3:hr>
</ns3:TrackPointExtension>
</extensions>
</trkpt>
<trkpt lat="35.1781059707" lon="129.2041593941">
<ele>0</ele>
<time>2026-05-19T06:24:36.000Z</time><extensions>
<ns3:TrackPointExtension>
<ns3:hr>121</ns3:hr>
</ns3:TrackPointExtension>
</extensions>
</trkpt>
<trkpt lat="35.1780935941" lon="129.2041832057">
<ele>0</ele>
<time>2026-05-19T06:24:39.000Z</time><extensions>
<ns3:TrackPointExtension>
<ns3:hr>122</ns3:hr>
</ns3:TrackPointExtension>
</extensions>
</trkpt>
<trkpt lat="35.1780866638" lon="129.2042044094">
<ele>0</ele>
<time>2026-05-19T06:24:41.000Z</time><extensions>
<ns3:TrackPointExtension>
<ns3:hr>122</ns3:hr>
</ns3:TrackPointExtension>
</extensions>
</trkpt>
<trkpt lat="35.1780778433" lon="129.2042286444">
<ele>0</ele>
<time>2026-05-19T06:24:43.000Z</time><extensions>
<ns3:TrackPointExtension>
<ns3:hr>122</ns3:hr>
</ns3:TrackPointExtension>
</extensions>
</trkpt>
<trkpt lat="35.1780676836" lon="129.2042585451">
<ele>0</ele>
<time>2026-05-19T06:24:45.000Z</time><extensions>
<ns3:TrackPointExtension>
<ns3:hr>122</ns3:hr>
</ns3:TrackPointExtension>
</extensions>
</trkpt>
<trkpt lat="35.1780595041" lon="129.2042992265">
<ele>0</ele>
<time>2026-05-19T06:24:47.000Z</time><extensions>
<ns3:TrackPointExtension>
<ns3:hr>122</ns3:hr>
</ns3:TrackPointExtension>
</extensions>
</trkpt>
<trkpt lat="35.1780535423" lon="129.2043375077">
<ele>0</ele>
<time>2026-05-19T06:24:49.000Z</time><extensions>
<ns3:TrackPointExtension>
<ns3:hr>122</ns3:hr>
</ns3:TrackPointExtension>
</extensions>
</trkpt>
<trkpt lat="35.1780464205" lon="129.2043586506">
<ele>0</ele>
<time>2026-05-19T06:24:50.000Z</time><extensions>
<ns3:TrackPointExtension>
<ns3:hr>122</ns3:hr>
</ns3:TrackPointExtension>
</extensions>
</trkpt>
<trkpt lat="35.1780321956" lon="129.2043919997">
<ele>0</ele>
<time>2026-05-19T06:24:52.000Z</time><extensions>
<ns3:TrackPointExtension>
<ns3:hr>122</ns3:hr>
</ns3:TrackPointExtension>
</extensions>
</trkpt>
<trkpt lat="35.178018485" lon="129.2044146444">
<ele>0</ele>
<time>2026-05-19T06:24:54.000Z</time><extensions>
<ns3:TrackPointExtension>
<ns3:hr>122</ns3:hr>
</ns3:TrackPointExtension>
</extensions>
</trkpt>
<trkpt lat="35.1780062134" lon="129.2044321056">
<ele>0</ele>
<time>2026-05-19T06:24:56.000Z</time><extensions>
<ns3:TrackPointExtension>
<ns3:hr>122</ns3:hr>
</ns3:TrackPointExtension>
</extensions>
</trkpt>
<trkpt lat="35.1779887661" lon="129.2044461877">
<ele>0</ele>
<time>2026-05-19T06:24:58.000Z</time><extensions>
<ns3:TrackPointExtension>
<ns3:hr>122</ns3:hr>
</ns3:TrackPointExtension>
</extensions>
</trkpt>
<trkpt lat="35.1779703788" lon="129.204463082">
<ele>0</ele>
<time>2026-05-19T06:25:01.000Z</time><extensions>
<ns3:TrackPointExtension>
<ns3:hr>143</ns3:hr>
</ns3:TrackPointExtension>
</extensions>
</trkpt>
<trkpt lat="35.1779533093" lon="129.2044858637">
<ele>0</ele>
<time>2026-05-19T06:25:04.000Z</time><extensions>
<ns3:TrackPointExtension>
<ns3:hr>143</ns3:hr>
</ns3:TrackPointExtension>
</extensions>
</trkpt>
<trkpt lat="35.1779410609" lon="129.2045031974">
<ele>0</ele>
<time>2026-05-19T06:25:06.000Z</time><extensions>
<ns3:TrackPointExtension>
<ns3:hr>141</ns3:hr>
</ns3:TrackPointExtension>
</extensions>
</trkpt>
<trkpt lat="35.1779252071" lon="129.2045256249">
<ele>0</ele>
<time>2026-05-19T06:25:09.000Z</time><extensions>
<ns3:TrackPointExtension>
<ns3:hr>138</ns3:hr>
</ns3:TrackPointExtension>
</extensions>
</trkpt>
<trkpt lat="35.1779106721" lon="129.2045405622">
<ele>0</ele>
<time>2026-05-19T06:25:12.000Z</time><extensions>
<ns3:TrackPointExtension>
<ns3:hr>138</ns3:hr>
</ns3:TrackPointExtension>
</extensions>
</trkpt>
<trkpt lat="35.1778943174" lon="129.2045576193">
<ele>0</ele>
<time>2026-05-19T06:25:15.000Z</time><extensions>
<ns3:TrackPointExtension>
<ns3:hr>135</ns3:hr>
</ns3:TrackPointExtension>
</extensions>
</trkpt>
<trkpt lat="35.1778841927" lon="129.2045762401">
<ele>0</ele>
<time>2026-05-19T06:25:18.000Z</time><extensions>
<ns3:TrackPointExtension>
<ns3:hr>135</ns3:hr>
</ns3:TrackPointExtension>
</extensions>
</trkpt>
<trkpt lat="35.1778716059" lon="129.2045983506">
<ele>0</ele>
<time>2026-05-19T06:25:22.000Z</time><extensions>
<ns3:TrackPointExtension>
<ns3:hr>134</ns3:hr>
</ns3:TrackPointExtension>
</extensions>
</trkpt>
<trkpt lat="35.1778686809" lon="129.2046228479">
<ele>0</ele>
<time>2026-05-19T06:25:25.000Z</time><extensions>
<ns3:TrackPointExtension>
<ns3:hr>132</ns3:hr>
</ns3:TrackPointExtension>
</extensions>
</trkpt>
<trkpt lat="35.1778585314" lon="129.2046459672">
<ele>0</ele>
<time>2026-05-19T06:25:29.000Z</time><extensions>
<ns3:TrackPointExtension>
<ns3:hr>132</ns3:hr>
</ns3:TrackPointExtension>
</extensions>
</trkpt>
<trkpt lat="35.1778479512" lon="129.2046647293">
<ele>0</ele>
<time>2026-05-19T06:25:31.000Z</time><extensions>
<ns3:TrackPointExtension>
<ns3:hr>132</ns3:hr>
</ns3:TrackPointExtension>
</extensions>
</trkpt>
<trkpt lat="35.1778361542" lon="129.2046858542">
<ele>0</ele>
<time>2026-05-19T06:25:34.000Z</time><extensions>
<ns3:TrackPointExtension>
<ns3:hr>128</ns3:hr>
</ns3:TrackPointExtension>
</extensions>
</trkpt>
<trkpt lat="35.177820642" lon="129.2047106643">
<ele>0</ele>
<time>2026-05-19T06:25:37.000Z</time><extensions>
<ns3:TrackPointExtension>
<ns3:hr>128</ns3:hr>
</ns3:TrackPointExtension>
</extensions>
</trkpt>
<trkpt lat="35.1778079195" lon="129.2047280146">
<ele>0</ele>
<time>2026-05-19T06:25:39.000Z</time><extensions>
<ns3:TrackPointExtension>
<ns3:hr>128</ns3:hr>
</ns3:TrackPointExtension>
</extensions>
</trkpt>
<trkpt lat="35.1777898434" lon="129.2047492939">
<ele>0</ele>
<time>2026-05-19T06:25:42.000Z</time><extensions>
<ns3:TrackPointExtension>
<ns3:hr>129</ns3:hr>
</ns3:TrackPointExtension>
</extensions>
</trkpt>
<trkpt lat="35.1777748555" lon="129.204770383">
<ele>0</ele>
<time>2026-05-19T06:25:45.000Z</time><extensions>
<ns3:TrackPointExtension>
<ns3:hr>127</ns3:hr>
</ns3:TrackPointExtension>
</extensions>
</trkpt>
<trkpt lat="35.1777598212" lon="129.2047969361">
<ele>0</ele>
<time>2026-05-19T06:25:48.000Z</time><extensions>
<ns3:TrackPointExtension>
<ns3:hr>127</ns3:hr>
</ns3:TrackPointExtension>
</extensions>
</trkpt>
<trkpt lat="35.1777530571" lon="129.2048178503">
<ele>0</ele>
<time>2026-05-19T06:25:51.000Z</time><extensions>
<ns3:TrackPointExtension>
<ns3:hr>130</ns3:hr>
</ns3:TrackPointExtension>
</extensions>
</trkpt>
<trkpt lat="35.1777435953" lon="129.2048469333">
<ele>0</ele>
<time>2026-05-19T06:25:55.000Z</time><extensions>
<ns3:TrackPointExtension>
<ns3:hr>127</ns3:hr>
</ns3:TrackPointExtension>
</extensions>
</trkpt>
<trkpt lat="35.1777312249" lon="129.2048710352">
<ele>0</ele>
<time>2026-05-19T06:25:58.000Z</time><extensions>
<ns3:TrackPointExtension>
<ns3:hr>127</ns3:hr>
</ns3:TrackPointExtension>
</extensions>
</trkpt>
<trkpt lat="35.1777232988" lon="129.2048960581">
<ele>0</ele>
<time>2026-05-19T06:26:01.000Z</time><extensions>
<ns3:TrackPointExtension>
<ns3:hr>124</ns3:hr>
</ns3:TrackPointExtension>
</extensions>
</trkpt>
<trkpt lat="35.1777174601" lon="129.2049181244">
<ele>0</ele>
<time>2026-05-19T06:26:04.000Z</time><extensions>
<ns3:TrackPointExtension>
<ns3:hr>125</ns3:hr>
</ns3:TrackPointExtension>
</extensions>
</trkpt>
<trkpt lat="35.1777077387" lon="129.2049381389">
<ele>0</ele>
<time>2026-05-19T06:26:07.000Z</time><extensions>
<ns3:TrackPointExtension>
<ns3:hr>125</ns3:hr>
</ns3:TrackPointExtension>
</extensions>
</trkpt>
<trkpt lat="35.1777005221" lon="129.2049651101">
<ele>0</ele>
<time>2026-05-19T06:26:11.000Z</time><extensions>
<ns3:TrackPointExtension>
<ns3:hr>124</ns3:hr>
</ns3:TrackPointExtension>
</extensions>
</trkpt>
<trkpt lat="35.1776908692" lon="129.204987832">
<ele>0</ele>
<time>2026-05-19T06:26:14.000Z</time><extensions>
<ns3:TrackPointExtension>
<ns3:hr>124</ns3:hr>
</ns3:TrackPointExtension>
</extensions>
</trkpt>
<trkpt lat="35.1776848482" lon="129.2050113525">
<ele>0</ele>
<time>2026-05-19T06:26:17.000Z</time><extensions>
<ns3:TrackPointExtension>
<ns3:hr>123</ns3:hr>
</ns3:TrackPointExtension>
</extensions>
</trkpt>
<trkpt lat="35.1776769289" lon="129.2050346429">
<ele>0</ele>
<time>2026-05-19T06:26:20.000Z</time><extensions>
<ns3:TrackPointExtension>
<ns3:hr>123</ns3:hr>
</ns3:TrackPointExtension>
</extensions>
</trkpt>
<trkpt lat="35.1776659106" lon="129.2050566019">
<ele>0</ele>
<time>2026-05-19T06:26:23.000Z</time><extensions>
<ns3:TrackPointExtension>
<ns3:hr>123</ns3:hr>
</ns3:TrackPointExtension>
</extensions>
</trkpt>
<trkpt lat="35.1776546904" lon="129.2050826905">
<ele>0</ele>
<time>2026-05-19T06:26:26.000Z</time><extensions>
<ns3:TrackPointExtension>
<ns3:hr>122</ns3:hr>
</ns3:TrackPointExtension>
</extensions>
</trkpt>
<trkpt lat="35.1776471177" lon="129.2051036129">
<ele>0</ele>
<time>2026-05-19T06:26:29.000Z</time><extensions>
<ns3:TrackPointExtension>
<ns3:hr>122</ns3:hr>
</ns3:TrackPointExtension>
</extensions>
</trkpt>
<trkpt lat="35.177636659" lon="129.2051291033">
<ele>0</ele>
<time>2026-05-19T06:26:32.000Z</time><extensions>
<ns3:TrackPointExtension>
<ns3:hr>122</ns3:hr>
</ns3:TrackPointExtension>
</extensions>
</trkpt>
<trkpt lat="35.1776283978" lon="129.2051549321">
<ele>0</ele>
<time>2026-05-19T06:26:35.000Z</time><extensions>
<ns3:TrackPointExtension>
<ns3:hr>122</ns3:hr>
</ns3:TrackPointExtension>
</extensions>
</trkpt>
<trkpt lat="35.1776242091" lon="129.2051803749">
<ele>0</ele>
<time>2026-05-19T06:26:38.000Z</time><extensions>
<ns3:TrackPointExtension>
<ns3:hr>122</ns3:hr>
</ns3:TrackPointExtension>
</extensions>
</trkpt>
<trkpt lat="35.1776168469" lon="129.2052080153">
<ele>0</ele>
<time>2026-05-19T06:26:41.000Z</time><extensions>
<ns3:TrackPointExtension>
<ns3:hr>122</ns3:hr>
</ns3:TrackPointExtension>
</extensions>
</trkpt>
<trkpt lat="35.1776070103" lon="129.2052297">
<ele>0</ele>
<time>2026-05-19T06:26:43.000Z</time><extensions>
<ns3:TrackPointExtension>
<ns3:hr>122</ns3:hr>
</ns3:TrackPointExtension>
</extensions>
</trkpt>
<trkpt lat="35.1775925827" lon="129.2052584869">
<ele>0</ele>
<time>2026-05-19T06:26:46.000Z</time><extensions>
<ns3:TrackPointExtension>
<ns3:hr>121</ns3:hr>
</ns3:TrackPointExtension>
</extensions>
</trkpt>
<trkpt lat="35.1775847939" lon="129.2052815235">
<ele>0</ele>
<time>2026-05-19T06:26:49.000Z</time><extensions>
<ns3:TrackPointExtension>
<ns3:hr>121</ns3:hr>
</ns3:TrackPointExtension>
</extensions>
</trkpt>
<trkpt lat="35.1775720642" lon="129.2053104391">
<ele>0</ele>
<time>2026-05-19T06:26:51.000Z</time><extensions>
<ns3:TrackPointExtension>
<ns3:hr>121</ns3:hr>
</ns3:TrackPointExtension>
</extensions>
</trkpt>
<trkpt lat="35.1775670659" lon="129.2053395943">
<ele>0</ele>
<time>2026-05-19T06:26:53.000Z</time><extensions>
<ns3:TrackPointExtension>
<ns3:hr>121</ns3:hr>
</ns3:TrackPointExtension>
</extensions>
</trkpt>
<trkpt lat="35.1775595338" lon="129.2053742377">
<ele>0</ele>
<time>2026-05-19T06:26:55.000Z</time><extensions>
<ns3:TrackPointExtension>
<ns3:hr>122</ns3:hr>
</ns3:TrackPointExtension>
</extensions>
</trkpt>
<trkpt lat="35.1775502391" lon="129.205409388">
<ele>0</ele>
<time>2026-05-19T06:26:57.000Z</time><extensions>
<ns3:TrackPointExtension>
<ns3:hr>122</ns3:hr>
</ns3:TrackPointExtension>
</extensions>
</trkpt>
<trkpt lat="35.177545804" lon="129.2054426345">
<ele>0</ele>
<time>2026-05-19T06:26:59.000Z</time><extensions>
<ns3:TrackPointExtension>
<ns3:hr>122</ns3:hr>
</ns3:TrackPointExtension>
</extensions>
</trkpt>
<trkpt lat="35.1775287544" lon="129.2054647515">
<ele>0</ele>
<time>2026-05-19T06:27:01.000Z</time><extensions>
<ns3:TrackPointExtension>
<ns3:hr>122</ns3:hr>
</ns3:TrackPointExtension>
</extensions>
</trkpt>
<trkpt lat="35.1775144665" lon="129.2054797956">
<ele>0</ele>
<time>2026-05-19T06:27:03.000Z</time><extensions>
<ns3:TrackPointExtension>
<ns3:hr>122</ns3:hr>
</ns3:TrackPointExtension>
</extensions>
</trkpt>
<trkpt lat="35.1775005016" lon="129.2054978616">
<ele>0</ele>
<time>2026-05-19T06:27:05.000Z</time><extensions>
<ns3:TrackPointExtension>
<ns3:hr>130</ns3:hr>
</ns3:TrackPointExtension>
</extensions>
</trkpt>
<trkpt lat="35.1774889571" lon="129.20551694">
<ele>0</ele>
<time>2026-05-19T06:27:07.000Z</time><extensions>
<ns3:TrackPointExtension>
<ns3:hr>130</ns3:hr>
</ns3:TrackPointExtension>
</extensions>
</trkpt>
<trkpt lat="35.1774731212" lon="129.2055382902">
<ele>0</ele>
<time>2026-05-19T06:27:09.000Z</time><extensions>
<ns3:TrackPointExtension>
<ns3:hr>142</ns3:hr>
</ns3:TrackPointExtension>
</extensions>
</trkpt>
<trkpt lat="35.1774616368" lon="129.2055605482">
<ele>0</ele>
<time>2026-05-19T06:27:11.000Z</time><extensions>
<ns3:TrackPointExtension>
<ns3:hr>142</ns3:hr>
</ns3:TrackPointExtension>
</extensions>
</trkpt>
<trkpt lat="35.1774480889" lon="129.2055755415">
<ele>0</ele>
<time>2026-05-19T06:27:13.000Z</time><extensions>
<ns3:TrackPointExtension>
<ns3:hr>142</ns3:hr>
</ns3:TrackPointExtension>
</extensions>
</trkpt>
<trkpt lat="35.177436295" lon="129.2055954894">
<ele>0</ele>
<time>2026-05-19T06:27:15.000Z</time><extensions>
<ns3:TrackPointExtension>
<ns3:hr>146</ns3:hr>
</ns3:TrackPointExtension>
</extensions>
</trkpt>
<trkpt lat="35.1774243227" lon="129.2056126974">
<ele>0</ele>
<time>2026-05-19T06:27:17.000Z</time><extensions>
<ns3:TrackPointExtension>
<ns3:hr>146</ns3:hr>
</ns3:TrackPointExtension>
</extensions>
</trkpt>
<trkpt lat="35.1774090234" lon="129.2056399661">
<ele>0</ele>
<time>2026-05-19T06:27:20.000Z</time><extensions>
<ns3:TrackPointExtension>
<ns3:hr>149</ns3:hr>
</ns3:TrackPointExtension>
</extensions>
</trkpt>
<trkpt lat="35.1773919226" lon="129.2056610792">
<ele>0</ele>
<time>2026-05-19T06:27:23.000Z</time><extensions>
<ns3:TrackPointExtension>
<ns3:hr>149</ns3:hr>
</ns3:TrackPointExtension>
</extensions>
</trkpt>
<trkpt lat="35.1773701579" lon="129.2056798173">
<ele>0</ele>
<time>2026-05-19T06:27:26.000Z</time><extensions>
<ns3:TrackPointExtension>
<ns3:hr>151</ns3:hr>
</ns3:TrackPointExtension>
</extensions>
</trkpt>
<trkpt lat="35.1773498749" lon="129.2056966913">
<ele>0</ele>
<time>2026-05-19T06:27:29.000Z</time><extensions>
<ns3:TrackPointExtension>
<ns3:hr>153</ns3:hr>
</ns3:TrackPointExtension>
</extensions>
</trkpt>
<trkpt lat="35.1773324917" lon="129.2057115355">
<ele>0</ele>
<time>2026-05-19T06:27:32.000Z</time><extensions>
<ns3:TrackPointExtension>
<ns3:hr>153</ns3:hr>
</ns3:TrackPointExtension>
</extensions>
</trkpt>
<trkpt lat="35.1773168623" lon="129.2057300519">
<ele>0</ele>
<time>2026-05-19T06:27:35.000Z</time><extensions>
<ns3:TrackPointExtension>
<ns3:hr>153</ns3:hr>
</ns3:TrackPointExtension>
</extensions>
</trkpt>
<trkpt lat="35.1773019667" lon="129.2057545656">
<ele>0</ele>
<time>2026-05-19T06:27:38.000Z</time><extensions>
<ns3:TrackPointExtension>
<ns3:hr>153</ns3:hr>
</ns3:TrackPointExtension>
</extensions>
</trkpt>
<trkpt lat="35.1772903177" lon="129.2057778602">
<ele>0</ele>
<time>2026-05-19T06:27:41.000Z</time><extensions>
<ns3:TrackPointExtension>
<ns3:hr>141</ns3:hr>
</ns3:TrackPointExtension>
</extensions>
</trkpt>
<trkpt lat="35.1772760793" lon="129.2058015264">
<ele>0</ele>
<time>2026-05-19T06:27:44.000Z</time><extensions>
<ns3:TrackPointExtension>
<ns3:hr>139</ns3:hr>
</ns3:TrackPointExtension>
</extensions>
</trkpt>
<trkpt lat="35.1772879065" lon="129.2057830513">
<ele>0</ele>
<time>2026-05-19T06:27:59.000Z</time><extensions>
<ns3:TrackPointExtension>
<ns3:hr>132</ns3:hr>
</ns3:TrackPointExtension>
</extensions>
</trkpt>
<trkpt lat="35.1772914864" lon="129.2057613096">
<ele>0</ele>
<time>2026-05-19T06:28:02.000Z</time><extensions>
<ns3:TrackPointExtension>
<ns3:hr>125</ns3:hr>
</ns3:TrackPointExtension>
</extensions>
</trkpt>
<trkpt lat="35.1773002444" lon="129.2057358843">
<ele>0</ele>
<time>2026-05-19T06:28:06.000Z</time><extensions>
<ns3:TrackPointExtension>
<ns3:hr>123</ns3:hr>
</ns3:TrackPointExtension>
</extensions>
</trkpt>
<trkpt lat="35.1772991086" lon="129.205711731">
<ele>0</ele>
<time>2026-05-19T06:28:10.000Z</time><extensions>
<ns3:TrackPointExtension>
<ns3:hr>121</ns3:hr>
</ns3:TrackPointExtension>
</extensions>
</trkpt>
<trkpt lat="35.1773059198" lon="129.2056849085">
<ele>0</ele>
<time>2026-05-19T06:28:14.000Z</time><extensions>
<ns3:TrackPointExtension>
<ns3:hr>121</ns3:hr>
</ns3:TrackPointExtension>
</extensions>
</trkpt>
<trkpt lat="35.1773062783" lon="129.2056617672">
<ele>0</ele>
<time>2026-05-19T06:28:19.000Z</time><extensions>
<ns3:TrackPointExtension>
<ns3:hr>117</ns3:hr>
</ns3:TrackPointExtension>
</extensions>
</trkpt>
<trkpt lat="35.1773034791" lon="129.2056368862">
<ele>0</ele>
<time>2026-05-19T06:28:24.000Z</time><extensions>
<ns3:TrackPointExtension>
<ns3:hr>114</ns3:hr>
</ns3:TrackPointExtension>
</extensions>
</trkpt>
<trkpt lat="35.1773026924" lon="129.2056140112">
<ele>0</ele>
<time>2026-05-19T06:28:29.000Z</time><extensions>
<ns3:TrackPointExtension>
<ns3:hr>112</ns3:hr>
</ns3:TrackPointExtension>
</extensions>
</trkpt>
<trkpt lat="35.1773016584" lon="129.2055901428">
<ele>0</ele>
<time>2026-05-19T06:28:35.000Z</time><extensions>
<ns3:TrackPointExtension>
<ns3:hr>111</ns3:hr>
</ns3:TrackPointExtension>
</extensions>
</trkpt>
<trkpt lat="35.177300111" lon="129.2055656382">
<ele>0</ele>
<time>2026-05-19T06:28:42.000Z</time><extensions>
<ns3:TrackPointExtension>
<ns3:hr>109</ns3:hr>
</ns3:TrackPointExtension>
</extensions>
</trkpt>
<trkpt lat="35.1773012227" lon="129.2055410048">
<ele>0</ele>
<time>2026-05-19T06:28:47.000Z</time><extensions>
<ns3:TrackPointExtension>
<ns3:hr>108</ns3:hr>
</ns3:TrackPointExtension>
</extensions>
</trkpt>
<trkpt lat="35.1772974347" lon="129.2055184105">
<ele>0</ele>
<time>2026-05-19T06:28:51.000Z</time><extensions>
<ns3:TrackPointExtension>
<ns3:hr>108</ns3:hr>
</ns3:TrackPointExtension>
</extensions>
</trkpt>
<trkpt lat="35.1772991292" lon="129.2054913414">
<ele>0</ele>
<time>2026-05-19T06:28:56.000Z</time><extensions>
<ns3:TrackPointExtension>
<ns3:hr>109</ns3:hr>
</ns3:TrackPointExtension>
</extensions>
</trkpt>
<trkpt lat="35.1773009383" lon="129.2054688273">
<ele>0</ele>
<time>2026-05-19T06:29:00.000Z</time><extensions>
<ns3:TrackPointExtension>
<ns3:hr>110</ns3:hr>
</ns3:TrackPointExtension>
</extensions>
</trkpt>
<trkpt lat="35.1773024249" lon="129.2054459659">
<ele>0</ele>
<time>2026-05-19T06:29:05.000Z</time><extensions>
<ns3:TrackPointExtension>
<ns3:hr>108</ns3:hr>
</ns3:TrackPointExtension>
</extensions>
</trkpt>
<trkpt lat="35.1773062946" lon="129.2054221387">
<ele>0</ele>
<time>2026-05-19T06:29:10.000Z</time><extensions>
<ns3:TrackPointExtension>
<ns3:hr>108</ns3:hr>
</ns3:TrackPointExtension>
</extensions>
</trkpt>
<trkpt lat="35.1773116885" lon="129.2053964206">
<ele>0</ele>
<time>2026-05-19T06:29:15.000Z</time><extensions>
<ns3:TrackPointExtension>
<ns3:hr>109</ns3:hr>
</ns3:TrackPointExtension>
</extensions>
</trkpt>
<trkpt lat="35.1773120872" lon="129.2053689698">
<ele>0</ele>
<time>2026-05-19T06:29:20.000Z</time><extensions>
<ns3:TrackPointExtension>
<ns3:hr>107</ns3:hr>
</ns3:TrackPointExtension>
</extensions>
</trkpt>
<trkpt lat="35.1773153116" lon="129.2053466583">
<ele>0</ele>
<time>2026-05-19T06:29:24.000Z</time><extensions>
<ns3:TrackPointExtension>
<ns3:hr>107</ns3:hr>
</ns3:TrackPointExtension>
</extensions>
</trkpt>
<trkpt lat="35.1773200657" lon="129.2053218759">
<ele>0</ele>
<time>2026-05-19T06:29:31.000Z</time><extensions>
<ns3:TrackPointExtension>
<ns3:hr>105</ns3:hr>
</ns3:TrackPointExtension>
</extensions>
</trkpt>
<trkpt lat="35.1773300881" lon="129.2053033006">
<ele>0</ele>
<time>2026-05-19T06:29:38.000Z</time><extensions>
<ns3:TrackPointExtension>
<ns3:hr>105</ns3:hr>
</ns3:TrackPointExtension>
</extensions>
</trkpt>
<trkpt lat="35.1773411239" lon="129.2052837946">
<ele>0</ele>
<time>2026-05-19T06:29:45.000Z</time><extensions>
<ns3:TrackPointExtension>
<ns3:hr>104</ns3:hr>
</ns3:TrackPointExtension>
</extensions>
</trkpt>
<trkpt lat="35.1773517364" lon="129.2052638273">
<ele>0</ele>
<time>2026-05-19T06:29:52.000Z</time><extensions>
<ns3:TrackPointExtension>
<ns3:hr>104</ns3:hr>
</ns3:TrackPointExtension>
</extensions>
</trkpt>
<trkpt lat="35.1773594045" lon="129.2052421474">
<ele>0</ele>
<time>2026-05-19T06:29:57.000Z</time><extensions>
<ns3:TrackPointExtension>
<ns3:hr>103</ns3:hr>
</ns3:TrackPointExtension>
</extensions>
</trkpt>
<trkpt lat="35.1773621055" lon="129.2052192581">
<ele>0</ele>
<time>2026-05-19T06:30:02.000Z</time><extensions>
<ns3:TrackPointExtension>
<ns3:hr>104</ns3:hr>
</ns3:TrackPointExtension>
</extensions>
</trkpt>
<trkpt lat="35.1773690835" lon="129.2051952405">
<ele>0</ele>
<time>2026-05-19T06:30:09.000Z</time><extensions>
<ns3:TrackPointExtension>
<ns3:hr>106</ns3:hr>
</ns3:TrackPointExtension>
</extensions>
</trkpt>
<trkpt lat="35.1773748375" lon="129.2051683717">
<ele>0</ele>
<time>2026-05-19T06:30:14.000Z</time><extensions>
<ns3:TrackPointExtension>
<ns3:hr>104</ns3:hr>
</ns3:TrackPointExtension>
</extensions>
</trkpt>
<trkpt lat="35.1773798655" lon="129.2051442199">
<ele>0</ele>
<time>2026-05-19T06:30:18.000Z</time><extensions>
<ns3:TrackPointExtension>
<ns3:hr>104</ns3:hr>
</ns3:TrackPointExtension>
</extensions>
</trkpt>
<trkpt lat="35.1773844449" lon="129.2051186291">
<ele>0</ele>
<time>2026-05-19T06:30:22.000Z</time><extensions>
<ns3:TrackPointExtension>
<ns3:hr>106</ns3:hr>
</ns3:TrackPointExtension>
</extensions>
</trkpt>
<trkpt lat="35.1773872023" lon="129.2050930126">
<ele>0</ele>
<time>2026-05-19T06:30:26.000Z</time><extensions>
<ns3:TrackPointExtension>
<ns3:hr>107</ns3:hr>
</ns3:TrackPointExtension>
</extensions>
</trkpt>
<trkpt lat="35.1773901935" lon="129.2050654964">
<ele>0</ele>
<time>2026-05-19T06:30:30.000Z</time><extensions>
<ns3:TrackPointExtension>
<ns3:hr>107</ns3:hr>
</ns3:TrackPointExtension>
</extensions>
</trkpt>
<trkpt lat="35.1773934737" lon="129.2050429464">
<ele>0</ele>
<time>2026-05-19T06:30:36.000Z</time><extensions>
<ns3:TrackPointExtension>
<ns3:hr>107</ns3:hr>
</ns3:TrackPointExtension>
</extensions>
</trkpt>
<trkpt lat="35.1774021388" lon="129.2050196042">
<ele>0</ele>
<time>2026-05-19T06:30:41.000Z</time><extensions>
<ns3:TrackPointExtension>
<ns3:hr>107</ns3:hr>
</ns3:TrackPointExtension>
</extensions>
</trkpt>
<trkpt lat="35.1774051101" lon="129.2049943682">
<ele>0</ele>
<time>2026-05-19T06:30:46.000Z</time><extensions>
<ns3:TrackPointExtension>
<ns3:hr>106</ns3:hr>
</ns3:TrackPointExtension>
</extensions>
</trkpt>
<trkpt lat="35.1774055919" lon="129.2049686402">
<ele>0</ele>
<time>2026-05-19T06:30:52.000Z</time><extensions>
<ns3:TrackPointExtension>
<ns3:hr>104</ns3:hr>
</ns3:TrackPointExtension>
</extensions>
</trkpt>
<trkpt lat="35.1774159972" lon="129.2049460067">
<ele>0</ele>
<time>2026-05-19T06:30:57.000Z</time><extensions>
<ns3:TrackPointExtension>
<ns3:hr>104</ns3:hr>
</ns3:TrackPointExtension>
</extensions>
</trkpt>
<trkpt lat="35.1774174593" lon="129.2049224792">
<ele>0</ele>
<time>2026-05-19T06:31:01.000Z</time><extensions>
<ns3:TrackPointExtension>
<ns3:hr>103</ns3:hr>
</ns3:TrackPointExtension>
</extensions>
</trkpt>
<trkpt lat="35.1774171916" lon="129.2048967874">
<ele>0</ele>
<time>2026-05-19T06:31:05.000Z</time><extensions>
<ns3:TrackPointExtension>
<ns3:hr>103</ns3:hr>
</ns3:TrackPointExtension>
</extensions>
</trkpt>
<trkpt lat="35.1774200574" lon="129.2048721091">
<ele>0</ele>
<time>2026-05-19T06:31:09.000Z</time><extensions>
<ns3:TrackPointExtension>
<ns3:hr>105</ns3:hr>
</ns3:TrackPointExtension>
</extensions>
</trkpt>
<trkpt lat="35.1774187472" lon="129.20484877">
<ele>0</ele>
<time>2026-05-19T06:31:14.000Z</time><extensions>
<ns3:TrackPointExtension>
<ns3:hr>105</ns3:hr>
</ns3:TrackPointExtension>
</extensions>
</trkpt>
<trkpt lat="35.177421575" lon="129.2048258991">
<ele>0</ele>
<time>2026-05-19T06:31:19.000Z</time><extensions>
<ns3:TrackPointExtension>
<ns3:hr>105</ns3:hr>
</ns3:TrackPointExtension>
</extensions>
</trkpt>
<trkpt lat="35.1774204792" lon="129.2047978947">
<ele>0</ele>
<time>2026-05-19T06:31:24.000Z</time><extensions>
<ns3:TrackPointExtension>
<ns3:hr>105</ns3:hr>
</ns3:TrackPointExtension>
</extensions>
</trkpt>
<trkpt lat="35.1774195836" lon="129.2047715936">
<ele>0</ele>
<time>2026-05-19T06:31:29.000Z</time><extensions>
<ns3:TrackPointExtension>
<ns3:hr>105</ns3:hr>
</ns3:TrackPointExtension>
</extensions>
</trkpt>
<trkpt lat="35.1774199719" lon="129.2047468144">
<ele>0</ele>
<time>2026-05-19T06:31:35.000Z</time><extensions>
<ns3:TrackPointExtension>
<ns3:hr>105</ns3:hr>
</ns3:TrackPointExtension>
</extensions>
</trkpt>
<trkpt lat="35.1774199332" lon="129.2047217477">
<ele>0</ele>
<time>2026-05-19T06:31:40.000Z</time><extensions>
<ns3:TrackPointExtension>
<ns3:hr>107</ns3:hr>
</ns3:TrackPointExtension>
</extensions>
</trkpt>
<trkpt lat="35.1774165218" lon="129.2046961151">
<ele>0</ele>
<time>2026-05-19T06:31:45.000Z</time><extensions>
<ns3:TrackPointExtension>
<ns3:hr>108</ns3:hr>
</ns3:TrackPointExtension>
</extensions>
</trkpt>
<trkpt lat="35.1774148226" lon="129.2046733018">
<ele>0</ele>
<time>2026-05-19T06:31:49.000Z</time><extensions>
<ns3:TrackPointExtension>
<ns3:hr>107</ns3:hr>
</ns3:TrackPointExtension>
</extensions>
</trkpt>
<trkpt lat="35.17741376" lon="129.2046444666">
<ele>0</ele>
<time>2026-05-19T06:31:54.000Z</time><extensions>
<ns3:TrackPointExtension>
<ns3:hr>107</ns3:hr>
</ns3:TrackPointExtension>
</extensions>
</trkpt>
<trkpt lat="35.1774146763" lon="129.2046215821">
<ele>0</ele>
<time>2026-05-19T06:31:57.000Z</time><extensions>
<ns3:TrackPointExtension>
<ns3:hr>107</ns3:hr>
</ns3:TrackPointExtension>
</extensions>
</trkpt>
<trkpt lat="35.1774142" lon="129.2045994002">
<ele>0</ele>
<time>2026-05-19T06:32:01.000Z</time><extensions>
<ns3:TrackPointExtension>
<ns3:hr>107</ns3:hr>
</ns3:TrackPointExtension>
</extensions>
</trkpt>
<trkpt lat="35.177410954" lon="129.204575511">
<ele>0</ele>
<time>2026-05-19T06:32:05.000Z</time><extensions>
<ns3:TrackPointExtension>
<ns3:hr>108</ns3:hr>
</ns3:TrackPointExtension>
</extensions>
</trkpt>
<trkpt lat="35.177412492" lon="129.2045494035">
<ele>0</ele>
<time>2026-05-19T06:32:09.000Z</time><extensions>
<ns3:TrackPointExtension>
<ns3:hr>106</ns3:hr>
</ns3:TrackPointExtension>
</extensions>
</trkpt>
<trkpt lat="35.1774166903" lon="129.2045263427">
<ele>0</ele>
<time>2026-05-19T06:32:13.000Z</time><extensions>
<ns3:TrackPointExtension>
<ns3:hr>106</ns3:hr>
</ns3:TrackPointExtension>
</extensions>
</trkpt>
<trkpt lat="35.1774138154" lon="129.2045005614">
<ele>0</ele>
<time>2026-05-19T06:32:17.000Z</time><extensions>
<ns3:TrackPointExtension>
<ns3:hr>105</ns3:hr>
</ns3:TrackPointExtension>
</extensions>
</trkpt>
<trkpt lat="35.1774143472" lon="129.2044768044">
<ele>0</ele>
<time>2026-05-19T06:32:21.000Z</time><extensions>
<ns3:TrackPointExtension>
<ns3:hr>104</ns3:hr>
</ns3:TrackPointExtension>
</extensions>
</trkpt>
<trkpt lat="35.1774157864" lon="129.2044521911">
<ele>0</ele>
<time>2026-05-19T06:32:25.000Z</time><extensions>
<ns3:TrackPointExtension>
<ns3:hr>103</ns3:hr>
</ns3:TrackPointExtension>
</extensions>
</trkpt>
<trkpt lat="35.1774193478" lon="129.2044303173">
<ele>0</ele>
<time>2026-05-19T06:32:29.000Z</time><extensions>
<ns3:TrackPointExtension>
<ns3:hr>103</ns3:hr>
</ns3:TrackPointExtension>
</extensions>
</trkpt>
<trkpt lat="35.1774140683" lon="129.2044043662">
<ele>0</ele>
<time>2026-05-19T06:32:34.000Z</time><extensions>
<ns3:TrackPointExtension>
<ns3:hr>103</ns3:hr>
</ns3:TrackPointExtension>
</extensions>
</trkpt>
<trkpt lat="35.1774131504" lon="129.2043771864">
<ele>0</ele>
<time>2026-05-19T06:32:38.000Z</time><extensions>
<ns3:TrackPointExtension>
<ns3:hr>104</ns3:hr>
</ns3:TrackPointExtension>
</extensions>
</trkpt>
<trkpt lat="35.1774137394" lon="129.2043517416">
<ele>0</ele>
<time>2026-05-19T06:32:43.000Z</time><extensions>
<ns3:TrackPointExtension>
<ns3:hr>105</ns3:hr>
</ns3:TrackPointExtension>
</extensions>
</trkpt>
<trkpt lat="35.1774169988" lon="129.2043298291">
<ele>0</ele>
<time>2026-05-19T06:32:47.000Z</time><extensions>
<ns3:TrackPointExtension>
<ns3:hr>105</ns3:hr>
</ns3:TrackPointExtension>
</extensions>
</trkpt>
<trkpt lat="35.1774242239" lon="129.2043046223">
<ele>0</ele>
<time>2026-05-19T06:32:52.000Z</time><extensions>
<ns3:TrackPointExtension>
<ns3:hr>106</ns3:hr>
</ns3:TrackPointExtension>
</extensions>
</trkpt>
<trkpt lat="35.1774212716" lon="129.2042796478">
<ele>0</ele>
<time>2026-05-19T06:32:57.000Z</time><extensions>
<ns3:TrackPointExtension>
<ns3:hr>106</ns3:hr>
</ns3:TrackPointExtension>
</extensions>
</trkpt>
<trkpt lat="35.1774183801" lon="129.2042558637">
<ele>0</ele>
<time>2026-05-19T06:33:01.000Z</time><extensions>
<ns3:TrackPointExtension>
<ns3:hr>105</ns3:hr>
</ns3:TrackPointExtension>
</extensions>
</trkpt>
<trkpt lat="35.1774190342" lon="129.2042326455">
<ele>0</ele>
<time>2026-05-19T06:33:05.000Z</time><extensions>
<ns3:TrackPointExtension>
<ns3:hr>104</ns3:hr>
</ns3:TrackPointExtension>
</extensions>
</trkpt>
<trkpt lat="35.177417173" lon="129.2042104044">
<ele>0</ele>
<time>2026-05-19T06:33:08.000Z</time><extensions>
<ns3:TrackPointExtension>
<ns3:hr>104</ns3:hr>
</ns3:TrackPointExtension>
</extensions>
</trkpt>
<trkpt lat="35.1774218721" lon="129.2041820734">
<ele>0</ele>
<time>2026-05-19T06:33:12.000Z</time><extensions>
<ns3:TrackPointExtension>
<ns3:hr>106</ns3:hr>
</ns3:TrackPointExtension>
</extensions>
</trkpt>
<trkpt lat="35.177425206" lon="129.2041562081">
<ele>0</ele>
<time>2026-05-19T06:33:16.000Z</time><extensions>
<ns3:TrackPointExtension>
<ns3:hr>108</ns3:hr>
</ns3:TrackPointExtension>
</extensions>
</trkpt>
<trkpt lat="35.1774327478" lon="129.2041361516">
<ele>0</ele>
<time>2026-05-19T06:33:20.000Z</time><extensions>
<ns3:TrackPointExtension>
<ns3:hr>108</ns3:hr>
</ns3:TrackPointExtension>
</extensions>
</trkpt>
<trkpt lat="35.1774386614" lon="129.2041151131">
<ele>0</ele>
<time>2026-05-19T06:33:23.000Z</time><extensions>
<ns3:TrackPointExtension>
<ns3:hr>108</ns3:hr>
</ns3:TrackPointExtension>
</extensions>
</trkpt>
<trkpt lat="35.1774445471" lon="129.204089449">
<ele>0</ele>
<time>2026-05-19T06:33:27.000Z</time><extensions>
<ns3:TrackPointExtension>
<ns3:hr>108</ns3:hr>
</ns3:TrackPointExtension>
</extensions>
</trkpt>
<trkpt lat="35.1774470968" lon="129.2040620968">
<ele>0</ele>
<time>2026-05-19T06:33:31.000Z</time><extensions>
<ns3:TrackPointExtension>
<ns3:hr>109</ns3:hr>
</ns3:TrackPointExtension>
</extensions>
</trkpt>
<trkpt lat="35.1774533941" lon="129.2040341353">
<ele>0</ele>
<time>2026-05-19T06:33:34.000Z</time><extensions>
<ns3:TrackPointExtension>
<ns3:hr>109</ns3:hr>
</ns3:TrackPointExtension>
</extensions>
</trkpt>
<trkpt lat="35.177461739" lon="129.2040133824">
<ele>0</ele>
<time>2026-05-19T06:33:36.000Z</time><extensions>
<ns3:TrackPointExtension>
<ns3:hr>109</ns3:hr>
</ns3:TrackPointExtension>
</extensions>
</trkpt>
<trkpt lat="35.17746475" lon="129.2039842691">
<ele>0</ele>
<time>2026-05-19T06:33:38.000Z</time><extensions>
<ns3:TrackPointExtension>
<ns3:hr>109</ns3:hr>
</ns3:TrackPointExtension>
</extensions>
</trkpt>
<trkpt lat="35.1774703517" lon="129.2039480518">
<ele>0</ele>
<time>2026-05-19T06:33:40.000Z</time><extensions>
<ns3:TrackPointExtension>
<ns3:hr>109</ns3:hr>
</ns3:TrackPointExtension>
</extensions>
</trkpt>
<trkpt lat="35.1774722863" lon="129.2039246875">
<ele>0</ele>
<time>2026-05-19T06:33:41.000Z</time><extensions>
<ns3:TrackPointExtension>
<ns3:hr>109</ns3:hr>
</ns3:TrackPointExtension>
</extensions>
</trkpt>
<trkpt lat="35.1774800212" lon="129.2039015321">
<ele>0</ele>
<time>2026-05-19T06:33:42.000Z</time><extensions>
<ns3:TrackPointExtension>
<ns3:hr>109</ns3:hr>
</ns3:TrackPointExtension>
</extensions>
</trkpt>
<trkpt lat="35.1774876835" lon="129.20387439">
<ele>0</ele>
<time>2026-05-19T06:33:43.000Z</time><extensions>
<ns3:TrackPointExtension>
<ns3:hr>109</ns3:hr>
</ns3:TrackPointExtension>
</extensions>
</trkpt>
<trkpt lat="35.177495216" lon="129.2038477296">
<ele>0</ele>
<time>2026-05-19T06:33:44.000Z</time><extensions>
<ns3:TrackPointExtension>
<ns3:hr>110</ns3:hr>
</ns3:TrackPointExtension>
</extensions>
</trkpt>
<trkpt lat="35.1775037098" lon="129.2038208336">
<ele>0</ele>
<time>2026-05-19T06:33:45.000Z</time><extensions>
<ns3:TrackPointExtension>
<ns3:hr>110</ns3:hr>
</ns3:TrackPointExtension>
</extensions>
</trkpt>
<trkpt lat="35.1775155905" lon="129.203792508">
<ele>0</ele>
<time>2026-05-19T06:33:46.000Z</time><extensions>
<ns3:TrackPointExtension>
<ns3:hr>110</ns3:hr>
</ns3:TrackPointExtension>
</extensions>
</trkpt>
<trkpt lat="35.1775332302" lon="129.2037576097">
<ele>0</ele>
<time>2026-05-19T06:33:47.000Z</time><extensions>
<ns3:TrackPointExtension>
<ns3:hr>110</ns3:hr>
</ns3:TrackPointExtension>
</extensions>
</trkpt>
<trkpt lat="35.1775528032" lon="129.2037157343">
<ele>0</ele>
<time>2026-05-19T06:33:48.000Z</time><extensions>
<ns3:TrackPointExtension>
<ns3:hr>110</ns3:hr>
</ns3:TrackPointExtension>
</extensions>
</trkpt>
<trkpt lat="35.1775718229" lon="129.2036748189">
<ele>0</ele>
<time>2026-05-19T06:33:49.000Z</time><extensions>
<ns3:TrackPointExtension>
<ns3:hr>110</ns3:hr>
</ns3:TrackPointExtension>
</extensions>
</trkpt>
<trkpt lat="35.1775969517" lon="129.2036222333">
<ele>0</ele>
<time>2026-05-19T06:33:50.000Z</time><extensions>
<ns3:TrackPointExtension>
<ns3:hr>112</ns3:hr>
</ns3:TrackPointExtension>
</extensions>
</trkpt>
<trkpt lat="35.1776232125" lon="129.2035689163">
<ele>0</ele>
<time>2026-05-19T06:33:51.000Z</time><extensions>
<ns3:TrackPointExtension>
<ns3:hr>112</ns3:hr>
</ns3:TrackPointExtension>
</extensions>
</trkpt>
<trkpt lat="35.1776501111" lon="129.2035169791">
<ele>0</ele>
<time>2026-05-19T06:33:52.000Z</time><extensions>
<ns3:TrackPointExtension>
<ns3:hr>112</ns3:hr>
</ns3:TrackPointExtension>
</extensions>
</trkpt>
<trkpt lat="35.177681657" lon="129.2034621202">
<ele>0</ele>
<time>2026-05-19T06:33:53.000Z</time><extensions>
<ns3:TrackPointExtension>
<ns3:hr>112</ns3:hr>
</ns3:TrackPointExtension>
</extensions>
</trkpt>
<trkpt lat="35.1777125137" lon="129.2034087934">
<ele>0</ele>
<time>2026-05-19T06:33:54.000Z</time><extensions>
<ns3:TrackPointExtension>
<ns3:hr>119</ns3:hr>
</ns3:TrackPointExtension>
</extensions>
</trkpt>
<trkpt lat="35.1777392935" lon="129.2033517009">
<ele>0</ele>
<time>2026-05-19T06:33:55.000Z</time><extensions>
<ns3:TrackPointExtension>
<ns3:hr>119</ns3:hr>
</ns3:TrackPointExtension>
</extensions>
</trkpt>
<trkpt lat="35.1777637262" lon="129.2032922921">
<ele>0</ele>
<time>2026-05-19T06:33:56.000Z</time><extensions>
<ns3:TrackPointExtension>
<ns3:hr>119</ns3:hr>
</ns3:TrackPointExtension>
</extensions>
</trkpt>
<trkpt lat="35.1777871154" lon="129.2032230206">
<ele>0</ele>
<time>2026-05-19T06:33:57.000Z</time><extensions>
<ns3:TrackPointExtension>
<ns3:hr>119</ns3:hr>
</ns3:TrackPointExtension>
</extensions>
</trkpt>
<trkpt lat="35.1778108961" lon="129.2031454827">
<ele>0</ele>
<time>2026-05-19T06:33:58.000Z</time><extensions>
<ns3:TrackPointExtension>
<ns3:hr>119</ns3:hr>
</ns3:TrackPointExtension>
</extensions>
</trkpt>
<trkpt lat="35.1778314705" lon="129.203062667">
<ele>0</ele>
<time>2026-05-19T06:33:59.000Z</time><extensions>
<ns3:TrackPointExtension>
<ns3:hr>125</ns3:hr>
</ns3:TrackPointExtension>
</extensions>
</trkpt>
<trkpt lat="35.1778483185" lon="129.2029752858">
<ele>0</ele>
<time>2026-05-19T06:34:00.000Z</time><extensions>
<ns3:TrackPointExtension>
<ns3:hr>125</ns3:hr>
</ns3:TrackPointExtension>
</extensions>
</trkpt>
<trkpt lat="35.1778648192" lon="129.2028856529">
<ele>0</ele>
<time>2026-05-19T06:34:01.000Z</time><extensions>
<ns3:TrackPointExtension>
<ns3:hr>125</ns3:hr>
</ns3:TrackPointExtension>
</extensions>
</trkpt>
<trkpt lat="35.1778791303" lon="129.2027901372">
<ele>0</ele>
<time>2026-05-19T06:34:02.000Z</time><extensions>
<ns3:TrackPointExtension>
<ns3:hr>125</ns3:hr>
</ns3:TrackPointExtension>
</extensions>
</trkpt>
<trkpt lat="35.1778897558" lon="129.2026930809">
<ele>0</ele>
<time>2026-05-19T06:34:03.000Z</time><extensions>
<ns3:TrackPointExtension>
<ns3:hr>125</ns3:hr>
</ns3:TrackPointExtension>
</extensions>
</trkpt>
<trkpt lat="35.1778967552" lon="129.2025928782">
<ele>0</ele>
<time>2026-05-19T06:34:04.000Z</time><extensions>
<ns3:TrackPointExtension>
<ns3:hr>125</ns3:hr>
</ns3:TrackPointExtension>
</extensions>
</trkpt>
<trkpt lat="35.1778980183" lon="129.2024937877">
<ele>0</ele>
<time>2026-05-19T06:34:05.000Z</time><extensions>
<ns3:TrackPointExtension>
<ns3:hr>125</ns3:hr>
</ns3:TrackPointExtension>
</extensions>
</trkpt>
<trkpt lat="35.1778997204" lon="129.2023926372">
<ele>0</ele>
<time>2026-05-19T06:34:06.000Z</time><extensions>
<ns3:TrackPointExtension>
<ns3:hr>125</ns3:hr>
</ns3:TrackPointExtension>
</extensions>
</trkpt>
<trkpt lat="35.1779077196" lon="129.2022849885">
<ele>0</ele>
<time>2026-05-19T06:34:07.000Z</time><extensions>
<ns3:TrackPointExtension>
<ns3:hr>125</ns3:hr>
</ns3:TrackPointExtension>
</extensions>
</trkpt>
<trkpt lat="35.1779194393" lon="129.2021771484">
<ele>0</ele>
<time>2026-05-19T06:34:08.000Z</time><extensions>
<ns3:TrackPointExtension>
<ns3:hr>125</ns3:hr>
</ns3:TrackPointExtension>
</extensions>
</trkpt>
<trkpt lat="35.1779298335" lon="129.2020672582">
<ele>0</ele>
<time>2026-05-19T06:34:09.000Z</time><extensions>
<ns3:TrackPointExtension>
<ns3:hr>125</ns3:hr>
</ns3:TrackPointExtension>
</extensions>
</trkpt>
<trkpt lat="35.1779392505" lon="129.201955163">
<ele>0</ele>
<time>2026-05-19T06:34:10.000Z</time><extensions>
<ns3:TrackPointExtension>
<ns3:hr>125</ns3:hr>
</ns3:TrackPointExtension>
</extensions>
</trkpt>
<trkpt lat="35.1779504678" lon="129.2018437194">
<ele>0</ele>
<time>2026-05-19T06:34:11.000Z</time><extensions>
<ns3:TrackPointExtension>
<ns3:hr>125</ns3:hr>
</ns3:TrackPointExtension>
</extensions>
</trkpt>
<trkpt lat="35.1779595219" lon="129.2017288974">
<ele>0</ele>
<time>2026-05-19T06:34:12.000Z</time><extensions>
<ns3:TrackPointExtension>
<ns3:hr>125</ns3:hr>
</ns3:TrackPointExtension>
</extensions>
</trkpt>
<trkpt lat="35.1779667261" lon="129.2016137536">
<ele>0</ele>
<time>2026-05-19T06:34:13.000Z</time><extensions>
<ns3:TrackPointExtension>
<ns3:hr>125</ns3:hr>
</ns3:TrackPointExtension>
</extensions>
</trkpt>
<trkpt lat="35.1779728109" lon="129.2014978767">
<ele>0</ele>
<time>2026-05-19T06:34:14.000Z</time><extensions>
<ns3:TrackPointExtension>
<ns3:hr>125</ns3:hr>
</ns3:TrackPointExtension>
</extensions>
</trkpt>
<trkpt lat="35.1779781595" lon="129.2013819043">
<ele>0</ele>
<time>2026-05-19T06:34:15.000Z</time><extensions>
<ns3:TrackPointExtension>
<ns3:hr>125</ns3:hr>
</ns3:TrackPointExtension>
</extensions>
</trkpt>
<trkpt lat="35.1779778146" lon="129.2012705614">
<ele>0</ele>
<time>2026-05-19T06:34:16.000Z</time><extensions>
<ns3:TrackPointExtension>
<ns3:hr>125</ns3:hr>
</ns3:TrackPointExtension>
</extensions>
</trkpt>
<trkpt lat="35.1779745921" lon="129.2011564994">
<ele>0</ele>
<time>2026-05-19T06:34:17.000Z</time><extensions>
<ns3:TrackPointExtension>
<ns3:hr>125</ns3:hr>
</ns3:TrackPointExtension>
</extensions>
</trkpt>
<trkpt lat="35.1779727939" lon="129.2010380267">
<ele>0</ele>
<time>2026-05-19T06:34:18.000Z</time><extensions>
<ns3:TrackPointExtension>
<ns3:hr>125</ns3:hr>
</ns3:TrackPointExtension>
</extensions>
</trkpt>
<trkpt lat="35.1779725754" lon="129.2009251232">
<ele>0</ele>
<time>2026-05-19T06:34:19.000Z</time><extensions>
<ns3:TrackPointExtension>
<ns3:hr>125</ns3:hr>
</ns3:TrackPointExtension>
</extensions>
</trkpt>
<trkpt lat="35.1779724371" lon="129.200812066">
<ele>0</ele>
<time>2026-05-19T06:34:20.000Z</time><extensions>
<ns3:TrackPointExtension>
<ns3:hr>125</ns3:hr>
</ns3:TrackPointExtension>
</extensions>
</trkpt>
<trkpt lat="35.1779669138" lon="129.2007056441">
<ele>0</ele>
<time>2026-05-19T06:34:21.000Z</time><extensions>
<ns3:TrackPointExtension>
<ns3:hr>125</ns3:hr>
</ns3:TrackPointExtension>
</extensions>
</trkpt>
<trkpt lat="35.177929865" lon="129.2006162845">
<ele>0</ele>
<time>2026-05-19T06:34:22.000Z</time><extensions>
<ns3:TrackPointExtension>
<ns3:hr>125</ns3:hr>
</ns3:TrackPointExtension>
</extensions>
</trkpt>
<trkpt lat="35.1778870801" lon="129.2005451994">
<ele>0</ele>
<time>2026-05-19T06:34:23.000Z</time><extensions>
<ns3:TrackPointExtension>
<ns3:hr>125</ns3:hr>
</ns3:TrackPointExtension>
</extensions>
</trkpt>
<trkpt lat="35.1778318154" lon="129.2005203371">
<ele>0</ele>
<time>2026-05-19T06:34:24.000Z</time><extensions>
<ns3:TrackPointExtension>
<ns3:hr>125</ns3:hr>
</ns3:TrackPointExtension>
</extensions>
</trkpt>
<trkpt lat="35.1777774371" lon="129.2005406147">
<ele>0</ele>
<time>2026-05-19T06:34:25.000Z</time><extensions>
<ns3:TrackPointExtension>
<ns3:hr>125</ns3:hr>
</ns3:TrackPointExtension>
</extensions>
</trkpt>
<trkpt lat="35.1777578277" lon="129.2006176514">
<ele>0</ele>
<time>2026-05-19T06:34:26.000Z</time><extensions>
<ns3:TrackPointExtension>
<ns3:hr>125</ns3:hr>
</ns3:TrackPointExtension>
</extensions>
</trkpt>
<trkpt lat="35.1777427197" lon="129.2006997726">
<ele>0</ele>
<time>2026-05-19T06:34:27.000Z</time><extensions>
<ns3:TrackPointExtension>
<ns3:hr>125</ns3:hr>
</ns3:TrackPointExtension>
</extensions>
</trkpt>
<trkpt lat="35.1777263999" lon="129.2007740389">
<ele>0</ele>
<time>2026-05-19T06:34:28.000Z</time><extensions>
<ns3:TrackPointExtension>
<ns3:hr>125</ns3:hr>
</ns3:TrackPointExtension>
</extensions>
</trkpt>
<trkpt lat="35.1777014385" lon="129.2008466478">
<ele>0</ele>
<time>2026-05-19T06:34:29.000Z</time><extensions>
<ns3:TrackPointExtension>
<ns3:hr>125</ns3:hr>
</ns3:TrackPointExtension>
</extensions>
</trkpt>
<trkpt lat="35.1776731186" lon="129.2009197073">
<ele>0</ele>
<time>2026-05-19T06:34:30.000Z</time><extensions>
<ns3:TrackPointExtension>
<ns3:hr>125</ns3:hr>
</ns3:TrackPointExtension>
</extensions>
</trkpt>
<trkpt lat="35.1776370847" lon="129.2009921837">
<ele>0</ele>
<time>2026-05-19T06:34:31.000Z</time><extensions>
<ns3:TrackPointExtension>
<ns3:hr>125</ns3:hr>
</ns3:TrackPointExtension>
</extensions>
</trkpt>
<trkpt lat="35.1775963051" lon="129.2010695117">
<ele>0</ele>
<time>2026-05-19T06:34:32.000Z</time><extensions>
<ns3:TrackPointExtension>
<ns3:hr>125</ns3:hr>
</ns3:TrackPointExtension>
</extensions>
</trkpt>
<trkpt lat="35.1775515945" lon="129.2011489009">
<ele>0</ele>
<time>2026-05-19T06:34:33.000Z</time><extensions>
<ns3:TrackPointExtension>
<ns3:hr>125</ns3:hr>
</ns3:TrackPointExtension>
</extensions>
</trkpt>
<trkpt lat="35.1775027123" lon="129.2012289577">
<ele>0</ele>
<time>2026-05-19T06:34:34.000Z</time><extensions>
<ns3:TrackPointExtension>
<ns3:hr>125</ns3:hr>
</ns3:TrackPointExtension>
</extensions>
</trkpt>
<trkpt lat="35.1774522745" lon="129.2013036056">
<ele>0</ele>
<time>2026-05-19T06:34:35.000Z</time><extensions>
<ns3:TrackPointExtension>
<ns3:hr>125</ns3:hr>
</ns3:TrackPointExtension>
</extensions>
</trkpt>
<trkpt lat="35.1774004728" lon="129.2013697398">
<ele>0</ele>
<time>2026-05-19T06:34:36.000Z</time><extensions>
<ns3:TrackPointExtension>
<ns3:hr>125</ns3:hr>
</ns3:TrackPointExtension>
</extensions>
</trkpt>
<trkpt lat="35.1773529472" lon="129.2014315661">
<ele>0</ele>
<time>2026-05-19T06:34:37.000Z</time><extensions>
<ns3:TrackPointExtension>
<ns3:hr>125</ns3:hr>
</ns3:TrackPointExtension>
</extensions>
</trkpt>
<trkpt lat="35.1773072064" lon="129.2014978264">
<ele>0</ele>
<time>2026-05-19T06:34:38.000Z</time><extensions>
<ns3:TrackPointExtension>
<ns3:hr>125</ns3:hr>
</ns3:TrackPointExtension>
</extensions>
</trkpt>
<trkpt lat="35.1772597825" lon="129.2015630939">
<ele>0</ele>
<time>2026-05-19T06:34:39.000Z</time><extensions>
<ns3:TrackPointExtension>
<ns3:hr>125</ns3:hr>
</ns3:TrackPointExtension>
</extensions>
</trkpt>
<trkpt lat="35.1772122612" lon="129.2016319704">
<ele>0</ele>
<time>2026-05-19T06:34:40.000Z</time><extensions>
<ns3:TrackPointExtension>
<ns3:hr>125</ns3:hr>
</ns3:TrackPointExtension>
</extensions>
</trkpt>
<trkpt lat="35.1771646634" lon="129.2017034484">
<ele>0</ele>
<time>2026-05-19T06:34:41.000Z</time><extensions>
<ns3:TrackPointExtension>
<ns3:hr>125</ns3:hr>
</ns3:TrackPointExtension>
</extensions>
</trkpt>
<trkpt lat="35.1771152848" lon="129.2017722204">
<ele>0</ele>
<time>2026-05-19T06:34:42.000Z</time><extensions>
<ns3:TrackPointExtension>
<ns3:hr>125</ns3:hr>
</ns3:TrackPointExtension>
</extensions>
</trkpt>
<trkpt lat="35.1770681517" lon="129.201843959">
<ele>0</ele>
<time>2026-05-19T06:34:43.000Z</time><extensions>
<ns3:TrackPointExtension>
<ns3:hr>125</ns3:hr>
</ns3:TrackPointExtension>
</extensions>
</trkpt>
<trkpt lat="35.1770193358" lon="129.2019165454">
<ele>0</ele>
<time>2026-05-19T06:34:44.000Z</time><extensions>
<ns3:TrackPointExtension>
<ns3:hr>125</ns3:hr>
</ns3:TrackPointExtension>
</extensions>
</trkpt>
<trkpt lat="35.1769685705" lon="129.2019885045">
<ele>0</ele>
<time>2026-05-19T06:34:45.000Z</time><extensions>
<ns3:TrackPointExtension>
<ns3:hr>125</ns3:hr>
</ns3:TrackPointExtension>
</extensions>
</trkpt>
<trkpt lat="35.1769159189" lon="129.2020608646">
<ele>0</ele>
<time>2026-05-19T06:34:46.000Z</time><extensions>
<ns3:TrackPointExtension>
<ns3:hr>125</ns3:hr>
</ns3:TrackPointExtension>
</extensions>
</trkpt>
<trkpt lat="35.1768626139" lon="129.2021327991">
<ele>0</ele>
<time>2026-05-19T06:34:47.000Z</time><extensions>
<ns3:TrackPointExtension>
<ns3:hr>125</ns3:hr>
</ns3:TrackPointExtension>
</extensions>
</trkpt>
<trkpt lat="35.1768048924" lon="129.2022019648">
<ele>0</ele>
<time>2026-05-19T06:34:48.000Z</time><extensions>
<ns3:TrackPointExtension>
<ns3:hr>125</ns3:hr>
</ns3:TrackPointExtension>
</extensions>
</trkpt>
<trkpt lat="35.1767471883" lon="129.2022723685">
<ele>0</ele>
<time>2026-05-19T06:34:49.000Z</time><extensions>
<ns3:TrackPointExtension>
<ns3:hr>125</ns3:hr>
</ns3:TrackPointExtension>
</extensions>
</trkpt>
<trkpt lat="35.1766900509" lon="129.2023446471">
<ele>0</ele>
<time>2026-05-19T06:34:50.000Z</time><extensions>
<ns3:TrackPointExtension>
<ns3:hr>125</ns3:hr>
</ns3:TrackPointExtension>
</extensions>
</trkpt>
<trkpt lat="35.1766348471" lon="129.2024163128">
<ele>0</ele>
<time>2026-05-19T06:34:51.000Z</time><extensions>
<ns3:TrackPointExtension>
<ns3:hr>125</ns3:hr>
</ns3:TrackPointExtension>
</extensions>
</trkpt>
<trkpt lat="35.1765830397" lon="129.2024859194">
<ele>0</ele>
<time>2026-05-19T06:34:51.000Z</time><extensions>
<ns3:TrackPointExtension>
<ns3:hr>125</ns3:hr>
</ns3:TrackPointExtension>
</extensions>
</trkpt>
<trkpt lat="35.17653842" lon="129.2025654858">
<ele>0</ele>
<time>2026-05-19T06:34:52.000Z</time><extensions>
<ns3:TrackPointExtension>
<ns3:hr>125</ns3:hr>
</ns3:TrackPointExtension>
</extensions>
</trkpt>
<trkpt lat="35.1764994129" lon="129.2026433186">
<ele>0</ele>
<time>2026-05-19T06:34:53.000Z</time><extensions>
<ns3:TrackPointExtension>
<ns3:hr>125</ns3:hr>
</ns3:TrackPointExtension>
</extensions>
</trkpt>
<trkpt lat="35.1764668664" lon="129.2027273423">
<ele>0</ele>
<time>2026-05-19T06:34:54.000Z</time><extensions>
<ns3:TrackPointExtension>
<ns3:hr>153</ns3:hr>
</ns3:TrackPointExtension>
</extensions>
</trkpt>
<trkpt lat="35.1764343137" lon="129.2028141177">
<ele>0</ele>
<time>2026-05-19T06:34:55.000Z</time><extensions>
<ns3:TrackPointExtension>
<ns3:hr>153</ns3:hr>
</ns3:TrackPointExtension>
</extensions>
</trkpt>
<trkpt lat="35.1764008044" lon="129.202904327">
<ele>0</ele>
<time>2026-05-19T06:34:56.000Z</time><extensions>
<ns3:TrackPointExtension>
<ns3:hr>153</ns3:hr>
</ns3:TrackPointExtension>
</extensions>
</trkpt>
<trkpt lat="35.1763677014" lon="129.2029923077">
<ele>0</ele>
<time>2026-05-19T06:34:57.000Z</time><extensions>
<ns3:TrackPointExtension>
<ns3:hr>153</ns3:hr>
</ns3:TrackPointExtension>
</extensions>
</trkpt>
<trkpt lat="35.1763320549" lon="129.2030790874">
<ele>0</ele>
<time>2026-05-19T06:34:58.000Z</time><extensions>
<ns3:TrackPointExtension>
<ns3:hr>160</ns3:hr>
</ns3:TrackPointExtension>
</extensions>
</trkpt>
<trkpt lat="35.1762975562" lon="129.2031667495">
<ele>0</ele>
<time>2026-05-19T06:34:59.000Z</time><extensions>
<ns3:TrackPointExtension>
<ns3:hr>160</ns3:hr>
</ns3:TrackPointExtension>
</extensions>
</trkpt>
<trkpt lat="35.1762615614" lon="129.2032548785">
<ele>0</ele>
<time>2026-05-19T06:35:00.000Z</time><extensions>
<ns3:TrackPointExtension>
<ns3:hr>160</ns3:hr>
</ns3:TrackPointExtension>
</extensions>
</trkpt>
<trkpt lat="35.1762225054" lon="129.2033418578">
<ele>0</ele>
<time>2026-05-19T06:35:01.000Z</time><extensions>
<ns3:TrackPointExtension>
<ns3:hr>160</ns3:hr>
</ns3:TrackPointExtension>
</extensions>
</trkpt>
<trkpt lat="35.1761809731" lon="129.2034275406">
<ele>0</ele>
<time>2026-05-19T06:35:02.000Z</time><extensions>
<ns3:TrackPointExtension>
<ns3:hr>160</ns3:hr>
</ns3:TrackPointExtension>
</extensions>
</trkpt>
<trkpt lat="35.1761399868" lon="129.2035161597">
<ele>0</ele>
<time>2026-05-19T06:35:03.000Z</time><extensions>
<ns3:TrackPointExtension>
<ns3:hr>158</ns3:hr>
</ns3:TrackPointExtension>
</extensions>
</trkpt>
<trkpt lat="35.1760985661" lon="129.203607947">
<ele>0</ele>
<time>2026-05-19T06:35:04.000Z</time><extensions>
<ns3:TrackPointExtension>
<ns3:hr>158</ns3:hr>
</ns3:TrackPointExtension>
</extensions>
</trkpt>
<trkpt lat="35.1760562046" lon="129.2037003583">
<ele>0</ele>
<time>2026-05-19T06:35:05.000Z</time><extensions>
<ns3:TrackPointExtension>
<ns3:hr>158</ns3:hr>
</ns3:TrackPointExtension>
</extensions>
</trkpt>
<trkpt lat="35.1760116262" lon="129.2037914798">
<ele>0</ele>
<time>2026-05-19T06:35:07.000Z</time><extensions>
<ns3:TrackPointExtension>
<ns3:hr>158</ns3:hr>
</ns3:TrackPointExtension>
</extensions>
</trkpt>
<trkpt lat="35.1759666122" lon="129.2038810148">
<ele>0</ele>
<time>2026-05-19T06:35:08.000Z</time><extensions>
<ns3:TrackPointExtension>
<ns3:hr>158</ns3:hr>
</ns3:TrackPointExtension>
</extensions>
</trkpt>
<trkpt lat="35.1759260793" lon="129.2039714658">
<ele>0</ele>
<time>2026-05-19T06:35:09.000Z</time><extensions>
<ns3:TrackPointExtension>
<ns3:hr>158</ns3:hr>
</ns3:TrackPointExtension>
</extensions>
</trkpt>
<trkpt lat="35.1758915307" lon="129.2040670895">
<ele>0</ele>
<time>2026-05-19T06:35:10.000Z</time><extensions>
<ns3:TrackPointExtension>
<ns3:hr>157</ns3:hr>
</ns3:TrackPointExtension>
</extensions>
</trkpt>
<trkpt lat="35.1758609759" lon="129.2041675655">
<ele>0</ele>
<time>2026-05-19T06:35:11.000Z</time><extensions>
<ns3:TrackPointExtension>
<ns3:hr>157</ns3:hr>
</ns3:TrackPointExtension>
</extensions>
</trkpt>
<trkpt lat="35.1758314283" lon="129.2042704518">
<ele>0</ele>
<time>2026-05-19T06:35:12.000Z</time><extensions>
<ns3:TrackPointExtension>
<ns3:hr>157</ns3:hr>
</ns3:TrackPointExtension>
</extensions>
</trkpt>
<trkpt lat="35.17580527" lon="129.2043774022">
<ele>0</ele>
<time>2026-05-19T06:35:13.000Z</time><extensions>
<ns3:TrackPointExtension>
<ns3:hr>157</ns3:hr>
</ns3:TrackPointExtension>
</extensions>
</trkpt>
<trkpt lat="35.1757819075" lon="129.2044869035">
<ele>0</ele>
<time>2026-05-19T06:35:14.000Z</time><extensions>
<ns3:TrackPointExtension>
<ns3:hr>156</ns3:hr>
</ns3:TrackPointExtension>
</extensions>
</trkpt>
<trkpt lat="35.1757673924" lon="129.2045989838">
<ele>0</ele>
<time>2026-05-19T06:35:15.000Z</time><extensions>
<ns3:TrackPointExtension>
<ns3:hr>156</ns3:hr>
</ns3:TrackPointExtension>
</extensions>
</trkpt>
<trkpt lat="35.1757641975" lon="129.2047112145">
<ele>0</ele>
<time>2026-05-19T06:35:16.000Z</time><extensions>
<ns3:TrackPointExtension>
<ns3:hr>156</ns3:hr>
</ns3:TrackPointExtension>
</extensions>
</trkpt>
<trkpt lat="35.1757736795" lon="129.2048153595">
<ele>0</ele>
<time>2026-05-19T06:35:17.000Z</time><extensions>
<ns3:TrackPointExtension>
<ns3:hr>156</ns3:hr>
</ns3:TrackPointExtension>
</extensions>
</trkpt>
<trkpt lat="35.1757911387" lon="129.2049075955">
<ele>0</ele>
<time>2026-05-19T06:35:18.000Z</time><extensions>
<ns3:TrackPointExtension>
<ns3:hr>156</ns3:hr>
</ns3:TrackPointExtension>
</extensions>
</trkpt>
<trkpt lat="35.1758405046" lon="129.2049815272">
<ele>0</ele>
<time>2026-05-19T06:35:19.000Z</time><extensions>
<ns3:TrackPointExtension>
<ns3:hr>154</ns3:hr>
</ns3:TrackPointExtension>
</extensions>
</trkpt>
<trkpt lat="35.1759154044" lon="129.2049925946">
<ele>0</ele>
<time>2026-05-19T06:35:20.000Z</time><extensions>
<ns3:TrackPointExtension>
<ns3:hr>154</ns3:hr>
</ns3:TrackPointExtension>
</extensions>
</trkpt>
<trkpt lat="35.1759802991" lon="129.2049382515">
<ele>0</ele>
<time>2026-05-19T06:35:21.000Z</time><extensions>
<ns3:TrackPointExtension>
<ns3:hr>154</ns3:hr>
</ns3:TrackPointExtension>
</extensions>
</trkpt>
<trkpt lat="35.1760099686" lon="129.2048407772">
<ele>0</ele>
<time>2026-05-19T06:35:22.000Z</time><extensions>
<ns3:TrackPointExtension>
<ns3:hr>154</ns3:hr>
</ns3:TrackPointExtension>
</extensions>
</trkpt>
<trkpt lat="35.1760196838" lon="129.2047326998">
<ele>0</ele>
<time>2026-05-19T06:35:23.000Z</time><extensions>
<ns3:TrackPointExtension>
<ns3:hr>154</ns3:hr>
</ns3:TrackPointExtension>
</extensions>
</trkpt>
<trkpt lat="35.1760381312" lon="129.2046254943">
<ele>0</ele>
<time>2026-05-19T06:35:24.000Z</time><extensions>
<ns3:TrackPointExtension>
<ns3:hr>153</ns3:hr>
</ns3:TrackPointExtension>
</extensions>
</trkpt>
<trkpt lat="35.1760572944" lon="129.2045219934">
<ele>0</ele>
<time>2026-05-19T06:35:25.000Z</time><extensions>
<ns3:TrackPointExtension>
<ns3:hr>153</ns3:hr>
</ns3:TrackPointExtension>
</extensions>
</trkpt>
<trkpt lat="35.176072951" lon="129.2044272692">
<ele>0</ele>
<time>2026-05-19T06:35:26.000Z</time><extensions>
<ns3:TrackPointExtension>
<ns3:hr>153</ns3:hr>
</ns3:TrackPointExtension>
</extensions>
</trkpt>
<trkpt lat="35.1760910183" lon="129.2043306996">
<ele>0</ele>
<time>2026-05-19T06:35:27.000Z</time><extensions>
<ns3:TrackPointExtension>
<ns3:hr>153</ns3:hr>
</ns3:TrackPointExtension>
</extensions>
</trkpt>
<trkpt lat="35.176104289" lon="129.2042362099">
<ele>0</ele>
<time>2026-05-19T06:35:28.000Z</time><extensions>
<ns3:TrackPointExtension>
<ns3:hr>153</ns3:hr>
</ns3:TrackPointExtension>
</extensions>
</trkpt>
<trkpt lat="35.1761170751" lon="129.2041315784">
<ele>0</ele>
<time>2026-05-19T06:35:29.000Z</time><extensions>
<ns3:TrackPointExtension>
<ns3:hr>152</ns3:hr>
</ns3:TrackPointExtension>
</extensions>
</trkpt>
<trkpt lat="35.1761275519" lon="129.2040235618">
<ele>0</ele>
<time>2026-05-19T06:35:30.000Z</time><extensions>
<ns3:TrackPointExtension>
<ns3:hr>152</ns3:hr>
</ns3:TrackPointExtension>
</extensions>
</trkpt>
<trkpt lat="35.1761360494" lon="129.2039141318">
<ele>0</ele>
<time>2026-05-19T06:35:31.000Z</time><extensions>
<ns3:TrackPointExtension>
<ns3:hr>152</ns3:hr>
</ns3:TrackPointExtension>
</extensions>
</trkpt>
<trkpt lat="35.176146393" lon="129.2038073766">
<ele>0</ele>
<time>2026-05-19T06:35:32.000Z</time><extensions>
<ns3:TrackPointExtension>
<ns3:hr>152</ns3:hr>
</ns3:TrackPointExtension>
</extensions>
</trkpt>
<trkpt lat="35.1761569632" lon="129.2036983027">
<ele>0</ele>
<time>2026-05-19T06:35:33.000Z</time><extensions>
<ns3:TrackPointExtension>
<ns3:hr>152</ns3:hr>
</ns3:TrackPointExtension>
</extensions>
</trkpt>
<trkpt lat="35.1761692839" lon="129.2035887865">
<ele>0</ele>
<time>2026-05-19T06:35:34.000Z</time><extensions>
<ns3:TrackPointExtension>
<ns3:hr>151</ns3:hr>
</ns3:TrackPointExtension>
</extensions>
</trkpt>
<trkpt lat="35.1761802865" lon="129.2034774944">
<ele>0</ele>
<time>2026-05-19T06:35:35.000Z</time><extensions>
<ns3:TrackPointExtension>
<ns3:hr>151</ns3:hr>
</ns3:TrackPointExtension>
</extensions>
</trkpt>
<trkpt lat="35.1761938649" lon="129.2033659004">
<ele>0</ele>
<time>2026-05-19T06:35:36.000Z</time><extensions>
<ns3:TrackPointExtension>
<ns3:hr>151</ns3:hr>
</ns3:TrackPointExtension>
</extensions>
</trkpt>
<trkpt lat="35.1762101511" lon="129.2032572025">
<ele>0</ele>
<time>2026-05-19T06:35:37.000Z</time><extensions>
<ns3:TrackPointExtension>
<ns3:hr>151</ns3:hr>
</ns3:TrackPointExtension>
</extensions>
</trkpt>
<trkpt lat="35.1762286755" lon="129.2031435747">
<ele>0</ele>
<time>2026-05-19T06:35:38.000Z</time><extensions>
<ns3:TrackPointExtension>
<ns3:hr>151</ns3:hr>
</ns3:TrackPointExtension>
</extensions>
</trkpt>
<trkpt lat="35.1762496975" lon="129.2030331242">
<ele>0</ele>
<time>2026-05-19T06:35:39.000Z</time><extensions>
<ns3:TrackPointExtension>
<ns3:hr>148</ns3:hr>
</ns3:TrackPointExtension>
</extensions>
</trkpt>
<trkpt lat="35.1762735148" lon="129.2029228174">
<ele>0</ele>
<time>2026-05-19T06:35:40.000Z</time><extensions>
<ns3:TrackPointExtension>
<ns3:hr>148</ns3:hr>
</ns3:TrackPointExtension>
</extensions>
</trkpt>
<trkpt lat="35.1762971071" lon="129.2028148144">
<ele>0</ele>
<time>2026-05-19T06:35:41.000Z</time><extensions>
<ns3:TrackPointExtension>
<ns3:hr>148</ns3:hr>
</ns3:TrackPointExtension>
</extensions>
</trkpt>
<trkpt lat="35.1763240597" lon="129.2027004842">
<ele>0</ele>
<time>2026-05-19T06:35:42.000Z</time><extensions>
<ns3:TrackPointExtension>
<ns3:hr>148</ns3:hr>
</ns3:TrackPointExtension>
</extensions>
</trkpt>
<trkpt lat="35.1763559825" lon="129.2025876306">
<ele>0</ele>
<time>2026-05-19T06:35:43.000Z</time><extensions>
<ns3:TrackPointExtension>
<ns3:hr>148</ns3:hr>
</ns3:TrackPointExtension>
</extensions>
</trkpt>
<trkpt lat="35.1763894895" lon="129.2024752509">
<ele>0</ele>
<time>2026-05-19T06:35:44.000Z</time><extensions>
<ns3:TrackPointExtension>
<ns3:hr>146</ns3:hr>
</ns3:TrackPointExtension>
</extensions>
</trkpt>
<trkpt lat="35.1764234061" lon="129.2023628484">
<ele>0</ele>
<time>2026-05-19T06:35:45.000Z</time><extensions>
<ns3:TrackPointExtension>
<ns3:hr>146</ns3:hr>
</ns3:TrackPointExtension>
</extensions>
</trkpt>
<trkpt lat="35.1764573756" lon="129.2022493073">
<ele>0</ele>
<time>2026-05-19T06:35:46.000Z</time><extensions>
<ns3:TrackPointExtension>
<ns3:hr>146</ns3:hr>
</ns3:TrackPointExtension>
</extensions>
</trkpt>
<trkpt lat="35.1764946461" lon="129.2021372705">
<ele>0</ele>
<time>2026-05-19T06:35:47.000Z</time><extensions>
<ns3:TrackPointExtension>
<ns3:hr>146</ns3:hr>
</ns3:TrackPointExtension>
</extensions>
</trkpt>
<trkpt lat="35.1765319128" lon="129.2020221225">
<ele>0</ele>
<time>2026-05-19T06:35:48.000Z</time><extensions>
<ns3:TrackPointExtension>
<ns3:hr>146</ns3:hr>
</ns3:TrackPointExtension>
</extensions>
</trkpt>
<trkpt lat="35.1765680606" lon="129.2019043791">
<ele>0</ele>
<time>2026-05-19T06:35:49.000Z</time><extensions>
<ns3:TrackPointExtension>
<ns3:hr>146</ns3:hr>
</ns3:TrackPointExtension>
</extensions>
</trkpt>
<trkpt lat="35.1765980835" lon="129.2017844555">
<ele>0</ele>
<time>2026-05-19T06:35:50.000Z</time><extensions>
<ns3:TrackPointExtension>
<ns3:hr>147</ns3:hr>
</ns3:TrackPointExtension>
</extensions>
</trkpt>
<trkpt lat="35.1766217203" lon="129.2016637029">
<ele>0</ele>
<time>2026-05-19T06:35:51.000Z</time><extensions>
<ns3:TrackPointExtension>
<ns3:hr>147</ns3:hr>
</ns3:TrackPointExtension>
</extensions>
</trkpt>
<trkpt lat="35.1766456384" lon="129.2015460404">
<ele>0</ele>
<time>2026-05-19T06:35:52.000Z</time><extensions>
<ns3:TrackPointExtension>
<ns3:hr>147</ns3:hr>
</ns3:TrackPointExtension>
</extensions>
</trkpt>
<trkpt lat="35.17666842" lon="129.2014282679">
<ele>0</ele>
<time>2026-05-19T06:35:53.000Z</time><extensions>
<ns3:TrackPointExtension>
<ns3:hr>147</ns3:hr>
</ns3:TrackPointExtension>
</extensions>
</trkpt>
<trkpt lat="35.1766869075" lon="129.2013085568">
<ele>0</ele>
<time>2026-05-19T06:35:54.000Z</time><extensions>
<ns3:TrackPointExtension>
<ns3:hr>145</ns3:hr>
</ns3:TrackPointExtension>
</extensions>
</trkpt>
<trkpt lat="35.1767024685" lon="129.201187588">
<ele>0</ele>
<time>2026-05-19T06:35:55.000Z</time><extensions>
<ns3:TrackPointExtension>
<ns3:hr>145</ns3:hr>
</ns3:TrackPointExtension>
</extensions>
</trkpt>
<trkpt lat="35.1767137675" lon="129.2010684299">
<ele>0</ele>
<time>2026-05-19T06:35:56.000Z</time><extensions>
<ns3:TrackPointExtension>
<ns3:hr>145</ns3:hr>
</ns3:TrackPointExtension>
</extensions>
</trkpt>
<trkpt lat="35.1767213086" lon="129.2009454575">
<ele>0</ele>
<time>2026-05-19T06:35:57.000Z</time><extensions>
<ns3:TrackPointExtension>
<ns3:hr>145</ns3:hr>
</ns3:TrackPointExtension>
</extensions>
</trkpt>
<trkpt lat="35.17672736" lon="129.2008221835">
<ele>0</ele>
<time>2026-05-19T06:35:58.000Z</time><extensions>
<ns3:TrackPointExtension>
<ns3:hr>145</ns3:hr>
</ns3:TrackPointExtension>
</extensions>
</trkpt>
<trkpt lat="35.1767353863" lon="129.2006949547">
<ele>0</ele>
<time>2026-05-19T06:35:59.000Z</time><extensions>
<ns3:TrackPointExtension>
<ns3:hr>145</ns3:hr>
</ns3:TrackPointExtension>
</extensions>
</trkpt>
<trkpt lat="35.1767401646" lon="129.2005690631">
<ele>0</ele>
<time>2026-05-19T06:36:00.000Z</time><extensions>
<ns3:TrackPointExtension>
<ns3:hr>145</ns3:hr>
</ns3:TrackPointExtension>
</extensions>
</trkpt>
<trkpt lat="35.1767430645" lon="129.2004415848">
<ele>0</ele>
<time>2026-05-19T06:36:01.000Z</time><extensions>
<ns3:TrackPointExtension>
<ns3:hr>145</ns3:hr>
</ns3:TrackPointExtension>
</extensions>
</trkpt>
<trkpt lat="35.1767472831" lon="129.2003144024">
<ele>0</ele>
<time>2026-05-19T06:36:02.000Z</time><extensions>
<ns3:TrackPointExtension>
<ns3:hr>145</ns3:hr>
</ns3:TrackPointExtension>
</extensions>
</trkpt>
<trkpt lat="35.1767522051" lon="129.2001817038">
<ele>0</ele>
<time>2026-05-19T06:36:03.000Z</time><extensions>
<ns3:TrackPointExtension>
<ns3:hr>145</ns3:hr>
</ns3:TrackPointExtension>
</extensions>
</trkpt>
<trkpt lat="35.1767484687" lon="129.2000567751">
<ele>0</ele>
<time>2026-05-19T06:36:04.000Z</time><extensions>
<ns3:TrackPointExtension>
<ns3:hr>145</ns3:hr>
</ns3:TrackPointExtension>
</extensions>
</trkpt>
<trkpt lat="35.1767219041" lon="129.1999452779">
<ele>0</ele>
<time>2026-05-19T06:36:05.000Z</time><extensions>
<ns3:TrackPointExtension>
<ns3:hr>152</ns3:hr>
</ns3:TrackPointExtension>
</extensions>
</trkpt>
<trkpt lat="35.1766698131" lon="129.1998650819">
<ele>0</ele>
<time>2026-05-19T06:36:06.000Z</time><extensions>
<ns3:TrackPointExtension>
<ns3:hr>152</ns3:hr>
</ns3:TrackPointExtension>
</extensions>
</trkpt>
<trkpt lat="35.1766150917" lon="129.1998123904">
<ele>0</ele>
<time>2026-05-19T06:36:07.000Z</time><extensions>
<ns3:TrackPointExtension>
<ns3:hr>152</ns3:hr>
</ns3:TrackPointExtension>
</extensions>
</trkpt>
<trkpt lat="35.1765641552" lon="129.1998073113">
<ele>0</ele>
<time>2026-05-19T06:36:08.000Z</time><extensions>
<ns3:TrackPointExtension>
<ns3:hr>152</ns3:hr>
</ns3:TrackPointExtension>
</extensions>
</trkpt>
<trkpt lat="35.1765110674" lon="129.1998412098">
<ele>0</ele>
<time>2026-05-19T06:36:09.000Z</time><extensions>
<ns3:TrackPointExtension>
<ns3:hr>153</ns3:hr>
</ns3:TrackPointExtension>
</extensions>
</trkpt>
<trkpt lat="35.17648667" lon="129.1999156542">
<ele>0</ele>
<time>2026-05-19T06:36:10.000Z</time><extensions>
<ns3:TrackPointExtension>
<ns3:hr>153</ns3:hr>
</ns3:TrackPointExtension>
</extensions>
</trkpt>
<trkpt lat="35.1764758968" lon="129.1999942495">
<ele>0</ele>
<time>2026-05-19T06:36:11.000Z</time><extensions>
<ns3:TrackPointExtension>
<ns3:hr>153</ns3:hr>
</ns3:TrackPointExtension>
</extensions>
</trkpt>
<trkpt lat="35.1764563859" lon="129.2000760379">
<ele>0</ele>
<time>2026-05-19T06:36:12.000Z</time><extensions>
<ns3:TrackPointExtension>
<ns3:hr>153</ns3:hr>
</ns3:TrackPointExtension>
</extensions>
</trkpt>
<trkpt lat="35.1764264045" lon="129.2001584736">
<ele>0</ele>
<time>2026-05-19T06:36:13.000Z</time><extensions>
<ns3:TrackPointExtension>
<ns3:hr>153</ns3:hr>
</ns3:TrackPointExtension>
</extensions>
</trkpt>
<trkpt lat="35.1763937635" lon="129.2002393412">
<ele>0</ele>
<time>2026-05-19T06:36:14.000Z</time><extensions>
<ns3:TrackPointExtension>
<ns3:hr>153</ns3:hr>
</ns3:TrackPointExtension>
</extensions>
</trkpt>
<trkpt lat="35.1763536084" lon="129.2003120678">
<ele>0</ele>
<time>2026-05-19T06:36:15.000Z</time><extensions>
<ns3:TrackPointExtension>
<ns3:hr>153</ns3:hr>
</ns3:TrackPointExtension>
</extensions>
</trkpt>
<trkpt lat="35.1763136535" lon="129.2003848887">
<ele>0</ele>
<time>2026-05-19T06:36:16.000Z</time><extensions>
<ns3:TrackPointExtension>
<ns3:hr>153</ns3:hr>
</ns3:TrackPointExtension>
</extensions>
</trkpt>
<trkpt lat="35.1762720145" lon="129.200459671">
<ele>0</ele>
<time>2026-05-19T06:36:17.000Z</time><extensions>
<ns3:TrackPointExtension>
<ns3:hr>153</ns3:hr>
</ns3:TrackPointExtension>
</extensions>
</trkpt>
<trkpt lat="35.1762309562" lon="129.2005341375">
<ele>0</ele>
<time>2026-05-19T06:36:18.000Z</time><extensions>
<ns3:TrackPointExtension>
<ns3:hr>153</ns3:hr>
</ns3:TrackPointExtension>
</extensions>
</trkpt>
<trkpt lat="35.1761897892" lon="129.2006103336">
<ele>0</ele>
<time>2026-05-19T06:36:19.000Z</time><extensions>
<ns3:TrackPointExtension>
<ns3:hr>152</ns3:hr>
</ns3:TrackPointExtension>
</extensions>
</trkpt>
<trkpt lat="35.1761463999" lon="129.200686612">
<ele>0</ele>
<time>2026-05-19T06:36:20.000Z</time><extensions>
<ns3:TrackPointExtension>
<ns3:hr>152</ns3:hr>
</ns3:TrackPointExtension>
</extensions>
</trkpt>
<trkpt lat="35.1761014534" lon="129.2007628507">
<ele>0</ele>
<time>2026-05-19T06:36:21.000Z</time><extensions>
<ns3:TrackPointExtension>
<ns3:hr>152</ns3:hr>
</ns3:TrackPointExtension>
</extensions>
</trkpt>
<trkpt lat="35.17605702" lon="129.2008406113">
<ele>0</ele>
<time>2026-05-19T06:36:22.000Z</time><extensions>
<ns3:TrackPointExtension>
<ns3:hr>152</ns3:hr>
</ns3:TrackPointExtension>
</extensions>
</trkpt>
<trkpt lat="35.1760097972" lon="129.2009178041">
<ele>0</ele>
<time>2026-05-19T06:36:23.000Z</time><extensions>
<ns3:TrackPointExtension>
<ns3:hr>152</ns3:hr>
</ns3:TrackPointExtension>
</extensions>
</trkpt>
<trkpt lat="35.1759610003" lon="129.2009942743">
<ele>0</ele>
<time>2026-05-19T06:36:24.000Z</time><extensions>
<ns3:TrackPointExtension>
<ns3:hr>152</ns3:hr>
</ns3:TrackPointExtension>
</extensions>
</trkpt>
<trkpt lat="35.1759126093" lon="129.2010716086">
<ele>0</ele>
<time>2026-05-19T06:36:25.000Z</time><extensions>
<ns3:TrackPointExtension>
<ns3:hr>153</ns3:hr>
</ns3:TrackPointExtension>
</extensions>
</trkpt>
<trkpt lat="35.1758626833" lon="129.2011488188">
<ele>0</ele>
<time>2026-05-19T06:36:26.000Z</time><extensions>
<ns3:TrackPointExtension>
<ns3:hr>153</ns3:hr>
</ns3:TrackPointExtension>
</extensions>
</trkpt>
<trkpt lat="35.1758137339" lon="129.2012249448">
<ele>0</ele>
<time>2026-05-19T06:36:27.000Z</time><extensions>
<ns3:TrackPointExtension>
<ns3:hr>153</ns3:hr>
</ns3:TrackPointExtension>
</extensions>
</trkpt>
<trkpt lat="35.1757674298" lon="129.2013026475">
<ele>0</ele>
<time>2026-05-19T06:36:28.000Z</time><extensions>
<ns3:TrackPointExtension>
<ns3:hr>153</ns3:hr>
</ns3:TrackPointExtension>
</extensions>
</trkpt>
<trkpt lat="35.1757259019" lon="129.201386467">
<ele>0</ele>
<time>2026-05-19T06:36:29.000Z</time><extensions>
<ns3:TrackPointExtension>
<ns3:hr>153</ns3:hr>
</ns3:TrackPointExtension>
</extensions>
</trkpt>
<trkpt lat="35.1756860076" lon="129.2014737441">
<ele>0</ele>
<time>2026-05-19T06:36:30.000Z</time><extensions>
<ns3:TrackPointExtension>
<ns3:hr>155</ns3:hr>
</ns3:TrackPointExtension>
</extensions>
</trkpt>
<trkpt lat="35.1756468073" lon="129.2015606607">
<ele>0</ele>
<time>2026-05-19T06:36:31.000Z</time><extensions>
<ns3:TrackPointExtension>
<ns3:hr>155</ns3:hr>
</ns3:TrackPointExtension>
</extensions>
</trkpt>
<trkpt lat="35.1756019513" lon="129.2016511504">
<ele>0</ele>
<time>2026-05-19T06:36:32.000Z</time><extensions>
<ns3:TrackPointExtension>
<ns3:hr>155</ns3:hr>
</ns3:TrackPointExtension>
</extensions>
</trkpt>
<trkpt lat="35.1755578297" lon="129.2017420889">
<ele>0</ele>
<time>2026-05-19T06:36:33.000Z</time><extensions>
<ns3:TrackPointExtension>
<ns3:hr>155</ns3:hr>
</ns3:TrackPointExtension>
</extensions>
</trkpt>
<trkpt lat="35.1755133804" lon="129.2018314915">
<ele>0</ele>
<time>2026-05-19T06:36:34.000Z</time><extensions>
<ns3:TrackPointExtension>
<ns3:hr>155</ns3:hr>
</ns3:TrackPointExtension>
</extensions>
</trkpt>
<trkpt lat="35.1754679235" lon="129.201920382">
<ele>0</ele>
<time>2026-05-19T06:36:35.000Z</time><extensions>
<ns3:TrackPointExtension>
<ns3:hr>155</ns3:hr>
</ns3:TrackPointExtension>
</extensions>
</trkpt>
<trkpt lat="35.1754215122" lon="129.2020060289">
<ele>0</ele>
<time>2026-05-19T06:36:36.000Z</time><extensions>
<ns3:TrackPointExtension>
<ns3:hr>155</ns3:hr>
</ns3:TrackPointExtension>
</extensions>
</trkpt>
<trkpt lat="35.1753751983" lon="129.2020910965">
<ele>0</ele>
<time>2026-05-19T06:36:37.000Z</time><extensions>
<ns3:TrackPointExtension>
<ns3:hr>155</ns3:hr>
</ns3:TrackPointExtension>
</extensions>
</trkpt>
<trkpt lat="35.1753301028" lon="129.2021757826">
<ele>0</ele>
<time>2026-05-19T06:36:38.000Z</time><extensions>
<ns3:TrackPointExtension>
<ns3:hr>155</ns3:hr>
</ns3:TrackPointExtension>
</extensions>
</trkpt>
<trkpt lat="35.1752882679" lon="129.202261628">
<ele>0</ele>
<time>2026-05-19T06:36:39.000Z</time><extensions>
<ns3:TrackPointExtension>
<ns3:hr>155</ns3:hr>
</ns3:TrackPointExtension>
</extensions>
</trkpt>
<trkpt lat="35.1752483474" lon="129.2023493774">
<ele>0</ele>
<time>2026-05-19T06:36:40.000Z</time><extensions>
<ns3:TrackPointExtension>
<ns3:hr>155</ns3:hr>
</ns3:TrackPointExtension>
</extensions>
</trkpt>
<trkpt lat="35.1752128488" lon="129.2024386034">
<ele>0</ele>
<time>2026-05-19T06:36:41.000Z</time><extensions>
<ns3:TrackPointExtension>
<ns3:hr>155</ns3:hr>
</ns3:TrackPointExtension>
</extensions>
</trkpt>
<trkpt lat="35.1751816837" lon="129.2025284008">
<ele>0</ele>
<time>2026-05-19T06:36:42.000Z</time><extensions>
<ns3:TrackPointExtension>
<ns3:hr>155</ns3:hr>
</ns3:TrackPointExtension>
</extensions>
</trkpt>
<trkpt lat="35.1751522618" lon="129.2026212912">
<ele>0</ele>
<time>2026-05-19T06:36:43.000Z</time><extensions>
<ns3:TrackPointExtension>
<ns3:hr>155</ns3:hr>
</ns3:TrackPointExtension>
</extensions>
</trkpt>
<trkpt lat="35.1751211097" lon="129.2027148802">
<ele>0</ele>
<time>2026-05-19T06:36:44.000Z</time><extensions>
<ns3:TrackPointExtension>
<ns3:hr>152</ns3:hr>
</ns3:TrackPointExtension>
</extensions>
</trkpt>
<trkpt lat="35.1750954601" lon="129.2028094551">
<ele>0</ele>
<time>2026-05-19T06:36:45.000Z</time><extensions>
<ns3:TrackPointExtension>
<ns3:hr>152</ns3:hr>
</ns3:TrackPointExtension>
</extensions>
</trkpt>
<trkpt lat="35.1750805646" lon="129.2029118505">
<ele>0</ele>
<time>2026-05-19T06:36:46.000Z</time><extensions>
<ns3:TrackPointExtension>
<ns3:hr>152</ns3:hr>
</ns3:TrackPointExtension>
</extensions>
</trkpt>
<trkpt lat="35.1750814302" lon="129.2030223381">
<ele>0</ele>
<time>2026-05-19T06:36:47.000Z</time><extensions>
<ns3:TrackPointExtension>
<ns3:hr>152</ns3:hr>
</ns3:TrackPointExtension>
</extensions>
</trkpt>
<trkpt lat="35.1750876896" lon="129.2031310829">
<ele>0</ele>
<time>2026-05-19T06:36:48.000Z</time><extensions>
<ns3:TrackPointExtension>
<ns3:hr>152</ns3:hr>
</ns3:TrackPointExtension>
</extensions>
</trkpt>
<trkpt lat="35.1750990784" lon="129.2032351128">
<ele>0</ele>
<time>2026-05-19T06:36:49.000Z</time><extensions>
<ns3:TrackPointExtension>
<ns3:hr>151</ns3:hr>
</ns3:TrackPointExtension>
</extensions>
</trkpt>
<trkpt lat="35.1751344963" lon="129.2033202229">
<ele>0</ele>
<time>2026-05-19T06:36:50.000Z</time><extensions>
<ns3:TrackPointExtension>
<ns3:hr>151</ns3:hr>
</ns3:TrackPointExtension>
</extensions>
</trkpt>
<trkpt lat="35.1751781924" lon="129.2033895097">
<ele>0</ele>
<time>2026-05-19T06:36:51.000Z</time><extensions>
<ns3:TrackPointExtension>
<ns3:hr>151</ns3:hr>
</ns3:TrackPointExtension>
</extensions>
</trkpt>
<trkpt lat="35.1752472207" lon="129.2034136792">
<ele>0</ele>
<time>2026-05-19T06:36:52.000Z</time><extensions>
<ns3:TrackPointExtension>
<ns3:hr>151</ns3:hr>
</ns3:TrackPointExtension>
</extensions>
</trkpt>
<trkpt lat="35.1753137879" lon="129.2033769963">
<ele>0</ele>
<time>2026-05-19T06:36:53.000Z</time><extensions>
<ns3:TrackPointExtension>
<ns3:hr>151</ns3:hr>
</ns3:TrackPointExtension>
</extensions>
</trkpt>
<trkpt lat="35.1753510406" lon="129.2033034374">
<ele>0</ele>
<time>2026-05-19T06:36:54.000Z</time><extensions>
<ns3:TrackPointExtension>
<ns3:hr>151</ns3:hr>
</ns3:TrackPointExtension>
</extensions>
</trkpt>
<trkpt lat="35.175377267" lon="129.20322129">
<ele>0</ele>
<time>2026-05-19T06:36:55.000Z</time><extensions>
<ns3:TrackPointExtension>
<ns3:hr>151</ns3:hr>
</ns3:TrackPointExtension>
</extensions>
</trkpt>
<trkpt lat="35.1753972928" lon="129.2031379164">
<ele>0</ele>
<time>2026-05-19T06:36:56.000Z</time><extensions>
<ns3:TrackPointExtension>
<ns3:hr>151</ns3:hr>
</ns3:TrackPointExtension>
</extensions>
</trkpt>
<trkpt lat="35.1754222492" lon="129.2030410132">
<ele>0</ele>
<time>2026-05-19T06:36:57.000Z</time><extensions>
<ns3:TrackPointExtension>
<ns3:hr>151</ns3:hr>
</ns3:TrackPointExtension>
</extensions>
</trkpt>
<trkpt lat="35.1754562982" lon="129.202957151">
<ele>0</ele>
<time>2026-05-19T06:36:58.000Z</time><extensions>
<ns3:TrackPointExtension>
<ns3:hr>151</ns3:hr>
</ns3:TrackPointExtension>
</extensions>
</trkpt>
<trkpt lat="35.1754907339" lon="129.2028742277">
<ele>0</ele>
<time>2026-05-19T06:36:59.000Z</time><extensions>
<ns3:TrackPointExtension>
<ns3:hr>151</ns3:hr>
</ns3:TrackPointExtension>
</extensions>
</trkpt>
<trkpt lat="35.175523729" lon="129.202802229">
<ele>0</ele>
<time>2026-05-19T06:37:00.000Z</time><extensions>
<ns3:TrackPointExtension>
<ns3:hr>151</ns3:hr>
</ns3:TrackPointExtension>
</extensions>
</trkpt>
<trkpt lat="35.175552518" lon="129.2027282885">
<ele>0</ele>
<time>2026-05-19T06:37:01.000Z</time><extensions>
<ns3:TrackPointExtension>
<ns3:hr>151</ns3:hr>
</ns3:TrackPointExtension>
</extensions>
</trkpt>
<trkpt lat="35.1755774822" lon="129.202651476">
<ele>0</ele>
<time>2026-05-19T06:37:02.000Z</time><extensions>
<ns3:TrackPointExtension>
<ns3:hr>151</ns3:hr>
</ns3:TrackPointExtension>
</extensions>
</trkpt>
<trkpt lat="35.1755990364" lon="129.2025727763">
<ele>0</ele>
<time>2026-05-19T06:37:03.000Z</time><extensions>
<ns3:TrackPointExtension>
<ns3:hr>151</ns3:hr>
</ns3:TrackPointExtension>
</extensions>
</trkpt>
<trkpt lat="35.1756148088" lon="129.202491237">
<ele>0</ele>
<time>2026-05-19T06:37:04.000Z</time><extensions>
<ns3:TrackPointExtension>
<ns3:hr>151</ns3:hr>
</ns3:TrackPointExtension>
</extensions>
</trkpt>
<trkpt lat="35.1756293414" lon="129.202400331">
<ele>0</ele>
<time>2026-05-19T06:37:05.000Z</time><extensions>
<ns3:TrackPointExtension>
<ns3:hr>152</ns3:hr>
</ns3:TrackPointExtension>
</extensions>
</trkpt>
<trkpt lat="35.1756395662" lon="129.2023229721">
<ele>0</ele>
<time>2026-05-19T06:37:06.000Z</time><extensions>
<ns3:TrackPointExtension>
<ns3:hr>152</ns3:hr>
</ns3:TrackPointExtension>
</extensions>
</trkpt>
<trkpt lat="35.1756431411" lon="129.2022444852">
<ele>0</ele>
<time>2026-05-19T06:37:07.000Z</time><extensions>
<ns3:TrackPointExtension>
<ns3:hr>152</ns3:hr>
</ns3:TrackPointExtension>
</extensions>
</trkpt>
<trkpt lat="35.1756453064" lon="129.2021665312">
<ele>0</ele>
<time>2026-05-19T06:37:08.000Z</time><extensions>
<ns3:TrackPointExtension>
<ns3:hr>152</ns3:hr>
</ns3:TrackPointExtension>
</extensions>
</trkpt>
<trkpt lat="35.1756450573" lon="129.202083538">
<ele>0</ele>
<time>2026-05-19T06:37:09.000Z</time><extensions>
<ns3:TrackPointExtension>
<ns3:hr>152</ns3:hr>
</ns3:TrackPointExtension>
</extensions>
</trkpt>
<trkpt lat="35.17564451" lon="129.2019951394">
<ele>0</ele>
<time>2026-05-19T06:37:10.000Z</time><extensions>
<ns3:TrackPointExtension>
<ns3:hr>152</ns3:hr>
</ns3:TrackPointExtension>
</extensions>
</trkpt>
<trkpt lat="35.1756481838" lon="129.2019066845">
<ele>0</ele>
<time>2026-05-19T06:37:11.000Z</time><extensions>
<ns3:TrackPointExtension>
<ns3:hr>152</ns3:hr>
</ns3:TrackPointExtension>
</extensions>
</trkpt>
<trkpt lat="35.1756626727" lon="129.2018171787">
<ele>0</ele>
<time>2026-05-19T06:37:12.000Z</time><extensions>
<ns3:TrackPointExtension>
<ns3:hr>152</ns3:hr>
</ns3:TrackPointExtension>
</extensions>
</trkpt>
<trkpt lat="35.1756907696" lon="129.2017301923">
<ele>0</ele>
<time>2026-05-19T06:37:13.000Z</time><extensions>
<ns3:TrackPointExtension>
<ns3:hr>152</ns3:hr>
</ns3:TrackPointExtension>
</extensions>
</trkpt>
<trkpt lat="35.1757111395" lon="129.2016351218">
<ele>0</ele>
<time>2026-05-19T06:37:14.000Z</time><extensions>
<ns3:TrackPointExtension>
<ns3:hr>152</ns3:hr>
</ns3:TrackPointExtension>
</extensions>
</trkpt>
<trkpt lat="35.1757309045" lon="129.2015394586">
<ele>0</ele>
<time>2026-05-19T06:37:15.000Z</time><extensions>
<ns3:TrackPointExtension>
<ns3:hr>152</ns3:hr>
</ns3:TrackPointExtension>
</extensions>
</trkpt>
<trkpt lat="35.1757425396" lon="129.2014349671">
<ele>0</ele>
<time>2026-05-19T06:37:16.000Z</time><extensions>
<ns3:TrackPointExtension>
<ns3:hr>152</ns3:hr>
</ns3:TrackPointExtension>
</extensions>
</trkpt>
<trkpt lat="35.175749928" lon="129.2013314825">
<ele>0</ele>
<time>2026-05-19T06:37:17.000Z</time><extensions>
<ns3:TrackPointExtension>
<ns3:hr>152</ns3:hr>
</ns3:TrackPointExtension>
</extensions>
</trkpt>
<trkpt lat="35.1757517252" lon="129.201228">
<ele>0</ele>
<time>2026-05-19T06:37:18.000Z</time><extensions>
<ns3:TrackPointExtension>
<ns3:hr>152</ns3:hr>
</ns3:TrackPointExtension>
</extensions>
</trkpt>
<trkpt lat="35.1757523232" lon="129.2011233949">
<ele>0</ele>
<time>2026-05-19T06:37:19.000Z</time><extensions>
<ns3:TrackPointExtension>
<ns3:hr>152</ns3:hr>
</ns3:TrackPointExtension>
</extensions>
</trkpt>
<trkpt lat="35.1757497211" lon="129.2010165551">
<ele>0</ele>
<time>2026-05-19T06:37:20.000Z</time><extensions>
<ns3:TrackPointExtension>
<ns3:hr>152</ns3:hr>
</ns3:TrackPointExtension>
</extensions>
</trkpt>
<trkpt lat="35.1757422222" lon="129.2009071021">
<ele>0</ele>
<time>2026-05-19T06:37:21.000Z</time><extensions>
<ns3:TrackPointExtension>
<ns3:hr>152</ns3:hr>
</ns3:TrackPointExtension>
</extensions>
</trkpt>
<trkpt lat="35.1757366357" lon="129.200800512">
<ele>0</ele>
<time>2026-05-19T06:37:22.000Z</time><extensions>
<ns3:TrackPointExtension>
<ns3:hr>152</ns3:hr>
</ns3:TrackPointExtension>
</extensions>
</trkpt>
<trkpt lat="35.175738052" lon="129.2006975239">
<ele>0</ele>
<time>2026-05-19T06:37:23.000Z</time><extensions>
<ns3:TrackPointExtension>
<ns3:hr>152</ns3:hr>
</ns3:TrackPointExtension>
</extensions>
</trkpt>
<trkpt lat="35.1757387733" lon="129.2005916024">
<ele>0</ele>
<time>2026-05-19T06:37:24.000Z</time><extensions>
<ns3:TrackPointExtension>
<ns3:hr>151</ns3:hr>
</ns3:TrackPointExtension>
</extensions>
</trkpt>
<trkpt lat="35.1757400317" lon="129.2004951384">
<ele>0</ele>
<time>2026-05-19T06:37:25.000Z</time><extensions>
<ns3:TrackPointExtension>
<ns3:hr>151</ns3:hr>
</ns3:TrackPointExtension>
</extensions>
</trkpt>
<trkpt lat="35.1757447319" lon="129.2003931398">
<ele>0</ele>
<time>2026-05-19T06:37:26.000Z</time><extensions>
<ns3:TrackPointExtension>
<ns3:hr>151</ns3:hr>
</ns3:TrackPointExtension>
</extensions>
</trkpt>
<trkpt lat="35.1757504072" lon="129.200287452">
<ele>0</ele>
<time>2026-05-19T06:37:27.000Z</time><extensions>
<ns3:TrackPointExtension>
<ns3:hr>151</ns3:hr>
</ns3:TrackPointExtension>
</extensions>
</trkpt>
<trkpt lat="35.1757581793" lon="129.2001784059">
<ele>0</ele>
<time>2026-05-19T06:37:28.000Z</time><extensions>
<ns3:TrackPointExtension>
<ns3:hr>151</ns3:hr>
</ns3:TrackPointExtension>
</extensions>
</trkpt>
<trkpt lat="35.1757669003" lon="129.2000669891">
<ele>0</ele>
<time>2026-05-19T06:37:29.000Z</time><extensions>
<ns3:TrackPointExtension>
<ns3:hr>151</ns3:hr>
</ns3:TrackPointExtension>
</extensions>
</trkpt>
<trkpt lat="35.1757840068" lon="129.1999569316">
<ele>0</ele>
<time>2026-05-19T06:37:30.000Z</time><extensions>
<ns3:TrackPointExtension>
<ns3:hr>151</ns3:hr>
</ns3:TrackPointExtension>
</extensions>
</trkpt>
<trkpt lat="35.1758054622" lon="129.1998447334">
<ele>0</ele>
<time>2026-05-19T06:37:31.000Z</time><extensions>
<ns3:TrackPointExtension>
<ns3:hr>151</ns3:hr>
</ns3:TrackPointExtension>
</extensions>
</trkpt>
<trkpt lat="35.1758365223" lon="129.1997359709">
<ele>0</ele>
<time>2026-05-19T06:37:32.000Z</time><extensions>
<ns3:TrackPointExtension>
<ns3:hr>151</ns3:hr>
</ns3:TrackPointExtension>
</extensions>
</trkpt>
<trkpt lat="35.1758767842" lon="129.1996267535">
<ele>0</ele>
<time>2026-05-19T06:37:33.000Z</time><extensions>
<ns3:TrackPointExtension>
<ns3:hr>151</ns3:hr>
</ns3:TrackPointExtension>
</extensions>
</trkpt>
<trkpt lat="35.1759248475" lon="129.1995180995">
<ele>0</ele>
<time>2026-05-19T06:37:34.000Z</time><extensions>
<ns3:TrackPointExtension>
<ns3:hr>152</ns3:hr>
</ns3:TrackPointExtension>
</extensions>
</trkpt>
<trkpt lat="35.1759830855" lon="129.1994198315">
<ele>0</ele>
<time>2026-05-19T06:37:35.000Z</time><extensions>
<ns3:TrackPointExtension>
<ns3:hr>152</ns3:hr>
</ns3:TrackPointExtension>
</extensions>
</trkpt>
<trkpt lat="35.176053573" lon="129.1993419441">
<ele>0</ele>
<time>2026-05-19T06:37:36.000Z</time><extensions>
<ns3:TrackPointExtension>
<ns3:hr>152</ns3:hr>
</ns3:TrackPointExtension>
</extensions>
</trkpt>
<trkpt lat="35.1761267307" lon="129.1992866744">
<ele>0</ele>
<time>2026-05-19T06:37:37.000Z</time><extensions>
<ns3:TrackPointExtension>
<ns3:hr>152</ns3:hr>
</ns3:TrackPointExtension>
</extensions>
</trkpt>
<trkpt lat="35.1762080695" lon="129.1992778115">
<ele>0</ele>
<time>2026-05-19T06:37:38.000Z</time><extensions>
<ns3:TrackPointExtension>
<ns3:hr>152</ns3:hr>
</ns3:TrackPointExtension>
</extensions>
</trkpt>
<trkpt lat="35.1762808605" lon="129.1993011">
<ele>0</ele>
<time>2026-05-19T06:37:39.000Z</time><extensions>
<ns3:TrackPointExtension>
<ns3:hr>150</ns3:hr>
</ns3:TrackPointExtension>
</extensions>
</trkpt>
<trkpt lat="35.1763331237" lon="129.199364033">
<ele>0</ele>
<time>2026-05-19T06:37:40.000Z</time><extensions>
<ns3:TrackPointExtension>
<ns3:hr>150</ns3:hr>
</ns3:TrackPointExtension>
</extensions>
</trkpt>
<trkpt lat="35.1763606037" lon="129.1994725707">
<ele>0</ele>
<time>2026-05-19T06:37:41.000Z</time><extensions>
<ns3:TrackPointExtension>
<ns3:hr>150</ns3:hr>
</ns3:TrackPointExtension>
</extensions>
</trkpt>
<trkpt lat="35.1763812265" lon="129.1995676948">
<ele>0</ele>
<time>2026-05-19T06:37:42.000Z</time><extensions>
<ns3:TrackPointExtension>
<ns3:hr>150</ns3:hr>
</ns3:TrackPointExtension>
</extensions>
</trkpt>
<trkpt lat="35.1763970625" lon="129.1996498657">
<ele>0</ele>
<time>2026-05-19T06:37:43.000Z</time><extensions>
<ns3:TrackPointExtension>
<ns3:hr>150</ns3:hr>
</ns3:TrackPointExtension>
</extensions>
</trkpt>
<trkpt lat="35.1764070808" lon="129.1997340093">
<ele>0</ele>
<time>2026-05-19T06:37:44.000Z</time><extensions>
<ns3:TrackPointExtension>
<ns3:hr>149</ns3:hr>
</ns3:TrackPointExtension>
</extensions>
</trkpt>
<trkpt lat="35.176398365" lon="129.1998222579">
<ele>0</ele>
<time>2026-05-19T06:37:45.000Z</time><extensions>
<ns3:TrackPointExtension>
<ns3:hr>149</ns3:hr>
</ns3:TrackPointExtension>
</extensions>
</trkpt>
<trkpt lat="35.1763806461" lon="129.199910369">
<ele>0</ele>
<time>2026-05-19T06:37:46.000Z</time><extensions>
<ns3:TrackPointExtension>
<ns3:hr>149</ns3:hr>
</ns3:TrackPointExtension>
</extensions>
</trkpt>
<trkpt lat="35.1763639328" lon="129.2000020746">
<ele>0</ele>
<time>2026-05-19T06:37:47.000Z</time><extensions>
<ns3:TrackPointExtension>
<ns3:hr>149</ns3:hr>
</ns3:TrackPointExtension>
</extensions>
</trkpt>
<trkpt lat="35.1763437669" lon="129.2000951049">
<ele>0</ele>
<time>2026-05-19T06:37:48.000Z</time><extensions>
<ns3:TrackPointExtension>
<ns3:hr>149</ns3:hr>
</ns3:TrackPointExtension>
</extensions>
</trkpt>
<trkpt lat="35.1763214937" lon="129.2001920422">
<ele>0</ele>
<time>2026-05-19T06:37:49.000Z</time><extensions>
<ns3:TrackPointExtension>
<ns3:hr>149</ns3:hr>
</ns3:TrackPointExtension>
</extensions>
</trkpt>
<trkpt lat="35.1762904408" lon="129.2002865633">
<ele>0</ele>
<time>2026-05-19T06:37:50.000Z</time><extensions>
<ns3:TrackPointExtension>
<ns3:hr>149</ns3:hr>
</ns3:TrackPointExtension>
</extensions>
</trkpt>
<trkpt lat="35.1762529506" lon="129.2003792432">
<ele>0</ele>
<time>2026-05-19T06:37:51.000Z</time><extensions>
<ns3:TrackPointExtension>
<ns3:hr>149</ns3:hr>
</ns3:TrackPointExtension>
</extensions>
</trkpt>
<trkpt lat="35.1762149578" lon="129.2004721868">
<ele>0</ele>
<time>2026-05-19T06:37:52.000Z</time><extensions>
<ns3:TrackPointExtension>
<ns3:hr>149</ns3:hr>
</ns3:TrackPointExtension>
</extensions>
</trkpt>
<trkpt lat="35.1761734274" lon="129.2005657989">
<ele>0</ele>
<time>2026-05-19T06:37:53.000Z</time><extensions>
<ns3:TrackPointExtension>
<ns3:hr>149</ns3:hr>
</ns3:TrackPointExtension>
</extensions>
</trkpt>
<trkpt lat="35.1761263436" lon="129.2006555876">
<ele>0</ele>
<time>2026-05-19T06:37:54.000Z</time><extensions>
<ns3:TrackPointExtension>
<ns3:hr>151</ns3:hr>
</ns3:TrackPointExtension>
</extensions>
</trkpt>
<trkpt lat="35.1760778285" lon="129.2007438531">
<ele>0</ele>
<time>2026-05-19T06:37:55.000Z</time><extensions>
<ns3:TrackPointExtension>
<ns3:hr>151</ns3:hr>
</ns3:TrackPointExtension>
</extensions>
</trkpt>
<trkpt lat="35.1760283207" lon="129.200832105">
<ele>0</ele>
<time>2026-05-19T06:37:56.000Z</time><extensions>
<ns3:TrackPointExtension>
<ns3:hr>151</ns3:hr>
</ns3:TrackPointExtension>
</extensions>
</trkpt>
<trkpt lat="35.1759757223" lon="129.2009176629">
<ele>0</ele>
<time>2026-05-19T06:37:57.000Z</time><extensions>
<ns3:TrackPointExtension>
<ns3:hr>151</ns3:hr>
</ns3:TrackPointExtension>
</extensions>
</trkpt>
<trkpt lat="35.1759227754" lon="129.2010012222">
<ele>0</ele>
<time>2026-05-19T06:37:58.000Z</time><extensions>
<ns3:TrackPointExtension>
<ns3:hr>151</ns3:hr>
</ns3:TrackPointExtension>
</extensions>
</trkpt>
<trkpt lat="35.1758673465" lon="129.2010830269">
<ele>0</ele>
<time>2026-05-19T06:37:59.000Z</time><extensions>
<ns3:TrackPointExtension>
<ns3:hr>152</ns3:hr>
</ns3:TrackPointExtension>
</extensions>
</trkpt>
<trkpt lat="35.1758122274" lon="129.2011637353">
<ele>0</ele>
<time>2026-05-19T06:38:00.000Z</time><extensions>
<ns3:TrackPointExtension>
<ns3:hr>152</ns3:hr>
</ns3:TrackPointExtension>
</extensions>
</trkpt>
<trkpt lat="35.1757561425" lon="129.2012431882">
<ele>0</ele>
<time>2026-05-19T06:38:01.000Z</time><extensions>
<ns3:TrackPointExtension>
<ns3:hr>152</ns3:hr>
</ns3:TrackPointExtension>
</extensions>
</trkpt>
<trkpt lat="35.1757003505" lon="129.2013210404">
<ele>0</ele>
<time>2026-05-19T06:38:02.000Z</time><extensions>
<ns3:TrackPointExtension>
<ns3:hr>152</ns3:hr>
</ns3:TrackPointExtension>
</extensions>
</trkpt>
<trkpt lat="35.1756474072" lon="129.2014038347">
<ele>0</ele>
<time>2026-05-19T06:38:03.000Z</time><extensions>
<ns3:TrackPointExtension>
<ns3:hr>152</ns3:hr>
</ns3:TrackPointExtension>
</extensions>
</trkpt>
<trkpt lat="35.1755948127" lon="129.2014851539">
<ele>0</ele>
<time>2026-05-19T06:38:04.000Z</time><extensions>
<ns3:TrackPointExtension>
<ns3:hr>152</ns3:hr>
</ns3:TrackPointExtension>
</extensions>
</trkpt>
<trkpt lat="35.1755438652" lon="129.2015700936">
<ele>0</ele>
<time>2026-05-19T06:38:05.000Z</time><extensions>
<ns3:TrackPointExtension>
<ns3:hr>152</ns3:hr>
</ns3:TrackPointExtension>
</extensions>
</trkpt>
<trkpt lat="35.1754921924" lon="129.2016532575">
<ele>0</ele>
<time>2026-05-19T06:38:06.000Z</time><extensions>
<ns3:TrackPointExtension>
<ns3:hr>152</ns3:hr>
</ns3:TrackPointExtension>
</extensions>
</trkpt>
<trkpt lat="35.1754425007" lon="129.2017385619">
<ele>0</ele>
<time>2026-05-19T06:38:07.000Z</time><extensions>
<ns3:TrackPointExtension>
<ns3:hr>152</ns3:hr>
</ns3:TrackPointExtension>
</extensions>
</trkpt>
<trkpt lat="35.1753920891" lon="129.2018249603">
<ele>0</ele>
<time>2026-05-19T06:38:08.000Z</time><extensions>
<ns3:TrackPointExtension>
<ns3:hr>152</ns3:hr>
</ns3:TrackPointExtension>
</extensions>
</trkpt>
<trkpt lat="35.1753415141" lon="129.201913776">
<ele>0</ele>
<time>2026-05-19T06:38:09.000Z</time><extensions>
<ns3:TrackPointExtension>
<ns3:hr>152</ns3:hr>
</ns3:TrackPointExtension>
</extensions>
</trkpt>
<trkpt lat="35.1752903622" lon="129.2020027942">
<ele>0</ele>
<time>2026-05-19T06:38:10.000Z</time><extensions>
<ns3:TrackPointExtension>
<ns3:hr>151</ns3:hr>
</ns3:TrackPointExtension>
</extensions>
</trkpt>
<trkpt lat="35.1752371866" lon="129.2020910024">
<ele>0</ele>
<time>2026-05-19T06:38:11.000Z</time><extensions>
<ns3:TrackPointExtension>
<ns3:hr>151</ns3:hr>
</ns3:TrackPointExtension>
</extensions>
</trkpt>
<trkpt lat="35.1751803595" lon="129.2021764777">
<ele>0</ele>
<time>2026-05-19T06:38:12.000Z</time><extensions>
<ns3:TrackPointExtension>
<ns3:hr>151</ns3:hr>
</ns3:TrackPointExtension>
</extensions>
</trkpt>
<trkpt lat="35.1751245401" lon="129.2022617811">
<ele>0</ele>
<time>2026-05-19T06:38:13.000Z</time><extensions>
<ns3:TrackPointExtension>
<ns3:hr>151</ns3:hr>
</ns3:TrackPointExtension>
</extensions>
</trkpt>
<trkpt lat="35.1750700713" lon="129.2023457879">
<ele>0</ele>
<time>2026-05-19T06:38:14.000Z</time><extensions>
<ns3:TrackPointExtension>
<ns3:hr>151</ns3:hr>
</ns3:TrackPointExtension>
</extensions>
</trkpt>
<trkpt lat="35.1750153362" lon="129.2024307151">
<ele>0</ele>
<time>2026-05-19T06:38:15.000Z</time><extensions>
<ns3:TrackPointExtension>
<ns3:hr>152</ns3:hr>
</ns3:TrackPointExtension>
</extensions>
</trkpt>
<trkpt lat="35.1749607504" lon="129.2025182823">
<ele>0</ele>
<time>2026-05-19T06:38:16.000Z</time><extensions>
<ns3:TrackPointExtension>
<ns3:hr>152</ns3:hr>
</ns3:TrackPointExtension>
</extensions>
</trkpt>
<trkpt lat="35.1749110084" lon="129.202610557">
<ele>0</ele>
<time>2026-05-19T06:38:17.000Z</time><extensions>
<ns3:TrackPointExtension>
<ns3:hr>152</ns3:hr>
</ns3:TrackPointExtension>
</extensions>
</trkpt>
<trkpt lat="35.1748644933" lon="129.2026998111">
<ele>0</ele>
<time>2026-05-19T06:38:18.000Z</time><extensions>
<ns3:TrackPointExtension>
<ns3:hr>152</ns3:hr>
</ns3:TrackPointExtension>
</extensions>
</trkpt>
<trkpt lat="35.174817197" lon="129.2027847606">
<ele>0</ele>
<time>2026-05-19T06:38:19.000Z</time><extensions>
<ns3:TrackPointExtension>
<ns3:hr>152</ns3:hr>
</ns3:TrackPointExtension>
</extensions>
</trkpt>
<trkpt lat="35.174766908" lon="129.20286016">
<ele>0</ele>
<time>2026-05-19T06:38:20.000Z</time><extensions>
<ns3:TrackPointExtension>
<ns3:hr>152</ns3:hr>
</ns3:TrackPointExtension>
</extensions>
</trkpt>
<trkpt lat="35.1747220983" lon="129.2029283322">
<ele>0</ele>
<time>2026-05-19T06:38:21.000Z</time><extensions>
<ns3:TrackPointExtension>
<ns3:hr>152</ns3:hr>
</ns3:TrackPointExtension>
</extensions>
</trkpt>
<trkpt lat="35.1746770403" lon="129.202988585">
<ele>0</ele>
<time>2026-05-19T06:38:22.000Z</time><extensions>
<ns3:TrackPointExtension>
<ns3:hr>152</ns3:hr>
</ns3:TrackPointExtension>
</extensions>
</trkpt>
<trkpt lat="35.1746227188" lon="129.2030370261">
<ele>0</ele>
<time>2026-05-19T06:38:23.000Z</time><extensions>
<ns3:TrackPointExtension>
<ns3:hr>152</ns3:hr>
</ns3:TrackPointExtension>
</extensions>
</trkpt>
<trkpt lat="35.174576807" lon="129.2030276748">
<ele>0</ele>
<time>2026-05-19T06:38:24.000Z</time><extensions>
<ns3:TrackPointExtension>
<ns3:hr>152</ns3:hr>
</ns3:TrackPointExtension>
</extensions>
</trkpt>
<trkpt lat="35.1745569839" lon="129.20297553">
<ele>0</ele>
<time>2026-05-19T06:38:25.000Z</time><extensions>
<ns3:TrackPointExtension>
<ns3:hr>152</ns3:hr>
</ns3:TrackPointExtension>
</extensions>
</trkpt>
<trkpt lat="35.1745696131" lon="129.2028943982">
<ele>0</ele>
<time>2026-05-19T06:38:26.000Z</time><extensions>
<ns3:TrackPointExtension>
<ns3:hr>152</ns3:hr>
</ns3:TrackPointExtension>
</extensions>
</trkpt>
<trkpt lat="35.1745946291" lon="129.2028087908">
<ele>0</ele>
<time>2026-05-19T06:38:27.000Z</time><extensions>
<ns3:TrackPointExtension>
<ns3:hr>152</ns3:hr>
</ns3:TrackPointExtension>
</extensions>
</trkpt>
<trkpt lat="35.1746137844" lon="129.2027360912">
<ele>0</ele>
<time>2026-05-19T06:38:28.000Z</time><extensions>
<ns3:TrackPointExtension>
<ns3:hr>152</ns3:hr>
</ns3:TrackPointExtension>
</extensions>
</trkpt>
<trkpt lat="35.1746279042" lon="129.2026660522">
<ele>0</ele>
<time>2026-05-19T06:38:29.000Z</time><extensions>
<ns3:TrackPointExtension>
<ns3:hr>152</ns3:hr>
</ns3:TrackPointExtension>
</extensions>
</trkpt>
<trkpt lat="35.1746393035" lon="129.2025910227">
<ele>0</ele>
<time>2026-05-19T06:38:30.000Z</time><extensions>
<ns3:TrackPointExtension>
<ns3:hr>152</ns3:hr>
</ns3:TrackPointExtension>
</extensions>
</trkpt>
<trkpt lat="35.1746494849" lon="129.2025098703">
<ele>0</ele>
<time>2026-05-19T06:38:31.000Z</time><extensions>
<ns3:TrackPointExtension>
<ns3:hr>152</ns3:hr>
</ns3:TrackPointExtension>
</extensions>
</trkpt>
<trkpt lat="35.1746598371" lon="129.2024229396">
<ele>0</ele>
<time>2026-05-19T06:38:32.000Z</time><extensions>
<ns3:TrackPointExtension>
<ns3:hr>152</ns3:hr>
</ns3:TrackPointExtension>
</extensions>
</trkpt>
<trkpt lat="35.1746702025" lon="129.2023439557">
<ele>0</ele>
<time>2026-05-19T06:38:33.000Z</time><extensions>
<ns3:TrackPointExtension>
<ns3:hr>152</ns3:hr>
</ns3:TrackPointExtension>
</extensions>
</trkpt>
<trkpt lat="35.1746835331" lon="129.2022571737">
<ele>0</ele>
<time>2026-05-19T06:38:34.000Z</time><extensions>
<ns3:TrackPointExtension>
<ns3:hr>153</ns3:hr>
</ns3:TrackPointExtension>
</extensions>
</trkpt>
<trkpt lat="35.1746948448" lon="129.2021743542">
<ele>0</ele>
<time>2026-05-19T06:38:35.000Z</time><extensions>
<ns3:TrackPointExtension>
<ns3:hr>153</ns3:hr>
</ns3:TrackPointExtension>
</extensions>
</trkpt>
<trkpt lat="35.1747088019" lon="129.2020827753">
<ele>0</ele>
<time>2026-05-19T06:38:36.000Z</time><extensions>
<ns3:TrackPointExtension>
<ns3:hr>153</ns3:hr>
</ns3:TrackPointExtension>
</extensions>
</trkpt>
<trkpt lat="35.1747225225" lon="129.2019909322">
<ele>0</ele>
<time>2026-05-19T06:38:37.000Z</time><extensions>
<ns3:TrackPointExtension>
<ns3:hr>153</ns3:hr>
</ns3:TrackPointExtension>
</extensions>
</trkpt>
<trkpt lat="35.1747335872" lon="129.2019015593">
<ele>0</ele>
<time>2026-05-19T06:38:38.000Z</time><extensions>
<ns3:TrackPointExtension>
<ns3:hr>153</ns3:hr>
</ns3:TrackPointExtension>
</extensions>
</trkpt>
<trkpt lat="35.1747382743" lon="129.2018007042">
<ele>0</ele>
<time>2026-05-19T06:38:39.000Z</time><extensions>
<ns3:TrackPointExtension>
<ns3:hr>154</ns3:hr>
</ns3:TrackPointExtension>
</extensions>
</trkpt>
<trkpt lat="35.1747428815" lon="129.2017045568">
<ele>0</ele>
<time>2026-05-19T06:38:40.000Z</time><extensions>
<ns3:TrackPointExtension>
<ns3:hr>154</ns3:hr>
</ns3:TrackPointExtension>
</extensions>
</trkpt>
<trkpt lat="35.1747429816" lon="129.2016076834">
<ele>0</ele>
<time>2026-05-19T06:38:41.000Z</time><extensions>
<ns3:TrackPointExtension>
<ns3:hr>154</ns3:hr>
</ns3:TrackPointExtension>
</extensions>
</trkpt>
<trkpt lat="35.174740421" lon="129.2015062314">
<ele>0</ele>
<time>2026-05-19T06:38:42.000Z</time><extensions>
<ns3:TrackPointExtension>
<ns3:hr>154</ns3:hr>
</ns3:TrackPointExtension>
</extensions>
</trkpt>
<trkpt lat="35.1747353806" lon="129.2014061514">
<ele>0</ele>
<time>2026-05-19T06:38:43.000Z</time><extensions>
<ns3:TrackPointExtension>
<ns3:hr>154</ns3:hr>
</ns3:TrackPointExtension>
</extensions>
</trkpt>
<trkpt lat="35.1747277592" lon="129.2013072292">
<ele>0</ele>
<time>2026-05-19T06:38:44.000Z</time><extensions>
<ns3:TrackPointExtension>
<ns3:hr>154</ns3:hr>
</ns3:TrackPointExtension>
</extensions>
</trkpt>
<trkpt lat="35.1747182998" lon="129.2012087489">
<ele>0</ele>
<time>2026-05-19T06:38:45.000Z</time><extensions>
<ns3:TrackPointExtension>
<ns3:hr>154</ns3:hr>
</ns3:TrackPointExtension>
</extensions>
</trkpt>
<trkpt lat="35.1747054474" lon="129.2011058751">
<ele>0</ele>
<time>2026-05-19T06:38:46.000Z</time><extensions>
<ns3:TrackPointExtension>
<ns3:hr>154</ns3:hr>
</ns3:TrackPointExtension>
</extensions>
</trkpt>
<trkpt lat="35.1746909875" lon="129.2010012307">
<ele>0</ele>
<time>2026-05-19T06:38:47.000Z</time><extensions>
<ns3:TrackPointExtension>
<ns3:hr>154</ns3:hr>
</ns3:TrackPointExtension>
</extensions>
</trkpt>
<trkpt lat="35.174673525" lon="129.2008978601">
<ele>0</ele>
<time>2026-05-19T06:38:48.000Z</time><extensions>
<ns3:TrackPointExtension>
<ns3:hr>154</ns3:hr>
</ns3:TrackPointExtension>
</extensions>
</trkpt>
<trkpt lat="35.1746563535" lon="129.200795223">
<ele>0</ele>
<time>2026-05-19T06:38:49.000Z</time><extensions>
<ns3:TrackPointExtension>
<ns3:hr>154</ns3:hr>
</ns3:TrackPointExtension>
</extensions>
</trkpt>
<trkpt lat="35.1746390679" lon="129.2006962568">
<ele>0</ele>
<time>2026-05-19T06:38:50.000Z</time><extensions>
<ns3:TrackPointExtension>
<ns3:hr>154</ns3:hr>
</ns3:TrackPointExtension>
</extensions>
</trkpt>
<trkpt lat="35.1746272384" lon="129.2005965667">
<ele>0</ele>
<time>2026-05-19T06:38:51.000Z</time><extensions>
<ns3:TrackPointExtension>
<ns3:hr>154</ns3:hr>
</ns3:TrackPointExtension>
</extensions>
</trkpt>
<trkpt lat="35.1746240506" lon="129.2004947339">
<ele>0</ele>
<time>2026-05-19T06:38:52.000Z</time><extensions>
<ns3:TrackPointExtension>
<ns3:hr>154</ns3:hr>
</ns3:TrackPointExtension>
</extensions>
</trkpt>
<trkpt lat="35.1746225632" lon="129.2003940291">
<ele>0</ele>
<time>2026-05-19T06:38:53.000Z</time><extensions>
<ns3:TrackPointExtension>
<ns3:hr>154</ns3:hr>
</ns3:TrackPointExtension>
</extensions>
</trkpt>
<trkpt lat="35.1746237423" lon="129.2002859176">
<ele>0</ele>
<time>2026-05-19T06:38:54.000Z</time><extensions>
<ns3:TrackPointExtension>
<ns3:hr>154</ns3:hr>
</ns3:TrackPointExtension>
</extensions>
</trkpt>
<trkpt lat="35.1746257617" lon="129.2001797128">
<ele>0</ele>
<time>2026-05-19T06:38:55.000Z</time><extensions>
<ns3:TrackPointExtension>
<ns3:hr>154</ns3:hr>
</ns3:TrackPointExtension>
</extensions>
</trkpt>
<trkpt lat="35.174626961" lon="129.200067836">
<ele>0</ele>
<time>2026-05-19T06:38:56.000Z</time><extensions>
<ns3:TrackPointExtension>
<ns3:hr>154</ns3:hr>
</ns3:TrackPointExtension>
</extensions>
</trkpt>
<trkpt lat="35.1746250592" lon="129.1999561676">
<ele>0</ele>
<time>2026-05-19T06:38:57.000Z</time><extensions>
<ns3:TrackPointExtension>
<ns3:hr>154</ns3:hr>
</ns3:TrackPointExtension>
</extensions>
</trkpt>
<trkpt lat="35.1746154417" lon="129.1998399082">
<ele>0</ele>
<time>2026-05-19T06:38:58.000Z</time><extensions>
<ns3:TrackPointExtension>
<ns3:hr>154</ns3:hr>
</ns3:TrackPointExtension>
</extensions>
</trkpt>
<trkpt lat="35.1746069679" lon="129.1997262181">
<ele>0</ele>
<time>2026-05-19T06:38:59.000Z</time><extensions>
<ns3:TrackPointExtension>
<ns3:hr>154</ns3:hr>
</ns3:TrackPointExtension>
</extensions>
</trkpt>
<trkpt lat="35.1745855414" lon="129.1996193816">
<ele>0</ele>
<time>2026-05-19T06:39:00.000Z</time><extensions>
<ns3:TrackPointExtension>
<ns3:hr>155</ns3:hr>
</ns3:TrackPointExtension>
</extensions>
</trkpt>
<trkpt lat="35.1745552699" lon="129.1995293443">
<ele>0</ele>
<time>2026-05-19T06:39:01.000Z</time><extensions>
<ns3:TrackPointExtension>
<ns3:hr>155</ns3:hr>
</ns3:TrackPointExtension>
</extensions>
</trkpt>
<trkpt lat="35.1745027381" lon="129.1994664975">
<ele>0</ele>
<time>2026-05-19T06:39:02.000Z</time><extensions>
<ns3:TrackPointExtension>
<ns3:hr>155</ns3:hr>
</ns3:TrackPointExtension>
</extensions>
</trkpt>
<trkpt lat="35.1744452532" lon="129.1994482393">
<ele>0</ele>
<time>2026-05-19T06:39:03.000Z</time><extensions>
<ns3:TrackPointExtension>
<ns3:hr>155</ns3:hr>
</ns3:TrackPointExtension>
</extensions>
</trkpt>
<trkpt lat="35.1743936797" lon="129.1994711837">
<ele>0</ele>
<time>2026-05-19T06:39:04.000Z</time><extensions>
<ns3:TrackPointExtension>
<ns3:hr>155</ns3:hr>
</ns3:TrackPointExtension>
</extensions>
</trkpt>
<trkpt lat="35.1743583401" lon="129.1995459088">
<ele>0</ele>
<time>2026-05-19T06:39:05.000Z</time><extensions>
<ns3:TrackPointExtension>
<ns3:hr>155</ns3:hr>
</ns3:TrackPointExtension>
</extensions>
</trkpt>
<trkpt lat="35.1743451435" lon="129.1996233111">
<ele>0</ele>
<time>2026-05-19T06:39:06.000Z</time><extensions>
<ns3:TrackPointExtension>
<ns3:hr>155</ns3:hr>
</ns3:TrackPointExtension>
</extensions>
</trkpt>
<trkpt lat="35.1743410618" lon="129.1997037984">
<ele>0</ele>
<time>2026-05-19T06:39:07.000Z</time><extensions>
<ns3:TrackPointExtension>
<ns3:hr>155</ns3:hr>
</ns3:TrackPointExtension>
</extensions>
</trkpt>
<trkpt lat="35.1743374884" lon="129.1997828808">
<ele>0</ele>
<time>2026-05-19T06:39:08.000Z</time><extensions>
<ns3:TrackPointExtension>
<ns3:hr>155</ns3:hr>
</ns3:TrackPointExtension>
</extensions>
</trkpt>
<trkpt lat="35.1743240679" lon="129.1998620309">
<ele>0</ele>
<time>2026-05-19T06:39:09.000Z</time><extensions>
<ns3:TrackPointExtension>
<ns3:hr>155</ns3:hr>
</ns3:TrackPointExtension>
</extensions>
</trkpt>
<trkpt lat="35.1743056355" lon="129.1999463772">
<ele>0</ele>
<time>2026-05-19T06:39:10.000Z</time><extensions>
<ns3:TrackPointExtension>
<ns3:hr>155</ns3:hr>
</ns3:TrackPointExtension>
</extensions>
</trkpt>
<trkpt lat="35.174284224" lon="129.2000344939">
<ele>0</ele>
<time>2026-05-19T06:39:11.000Z</time><extensions>
<ns3:TrackPointExtension>
<ns3:hr>155</ns3:hr>
</ns3:TrackPointExtension>
</extensions>
</trkpt>
<trkpt lat="35.1742620979" lon="129.2001271768">
<ele>0</ele>
<time>2026-05-19T06:39:12.000Z</time><extensions>
<ns3:TrackPointExtension>
<ns3:hr>155</ns3:hr>
</ns3:TrackPointExtension>
</extensions>
</trkpt>
<trkpt lat="35.1742340123" lon="129.2002179135">
<ele>0</ele>
<time>2026-05-19T06:39:13.000Z</time><extensions>
<ns3:TrackPointExtension>
<ns3:hr>155</ns3:hr>
</ns3:TrackPointExtension>
</extensions>
</trkpt>
<trkpt lat="35.1742011171" lon="129.2003067871">
<ele>0</ele>
<time>2026-05-19T06:39:14.000Z</time><extensions>
<ns3:TrackPointExtension>
<ns3:hr>155</ns3:hr>
</ns3:TrackPointExtension>
</extensions>
</trkpt>
<trkpt lat="35.174162662" lon="129.2003921866">
<ele>0</ele>
<time>2026-05-19T06:39:15.000Z</time><extensions>
<ns3:TrackPointExtension>
<ns3:hr>155</ns3:hr>
</ns3:TrackPointExtension>
</extensions>
</trkpt>
<trkpt lat="35.1741177168" lon="129.2004762751">
<ele>0</ele>
<time>2026-05-19T06:39:16.000Z</time><extensions>
<ns3:TrackPointExtension>
<ns3:hr>155</ns3:hr>
</ns3:TrackPointExtension>
</extensions>
</trkpt>
<trkpt lat="35.1740672391" lon="129.2005564605">
<ele>0</ele>
<time>2026-05-19T06:39:17.000Z</time><extensions>
<ns3:TrackPointExtension>
<ns3:hr>155</ns3:hr>
</ns3:TrackPointExtension>
</extensions>
</trkpt>
<trkpt lat="35.1740170076" lon="129.2006350909">
<ele>0</ele>
<time>2026-05-19T06:39:18.000Z</time><extensions>
<ns3:TrackPointExtension>
<ns3:hr>155</ns3:hr>
</ns3:TrackPointExtension>
</extensions>
</trkpt>
<trkpt lat="35.1739667305" lon="129.2007139237">
<ele>0</ele>
<time>2026-05-19T06:39:19.000Z</time><extensions>
<ns3:TrackPointExtension>
<ns3:hr>155</ns3:hr>
</ns3:TrackPointExtension>
</extensions>
</trkpt>
<trkpt lat="35.1739160547" lon="129.2007944748">
<ele>0</ele>
<time>2026-05-19T06:39:20.000Z</time><extensions>
<ns3:TrackPointExtension>
<ns3:hr>155</ns3:hr>
</ns3:TrackPointExtension>
</extensions>
</trkpt>
<trkpt lat="35.173867667" lon="129.2008759499">
<ele>0</ele>
<time>2026-05-19T06:39:21.000Z</time><extensions>
<ns3:TrackPointExtension>
<ns3:hr>154</ns3:hr>
</ns3:TrackPointExtension>
</extensions>
</trkpt>
<trkpt lat="35.1738194004" lon="129.2009575769">
<ele>0</ele>
<time>2026-05-19T06:39:22.000Z</time><extensions>
<ns3:TrackPointExtension>
<ns3:hr>154</ns3:hr>
</ns3:TrackPointExtension>
</extensions>
</trkpt>
<trkpt lat="35.1737728383" lon="129.2010414343">
<ele>0</ele>
<time>2026-05-19T06:39:23.000Z</time><extensions>
<ns3:TrackPointExtension>
<ns3:hr>154</ns3:hr>
</ns3:TrackPointExtension>
</extensions>
</trkpt>
<trkpt lat="35.1737275286" lon="129.201127333">
<ele>0</ele>
<time>2026-05-19T06:39:24.000Z</time><extensions>
<ns3:TrackPointExtension>
<ns3:hr>154</ns3:hr>
</ns3:TrackPointExtension>
</extensions>
</trkpt>
<trkpt lat="35.1736831661" lon="129.2012149857">
<ele>0</ele>
<time>2026-05-19T06:39:25.000Z</time><extensions>
<ns3:TrackPointExtension>
<ns3:hr>154</ns3:hr>
</ns3:TrackPointExtension>
</extensions>
</trkpt>
<trkpt lat="35.1736403599" lon="129.2013038843">
<ele>0</ele>
<time>2026-05-19T06:39:26.000Z</time><extensions>
<ns3:TrackPointExtension>
<ns3:hr>156</ns3:hr>
</ns3:TrackPointExtension>
</extensions>
</trkpt>
<trkpt lat="35.1735962939" lon="129.2013896078">
<ele>0</ele>
<time>2026-05-19T06:39:27.000Z</time><extensions>
<ns3:TrackPointExtension>
<ns3:hr>156</ns3:hr>
</ns3:TrackPointExtension>
</extensions>
</trkpt>
<trkpt lat="35.173554896" lon="129.2014753882">
<ele>0</ele>
<time>2026-05-19T06:39:28.000Z</time><extensions>
<ns3:TrackPointExtension>
<ns3:hr>156</ns3:hr>
</ns3:TrackPointExtension>
</extensions>
</trkpt>
<trkpt lat="35.1735186555" lon="129.2015658883">
<ele>0</ele>
<time>2026-05-19T06:39:29.000Z</time><extensions>
<ns3:TrackPointExtension>
<ns3:hr>156</ns3:hr>
</ns3:TrackPointExtension>
</extensions>
</trkpt>
<trkpt lat="35.1734776445" lon="129.2016527758">
<ele>0</ele>
<time>2026-05-19T06:39:30.000Z</time><extensions>
<ns3:TrackPointExtension>
<ns3:hr>156</ns3:hr>
</ns3:TrackPointExtension>
</extensions>
</trkpt>
<trkpt lat="35.1734376276" lon="129.2017390109">
<ele>0</ele>
<time>2026-05-19T06:39:31.000Z</time><extensions>
<ns3:TrackPointExtension>
<ns3:hr>156</ns3:hr>
</ns3:TrackPointExtension>
</extensions>
</trkpt>
<trkpt lat="35.1733978983" lon="129.2018143136">
<ele>0</ele>
<time>2026-05-19T06:39:32.000Z</time><extensions>
<ns3:TrackPointExtension>
<ns3:hr>156</ns3:hr>
</ns3:TrackPointExtension>
</extensions>
</trkpt>
<trkpt lat="35.1733486999" lon="129.2018756875">
<ele>0</ele>
<time>2026-05-19T06:39:33.000Z</time><extensions>
<ns3:TrackPointExtension>
<ns3:hr>156</ns3:hr>
</ns3:TrackPointExtension>
</extensions>
</trkpt>
<trkpt lat="35.1732965605" lon="129.2018945856">
<ele>0</ele>
<time>2026-05-19T06:39:34.000Z</time><extensions>
<ns3:TrackPointExtension>
<ns3:hr>156</ns3:hr>
</ns3:TrackPointExtension>
</extensions>
</trkpt>
<trkpt lat="35.1732576786" lon="129.2018569272">
<ele>0</ele>
<time>2026-05-19T06:39:35.000Z</time><extensions>
<ns3:TrackPointExtension>
<ns3:hr>156</ns3:hr>
</ns3:TrackPointExtension>
</extensions>
</trkpt>
<trkpt lat="35.1732598968" lon="129.2017903965">
<ele>0</ele>
<time>2026-05-19T06:39:36.000Z</time><extensions>
<ns3:TrackPointExtension>
<ns3:hr>155</ns3:hr>
</ns3:TrackPointExtension>
</extensions>
</trkpt>
<trkpt lat="35.1732834851" lon="129.2017132205">
<ele>0</ele>
<time>2026-05-19T06:39:37.000Z</time><extensions>
<ns3:TrackPointExtension>
<ns3:hr>155</ns3:hr>
</ns3:TrackPointExtension>
</extensions>
</trkpt>
<trkpt lat="35.17331143" lon="129.2016292264">
<ele>0</ele>
<time>2026-05-19T06:39:38.000Z</time><extensions>
<ns3:TrackPointExtension>
<ns3:hr>155</ns3:hr>
</ns3:TrackPointExtension>
</extensions>
</trkpt>
<trkpt lat="35.1733308467" lon="129.201554004">
<ele>0</ele>
<time>2026-05-19T06:39:39.000Z</time><extensions>
<ns3:TrackPointExtension>
<ns3:hr>155</ns3:hr>
</ns3:TrackPointExtension>
</extensions>
</trkpt>
<trkpt lat="35.1733453944" lon="129.2014768556">
<ele>0</ele>
<time>2026-05-19T06:39:40.000Z</time><extensions>
<ns3:TrackPointExtension>
<ns3:hr>155</ns3:hr>
</ns3:TrackPointExtension>
</extensions>
</trkpt>
<trkpt lat="35.173359111" lon="129.2013995605">
<ele>0</ele>
<time>2026-05-19T06:39:41.000Z</time><extensions>
<ns3:TrackPointExtension>
<ns3:hr>155</ns3:hr>
</ns3:TrackPointExtension>
</extensions>
</trkpt>
<trkpt lat="35.1733718734" lon="129.2013154366">
<ele>0</ele>
<time>2026-05-19T06:39:42.000Z</time><extensions>
<ns3:TrackPointExtension>
<ns3:hr>155</ns3:hr>
</ns3:TrackPointExtension>
</extensions>
</trkpt>
<trkpt lat="35.1733896911" lon="129.2012392861">
<ele>0</ele>
<time>2026-05-19T06:39:43.000Z</time><extensions>
<ns3:TrackPointExtension>
<ns3:hr>155</ns3:hr>
</ns3:TrackPointExtension>
</extensions>
</trkpt>
<trkpt lat="35.1734001484" lon="129.2011634643">
<ele>0</ele>
<time>2026-05-19T06:39:44.000Z</time><extensions>
<ns3:TrackPointExtension>
<ns3:hr>155</ns3:hr>
</ns3:TrackPointExtension>
</extensions>
</trkpt>
<trkpt lat="35.1734003441" lon="129.2010862748">
<ele>0</ele>
<time>2026-05-19T06:39:45.000Z</time><extensions>
<ns3:TrackPointExtension>
<ns3:hr>155</ns3:hr>
</ns3:TrackPointExtension>
</extensions>
</trkpt>
<trkpt lat="35.1733865311" lon="129.201002192">
<ele>0</ele>
<time>2026-05-19T06:39:46.000Z</time><extensions>
<ns3:TrackPointExtension>
<ns3:hr>155</ns3:hr>
</ns3:TrackPointExtension>
</extensions>
</trkpt>
<trkpt lat="35.1733728775" lon="129.2009164196">
<ele>0</ele>
<time>2026-05-19T06:39:47.000Z</time><extensions>
<ns3:TrackPointExtension>
<ns3:hr>156</ns3:hr>
</ns3:TrackPointExtension>
</extensions>
</trkpt>
<trkpt lat="35.1733581173" lon="129.2008275287">
<ele>0</ele>
<time>2026-05-19T06:39:48.000Z</time><extensions>
<ns3:TrackPointExtension>
<ns3:hr>156</ns3:hr>
</ns3:TrackPointExtension>
</extensions>
</trkpt>
<trkpt lat="35.1733406259" lon="129.2007385927">
<ele>0</ele>
<time>2026-05-19T06:39:49.000Z</time><extensions>
<ns3:TrackPointExtension>
<ns3:hr>156</ns3:hr>
</ns3:TrackPointExtension>
</extensions>
</trkpt>
<trkpt lat="35.1733191973" lon="129.2006525564">
<ele>0</ele>
<time>2026-05-19T06:39:50.000Z</time><extensions>
<ns3:TrackPointExtension>
<ns3:hr>156</ns3:hr>
</ns3:TrackPointExtension>
</extensions>
</trkpt>
<trkpt lat="35.1732973771" lon="129.2005661666">
<ele>0</ele>
<time>2026-05-19T06:39:51.000Z</time><extensions>
<ns3:TrackPointExtension>
<ns3:hr>156</ns3:hr>
</ns3:TrackPointExtension>
</extensions>
</trkpt>
<trkpt lat="35.1732819102" lon="129.2004769376">
<ele>0</ele>
<time>2026-05-19T06:39:52.000Z</time><extensions>
<ns3:TrackPointExtension>
<ns3:hr>156</ns3:hr>
</ns3:TrackPointExtension>
</extensions>
</trkpt>
<trkpt lat="35.1732796649" lon="129.2003886095">
<ele>0</ele>
<time>2026-05-19T06:39:53.000Z</time><extensions>
<ns3:TrackPointExtension>
<ns3:hr>156</ns3:hr>
</ns3:TrackPointExtension>
</extensions>
</trkpt>
<trkpt lat="35.1732743769" lon="129.2002959248">
<ele>0</ele>
<time>2026-05-19T06:39:54.000Z</time><extensions>
<ns3:TrackPointExtension>
<ns3:hr>156</ns3:hr>
</ns3:TrackPointExtension>
</extensions>
</trkpt>
<trkpt lat="35.1732659435" lon="129.2001998382">
<ele>0</ele>
<time>2026-05-19T06:39:55.000Z</time><extensions>
<ns3:TrackPointExtension>
<ns3:hr>156</ns3:hr>
</ns3:TrackPointExtension>
</extensions>
</trkpt>
<trkpt lat="35.1732509582" lon="129.2001013517">
<ele>0</ele>
<time>2026-05-19T06:39:56.000Z</time><extensions>
<ns3:TrackPointExtension>
<ns3:hr>155</ns3:hr>
</ns3:TrackPointExtension>
</extensions>
</trkpt>
<trkpt lat="35.1732363993" lon="129.2000020276">
<ele>0</ele>
<time>2026-05-19T06:39:57.000Z</time><extensions>
<ns3:TrackPointExtension>
<ns3:hr>155</ns3:hr>
</ns3:TrackPointExtension>
</extensions>
</trkpt>
<trkpt lat="35.1732256686" lon="129.1999022115">
<ele>0</ele>
<time>2026-05-19T06:39:58.000Z</time><extensions>
<ns3:TrackPointExtension>
<ns3:hr>155</ns3:hr>
</ns3:TrackPointExtension>
</extensions>
</trkpt>
<trkpt lat="35.1732164936" lon="129.1998007752">
<ele>0</ele>
<time>2026-05-19T06:39:59.000Z</time><extensions>
<ns3:TrackPointExtension>
<ns3:hr>155</ns3:hr>
</ns3:TrackPointExtension>
</extensions>
</trkpt>
<trkpt lat="35.1732156768" lon="129.1996947134">
<ele>0</ele>
<time>2026-05-19T06:40:00.000Z</time><extensions>
<ns3:TrackPointExtension>
<ns3:hr>155</ns3:hr>
</ns3:TrackPointExtension>
</extensions>
</trkpt>
<trkpt lat="35.1732238886" lon="129.1995909914">
<ele>0</ele>
<time>2026-05-19T06:40:01.000Z</time><extensions>
<ns3:TrackPointExtension>
<ns3:hr>155</ns3:hr>
</ns3:TrackPointExtension>
</extensions>
</trkpt>
<trkpt lat="35.1732510666" lon="129.199486373">
<ele>0</ele>
<time>2026-05-19T06:40:02.000Z</time><extensions>
<ns3:TrackPointExtension>
<ns3:hr>152</ns3:hr>
</ns3:TrackPointExtension>
</extensions>
</trkpt>
<trkpt lat="35.173287069" lon="129.1993828181">
<ele>0</ele>
<time>2026-05-19T06:40:03.000Z</time><extensions>
<ns3:TrackPointExtension>
<ns3:hr>152</ns3:hr>
</ns3:TrackPointExtension>
</extensions>
</trkpt>
<trkpt lat="35.1733448517" lon="129.1992837965">
<ele>0</ele>
<time>2026-05-19T06:40:04.000Z</time><extensions>
<ns3:TrackPointExtension>
<ns3:hr>152</ns3:hr>
</ns3:TrackPointExtension>
</extensions>
</trkpt>
<trkpt lat="35.1734126692" lon="129.1992003035">
<ele>0</ele>
<time>2026-05-19T06:40:05.000Z</time><extensions>
<ns3:TrackPointExtension>
<ns3:hr>152</ns3:hr>
</ns3:TrackPointExtension>
</extensions>
</trkpt>
<trkpt lat="35.1735056784" lon="129.1991692113">
<ele>0</ele>
<time>2026-05-19T06:40:06.000Z</time><extensions>
<ns3:TrackPointExtension>
<ns3:hr>153</ns3:hr>
</ns3:TrackPointExtension>
</extensions>
</trkpt>
<trkpt lat="35.1735932364" lon="129.1991561633">
<ele>0</ele>
<time>2026-05-19T06:40:07.000Z</time><extensions>
<ns3:TrackPointExtension>
<ns3:hr>153</ns3:hr>
</ns3:TrackPointExtension>
</extensions>
</trkpt>
<trkpt lat="35.173665476" lon="129.199196679">
<ele>0</ele>
<time>2026-05-19T06:40:08.000Z</time><extensions>
<ns3:TrackPointExtension>
<ns3:hr>153</ns3:hr>
</ns3:TrackPointExtension>
</extensions>
</trkpt>
<trkpt lat="35.1737160306" lon="129.1992605722">
<ele>0</ele>
<time>2026-05-19T06:40:09.000Z</time><extensions>
<ns3:TrackPointExtension>
<ns3:hr>153</ns3:hr>
</ns3:TrackPointExtension>
</extensions>
</trkpt>
<trkpt lat="35.1737628848" lon="129.1993393705">
<ele>0</ele>
<time>2026-05-19T06:40:10.000Z</time><extensions>
<ns3:TrackPointExtension>
<ns3:hr>153</ns3:hr>
</ns3:TrackPointExtension>
</extensions>
</trkpt>
<trkpt lat="35.1737925821" lon="129.1994210821">
<ele>0</ele>
<time>2026-05-19T06:40:11.000Z</time><extensions>
<ns3:TrackPointExtension>
<ns3:hr>151</ns3:hr>
</ns3:TrackPointExtension>
</extensions>
</trkpt>
<trkpt lat="35.1738105279" lon="129.1995063168">
<ele>0</ele>
<time>2026-05-19T06:40:12.000Z</time><extensions>
<ns3:TrackPointExtension>
<ns3:hr>151</ns3:hr>
</ns3:TrackPointExtension>
</extensions>
</trkpt>
<trkpt lat="35.1738144418" lon="129.1995956753">
<ele>0</ele>
<time>2026-05-19T06:40:13.000Z</time><extensions>
<ns3:TrackPointExtension>
<ns3:hr>151</ns3:hr>
</ns3:TrackPointExtension>
</extensions>
</trkpt>
<trkpt lat="35.1738194512" lon="129.1996871863">
<ele>0</ele>
<time>2026-05-19T06:40:14.000Z</time><extensions>
<ns3:TrackPointExtension>
<ns3:hr>151</ns3:hr>
</ns3:TrackPointExtension>
</extensions>
</trkpt>
<trkpt lat="35.1738214382" lon="129.1997846991">
<ele>0</ele>
<time>2026-05-19T06:40:15.000Z</time><extensions>
<ns3:TrackPointExtension>
<ns3:hr>151</ns3:hr>
</ns3:TrackPointExtension>
</extensions>
</trkpt>
<trkpt lat="35.1738188796" lon="129.1998803379">
<ele>0</ele>
<time>2026-05-19T06:40:16.000Z</time><extensions>
<ns3:TrackPointExtension>
<ns3:hr>151</ns3:hr>
</ns3:TrackPointExtension>
</extensions>
</trkpt>
<trkpt lat="35.1738182277" lon="129.1999820596">
<ele>0</ele>
<time>2026-05-19T06:40:17.000Z</time><extensions>
<ns3:TrackPointExtension>
<ns3:hr>151</ns3:hr>
</ns3:TrackPointExtension>
</extensions>
</trkpt>
<trkpt lat="35.1738155725" lon="129.200088457">
<ele>0</ele>
<time>2026-05-19T06:40:18.000Z</time><extensions>
<ns3:TrackPointExtension>
<ns3:hr>151</ns3:hr>
</ns3:TrackPointExtension>
</extensions>
</trkpt>
<trkpt lat="35.1738151937" lon="129.2001957494">
<ele>0</ele>
<time>2026-05-19T06:40:19.000Z</time><extensions>
<ns3:TrackPointExtension>
<ns3:hr>151</ns3:hr>
</ns3:TrackPointExtension>
</extensions>
</trkpt>
<trkpt lat="35.1738176023" lon="129.2003065175">
<ele>0</ele>
<time>2026-05-19T06:40:20.000Z</time><extensions>
<ns3:TrackPointExtension>
<ns3:hr>151</ns3:hr>
</ns3:TrackPointExtension>
</extensions>
</trkpt>
<trkpt lat="35.1738237155" lon="129.2004206259">
<ele>0</ele>
<time>2026-05-19T06:40:21.000Z</time><extensions>
<ns3:TrackPointExtension>
<ns3:hr>153</ns3:hr>
</ns3:TrackPointExtension>
</extensions>
</trkpt>
<trkpt lat="35.173829498" lon="129.2005350718">
<ele>0</ele>
<time>2026-05-19T06:40:22.000Z</time><extensions>
<ns3:TrackPointExtension>
<ns3:hr>153</ns3:hr>
</ns3:TrackPointExtension>
</extensions>
</trkpt>
<trkpt lat="35.1738405694" lon="129.2006546311">
<ele>0</ele>
<time>2026-05-19T06:40:23.000Z</time><extensions>
<ns3:TrackPointExtension>
<ns3:hr>153</ns3:hr>
</ns3:TrackPointExtension>
</extensions>
</trkpt>
<trkpt lat="35.1738529113" lon="129.2007769537">
<ele>0</ele>
<time>2026-05-19T06:40:24.000Z</time><extensions>
<ns3:TrackPointExtension>
<ns3:hr>153</ns3:hr>
</ns3:TrackPointExtension>
</extensions>
</trkpt>
<trkpt lat="35.1738619729" lon="129.2009007765">
<ele>0</ele>
<time>2026-05-19T06:40:25.000Z</time><extensions>
<ns3:TrackPointExtension>
<ns3:hr>153</ns3:hr>
</ns3:TrackPointExtension>
</extensions>
</trkpt>
<trkpt lat="35.1738735881" lon="129.2010265556">
<ele>0</ele>
<time>2026-05-19T06:40:26.000Z</time><extensions>
<ns3:TrackPointExtension>
<ns3:hr>154</ns3:hr>
</ns3:TrackPointExtension>
</extensions>
</trkpt>
<trkpt lat="35.1738844103" lon="129.2011568336">
<ele>0</ele>
<time>2026-05-19T06:40:27.000Z</time><extensions>
<ns3:TrackPointExtension>
<ns3:hr>154</ns3:hr>
</ns3:TrackPointExtension>
</extensions>
</trkpt>
<trkpt lat="35.1738942015" lon="129.2012852352">
<ele>0</ele>
<time>2026-05-19T06:40:28.000Z</time><extensions>
<ns3:TrackPointExtension>
<ns3:hr>154</ns3:hr>
</ns3:TrackPointExtension>
</extensions>
</trkpt>
<trkpt lat="35.1739090798" lon="129.2014139879">
<ele>0</ele>
<time>2026-05-19T06:40:29.000Z</time><extensions>
<ns3:TrackPointExtension>
<ns3:hr>154</ns3:hr>
</ns3:TrackPointExtension>
</extensions>
</trkpt>
<trkpt lat="35.1739246757" lon="129.2015436701">
<ele>0</ele>
<time>2026-05-19T06:40:30.000Z</time><extensions>
<ns3:TrackPointExtension>
<ns3:hr>154</ns3:hr>
</ns3:TrackPointExtension>
</extensions>
</trkpt>
<trkpt lat="35.173938208" lon="129.2016714902">
<ele>0</ele>
<time>2026-05-19T06:40:31.000Z</time><extensions>
<ns3:TrackPointExtension>
<ns3:hr>155</ns3:hr>
</ns3:TrackPointExtension>
</extensions>
</trkpt>
<trkpt lat="35.1739524726" lon="129.2017986822">
<ele>0</ele>
<time>2026-05-19T06:40:32.000Z</time><extensions>
<ns3:TrackPointExtension>
<ns3:hr>155</ns3:hr>
</ns3:TrackPointExtension>
</extensions>
</trkpt>
<trkpt lat="35.1739659262" lon="129.201925268">
<ele>0</ele>
<time>2026-05-19T06:40:33.000Z</time><extensions>
<ns3:TrackPointExtension>
<ns3:hr>155</ns3:hr>
</ns3:TrackPointExtension>
</extensions>
</trkpt>
<trkpt lat="35.1739791168" lon="129.2020513253">
<ele>0</ele>
<time>2026-05-19T06:40:34.000Z</time><extensions>
<ns3:TrackPointExtension>
<ns3:hr>155</ns3:hr>
</ns3:TrackPointExtension>
</extensions>
</trkpt>
<trkpt lat="35.1739930725" lon="129.2021744843">
<ele>0</ele>
<time>2026-05-19T06:40:35.000Z</time><extensions>
<ns3:TrackPointExtension>
<ns3:hr>155</ns3:hr>
</ns3:TrackPointExtension>
</extensions>
</trkpt>
<trkpt lat="35.1740163087" lon="129.202291535">
<ele>0</ele>
<time>2026-05-19T06:40:36.000Z</time><extensions>
<ns3:TrackPointExtension>
<ns3:hr>155</ns3:hr>
</ns3:TrackPointExtension>
</extensions>
</trkpt>
<trkpt lat="35.1740506939" lon="129.2023988646">
<ele>0</ele>
<time>2026-05-19T06:40:37.000Z</time><extensions>
<ns3:TrackPointExtension>
<ns3:hr>155</ns3:hr>
</ns3:TrackPointExtension>
</extensions>
</trkpt>
<trkpt lat="35.1740914135" lon="129.2024984607">
<ele>0</ele>
<time>2026-05-19T06:40:38.000Z</time><extensions>
<ns3:TrackPointExtension>
<ns3:hr>155</ns3:hr>
</ns3:TrackPointExtension>
</extensions>
</trkpt>
<trkpt lat="35.1741466537" lon="129.2025690811">
<ele>0</ele>
<time>2026-05-19T06:40:39.000Z</time><extensions>
<ns3:TrackPointExtension>
<ns3:hr>155</ns3:hr>
</ns3:TrackPointExtension>
</extensions>
</trkpt>
<trkpt lat="35.1742197967" lon="129.2025952154">
<ele>0</ele>
<time>2026-05-19T06:40:40.000Z</time><extensions>
<ns3:TrackPointExtension>
<ns3:hr>155</ns3:hr>
</ns3:TrackPointExtension>
</extensions>
</trkpt>
<trkpt lat="35.1742842394" lon="129.2025443497">
<ele>0</ele>
<time>2026-05-19T06:40:41.000Z</time><extensions>
<ns3:TrackPointExtension>
<ns3:hr>155</ns3:hr>
</ns3:TrackPointExtension>
</extensions>
</trkpt>
<trkpt lat="35.1743213666" lon="129.2024601967">
<ele>0</ele>
<time>2026-05-19T06:40:42.000Z</time><extensions>
<ns3:TrackPointExtension>
<ns3:hr>155</ns3:hr>
</ns3:TrackPointExtension>
</extensions>
</trkpt>
<trkpt lat="35.1743459564" lon="129.2023557964">
<ele>0</ele>
<time>2026-05-19T06:40:43.000Z</time><extensions>
<ns3:TrackPointExtension>
<ns3:hr>155</ns3:hr>
</ns3:TrackPointExtension>
</extensions>
</trkpt>
<trkpt lat="35.1743483094" lon="129.2022411265">
<ele>0</ele>
<time>2026-05-19T06:40:44.000Z</time><extensions>
<ns3:TrackPointExtension>
<ns3:hr>155</ns3:hr>
</ns3:TrackPointExtension>
</extensions>
</trkpt>
<trkpt lat="35.1743588938" lon="129.202141297">
<ele>0</ele>
<time>2026-05-19T06:40:45.000Z</time><extensions>
<ns3:TrackPointExtension>
<ns3:hr>155</ns3:hr>
</ns3:TrackPointExtension>
</extensions>
</trkpt>
<trkpt lat="35.1743700054" lon="129.2020467119">
<ele>0</ele>
<time>2026-05-19T06:40:46.000Z</time><extensions>
<ns3:TrackPointExtension>
<ns3:hr>155</ns3:hr>
</ns3:TrackPointExtension>
</extensions>
</trkpt>
<trkpt lat="35.1743840675" lon="129.2019522055">
<ele>0</ele>
<time>2026-05-19T06:40:47.000Z</time><extensions>
<ns3:TrackPointExtension>
<ns3:hr>155</ns3:hr>
</ns3:TrackPointExtension>
</extensions>
</trkpt>
<trkpt lat="35.1743984354" lon="129.2018540811">
<ele>0</ele>
<time>2026-05-19T06:40:48.000Z</time><extensions>
<ns3:TrackPointExtension>
<ns3:hr>155</ns3:hr>
</ns3:TrackPointExtension>
</extensions>
</trkpt>
<trkpt lat="35.1744113454" lon="129.2017557849">
<ele>0</ele>
<time>2026-05-19T06:40:49.000Z</time><extensions>
<ns3:TrackPointExtension>
<ns3:hr>155</ns3:hr>
</ns3:TrackPointExtension>
</extensions>
</trkpt>
<trkpt lat="35.1744228289" lon="129.2016538206">
<ele>0</ele>
<time>2026-05-19T06:40:50.000Z</time><extensions>
<ns3:TrackPointExtension>
<ns3:hr>155</ns3:hr>
</ns3:TrackPointExtension>
</extensions>
</trkpt>
<trkpt lat="35.1744337783" lon="129.2015470562">
<ele>0</ele>
<time>2026-05-19T06:40:51.000Z</time><extensions>
<ns3:TrackPointExtension>
<ns3:hr>155</ns3:hr>
</ns3:TrackPointExtension>
</extensions>
</trkpt>
<trkpt lat="35.174440555" lon="129.201439102">
<ele>0</ele>
<time>2026-05-19T06:40:52.000Z</time><extensions>
<ns3:TrackPointExtension>
<ns3:hr>155</ns3:hr>
</ns3:TrackPointExtension>
</extensions>
</trkpt>
<trkpt lat="35.1744454893" lon="129.2013222814">
<ele>0</ele>
<time>2026-05-19T06:40:53.000Z</time><extensions>
<ns3:TrackPointExtension>
<ns3:hr>155</ns3:hr>
</ns3:TrackPointExtension>
</extensions>
</trkpt>
<trkpt lat="35.1744510708" lon="129.2012069459">
<ele>0</ele>
<time>2026-05-19T06:40:54.000Z</time><extensions>
<ns3:TrackPointExtension>
<ns3:hr>155</ns3:hr>
</ns3:TrackPointExtension>
</extensions>
</trkpt>
<trkpt lat="35.1744560626" lon="129.2010927682">
<ele>0</ele>
<time>2026-05-19T06:40:55.000Z</time><extensions>
<ns3:TrackPointExtension>
<ns3:hr>155</ns3:hr>
</ns3:TrackPointExtension>
</extensions>
</trkpt>
<trkpt lat="35.174460163" lon="129.2009751365">
<ele>0</ele>
<time>2026-05-19T06:40:56.000Z</time><extensions>
<ns3:TrackPointExtension>
<ns3:hr>155</ns3:hr>
</ns3:TrackPointExtension>
</extensions>
</trkpt>
<trkpt lat="35.1744651158" lon="129.2008550389">
<ele>0</ele>
<time>2026-05-19T06:40:57.000Z</time><extensions>
<ns3:TrackPointExtension>
<ns3:hr>155</ns3:hr>
</ns3:TrackPointExtension>
</extensions>
</trkpt>
<trkpt lat="35.1744717832" lon="129.2007339665">
<ele>0</ele>
<time>2026-05-19T06:40:58.000Z</time><extensions>
<ns3:TrackPointExtension>
<ns3:hr>155</ns3:hr>
</ns3:TrackPointExtension>
</extensions>
</trkpt>
<trkpt lat="35.1744783953" lon="129.2006123311">
<ele>0</ele>
<time>2026-05-19T06:40:59.000Z</time><extensions>
<ns3:TrackPointExtension>
<ns3:hr>155</ns3:hr>
</ns3:TrackPointExtension>
</extensions>
</trkpt>
<trkpt lat="35.1744857278" lon="129.200489124">
<ele>0</ele>
<time>2026-05-19T06:41:00.000Z</time><extensions>
<ns3:TrackPointExtension>
<ns3:hr>155</ns3:hr>
</ns3:TrackPointExtension>
</extensions>
</trkpt>
<trkpt lat="35.1744918272" lon="129.2003662081">
<ele>0</ele>
<time>2026-05-19T06:41:01.000Z</time><extensions>
<ns3:TrackPointExtension>
<ns3:hr>157</ns3:hr>
</ns3:TrackPointExtension>
</extensions>
</trkpt>
<trkpt lat="35.1744966136" lon="129.2002436436">
<ele>0</ele>
<time>2026-05-19T06:41:02.000Z</time><extensions>
<ns3:TrackPointExtension>
<ns3:hr>157</ns3:hr>
</ns3:TrackPointExtension>
</extensions>
</trkpt>
<trkpt lat="35.1745024401" lon="129.2001220578">
<ele>0</ele>
<time>2026-05-19T06:41:03.000Z</time><extensions>
<ns3:TrackPointExtension>
<ns3:hr>157</ns3:hr>
</ns3:TrackPointExtension>
</extensions>
</trkpt>
<trkpt lat="35.1745064814" lon="129.2000010545">
<ele>0</ele>
<time>2026-05-19T06:41:04.000Z</time><extensions>
<ns3:TrackPointExtension>
<ns3:hr>157</ns3:hr>
</ns3:TrackPointExtension>
</extensions>
</trkpt>
<trkpt lat="35.1745120601" lon="129.1998815622">
<ele>0</ele>
<time>2026-05-19T06:41:05.000Z</time><extensions>
<ns3:TrackPointExtension>
<ns3:hr>157</ns3:hr>
</ns3:TrackPointExtension>
</extensions>
</trkpt>
<trkpt lat="35.174507927" lon="129.1997586852">
<ele>0</ele>
<time>2026-05-19T06:41:06.000Z</time><extensions>
<ns3:TrackPointExtension>
<ns3:hr>161</ns3:hr>
</ns3:TrackPointExtension>
</extensions>
</trkpt>
<trkpt lat="35.1744950919" lon="129.1996450998">
<ele>0</ele>
<time>2026-05-19T06:41:07.000Z</time><extensions>
<ns3:TrackPointExtension>
<ns3:hr>161</ns3:hr>
</ns3:TrackPointExtension>
</extensions>
</trkpt>
<trkpt lat="35.1744504186" lon="129.199550926">
<ele>0</ele>
<time>2026-05-19T06:41:08.000Z</time><extensions>
<ns3:TrackPointExtension>
<ns3:hr>161</ns3:hr>
</ns3:TrackPointExtension>
</extensions>
</trkpt>
<trkpt lat="35.17439037" lon="129.1994953768">
<ele>0</ele>
<time>2026-05-19T06:41:09.000Z</time><extensions>
<ns3:TrackPointExtension>
<ns3:hr>161</ns3:hr>
</ns3:TrackPointExtension>
</extensions>
</trkpt>
<trkpt lat="35.1743292068" lon="129.1994899117">
<ele>0</ele>
<time>2026-05-19T06:41:10.000Z</time><extensions>
<ns3:TrackPointExtension>
<ns3:hr>161</ns3:hr>
</ns3:TrackPointExtension>
</extensions>
</trkpt>
<trkpt lat="35.1742739753" lon="129.1995399759">
<ele>0</ele>
<time>2026-05-19T06:41:11.000Z</time><extensions>
<ns3:TrackPointExtension>
<ns3:hr>159</ns3:hr>
</ns3:TrackPointExtension>
</extensions>
</trkpt>
<trkpt lat="35.174239831" lon="129.1995934846">
<ele>0</ele>
<time>2026-05-19T06:41:12.000Z</time><extensions>
<ns3:TrackPointExtension>
<ns3:hr>159</ns3:hr>
</ns3:TrackPointExtension>
</extensions>
</trkpt>
<trkpt lat="35.1742347556" lon="129.1996590763">
<ele>0</ele>
<time>2026-05-19T06:41:13.000Z</time><extensions>
<ns3:TrackPointExtension>
<ns3:hr>159</ns3:hr>
</ns3:TrackPointExtension>
</extensions>
</trkpt>
<trkpt lat="35.1742541019" lon="129.1997258787">
<ele>0</ele>
<time>2026-05-19T06:41:14.000Z</time><extensions>
<ns3:TrackPointExtension>
<ns3:hr>159</ns3:hr>
</ns3:TrackPointExtension>
</extensions>
</trkpt>
<trkpt lat="35.1742778214" lon="129.1998012908">
<ele>0</ele>
<time>2026-05-19T06:41:15.000Z</time><extensions>
<ns3:TrackPointExtension>
<ns3:hr>159</ns3:hr>
</ns3:TrackPointExtension>
</extensions>
</trkpt>
<trkpt lat="35.1742860468" lon="129.1998629715">
<ele>0</ele>
<time>2026-05-19T06:41:16.000Z</time><extensions>
<ns3:TrackPointExtension>
<ns3:hr>159</ns3:hr>
</ns3:TrackPointExtension>
</extensions>
</trkpt>
<trkpt lat="35.1742794306" lon="129.1999081416">
<ele>0</ele>
<time>2026-05-19T06:41:17.000Z</time><extensions>
<ns3:TrackPointExtension>
<ns3:hr>157</ns3:hr>
</ns3:TrackPointExtension>
</extensions>
</trkpt>
<trkpt lat="35.1742764781" lon="129.199947307">
<ele>0</ele>
<time>2026-05-19T06:41:18.000Z</time><extensions>
<ns3:TrackPointExtension>
<ns3:hr>157</ns3:hr>
</ns3:TrackPointExtension>
</extensions>
</trkpt>
<trkpt lat="35.1742739215" lon="129.1999885984">
<ele>0</ele>
<time>2026-05-19T06:41:19.000Z</time><extensions>
<ns3:TrackPointExtension>
<ns3:hr>157</ns3:hr>
</ns3:TrackPointExtension>
</extensions>
</trkpt>
<trkpt lat="35.1742767833" lon="129.2000334687">
<ele>0</ele>
<time>2026-05-19T06:41:20.000Z</time><extensions>
<ns3:TrackPointExtension>
<ns3:hr>157</ns3:hr>
</ns3:TrackPointExtension>
</extensions>
</trkpt>
<trkpt lat="35.1742749262" lon="129.2000814209">
<ele>0</ele>
<time>2026-05-19T06:41:21.000Z</time><extensions>
<ns3:TrackPointExtension>
<ns3:hr>158</ns3:hr>
</ns3:TrackPointExtension>
</extensions>
</trkpt>
<trkpt lat="35.1742714489" lon="129.2001292929">
<ele>0</ele>
<time>2026-05-19T06:41:22.000Z</time><extensions>
<ns3:TrackPointExtension>
<ns3:hr>158</ns3:hr>
</ns3:TrackPointExtension>
</extensions>
</trkpt>
<trkpt lat="35.1742661614" lon="129.2001735773">
<ele>0</ele>
<time>2026-05-19T06:41:23.000Z</time><extensions>
<ns3:TrackPointExtension>
<ns3:hr>158</ns3:hr>
</ns3:TrackPointExtension>
</extensions>
</trkpt>
<trkpt lat="35.1742587336" lon="129.200219719">
<ele>0</ele>
<time>2026-05-19T06:41:24.000Z</time><extensions>
<ns3:TrackPointExtension>
<ns3:hr>158</ns3:hr>
</ns3:TrackPointExtension>
</extensions>
</trkpt>
<trkpt lat="35.1742471077" lon="129.200259525">
<ele>0</ele>
<time>2026-05-19T06:41:25.000Z</time><extensions>
<ns3:TrackPointExtension>
<ns3:hr>158</ns3:hr>
</ns3:TrackPointExtension>
</extensions>
</trkpt>
<trkpt lat="35.174238398" lon="129.2002877622">
<ele>0</ele>
<time>2026-05-19T06:41:26.000Z</time><extensions>
<ns3:TrackPointExtension>
<ns3:hr>161</ns3:hr>
</ns3:TrackPointExtension>
</extensions>
</trkpt>
<trkpt lat="35.1742224951" lon="129.2003049153">
<ele>0</ele>
<time>2026-05-19T06:41:28.000Z</time><extensions>
<ns3:TrackPointExtension>
<ns3:hr>161</ns3:hr>
</ns3:TrackPointExtension>
</extensions>
</trkpt>
<trkpt lat="35.1742066766" lon="129.2003244912">
<ele>0</ele>
<time>2026-05-19T06:41:30.000Z</time><extensions>
<ns3:TrackPointExtension>
<ns3:hr>161</ns3:hr>
</ns3:TrackPointExtension>
</extensions>
</trkpt>
<trkpt lat="35.1741911694" lon="129.2003479953">
<ele>0</ele>
<time>2026-05-19T06:41:32.000Z</time><extensions>
<ns3:TrackPointExtension>
<ns3:hr>167</ns3:hr>
</ns3:TrackPointExtension>
</extensions>
</trkpt>
<trkpt lat="35.1741772504" lon="129.2003679302">
<ele>0</ele>
<time>2026-05-19T06:41:34.000Z</time><extensions>
<ns3:TrackPointExtension>
<ns3:hr>167</ns3:hr>
</ns3:TrackPointExtension>
</extensions>
</trkpt>
<trkpt lat="35.1741572476" lon="129.2003892464">
<ele>0</ele>
<time>2026-05-19T06:41:37.000Z</time><extensions>
<ns3:TrackPointExtension>
<ns3:hr>167</ns3:hr>
</ns3:TrackPointExtension>
</extensions>
</trkpt>
<trkpt lat="35.1741408058" lon="129.2004103942">
<ele>0</ele>
<time>2026-05-19T06:41:39.000Z</time><extensions>
<ns3:TrackPointExtension>
<ns3:hr>167</ns3:hr>
</ns3:TrackPointExtension>
</extensions>
</trkpt>
<trkpt lat="35.1741247632" lon="129.2004331227">
<ele>0</ele>
<time>2026-05-19T06:41:41.000Z</time><extensions>
<ns3:TrackPointExtension>
<ns3:hr>160</ns3:hr>
</ns3:TrackPointExtension>
</extensions>
</trkpt>
<trkpt lat="35.1741100449" lon="129.2004511527">
<ele>0</ele>
<time>2026-05-19T06:41:43.000Z</time><extensions>
<ns3:TrackPointExtension>
<ns3:hr>160</ns3:hr>
</ns3:TrackPointExtension>
</extensions>
</trkpt>
<trkpt lat="35.1740973467" lon="129.2004741781">
<ele>0</ele>
<time>2026-05-19T06:41:45.000Z</time><extensions>
<ns3:TrackPointExtension>
<ns3:hr>160</ns3:hr>
</ns3:TrackPointExtension>
</extensions>
</trkpt>
<trkpt lat="35.1740766301" lon="129.2004977903">
<ele>0</ele>
<time>2026-05-19T06:41:48.000Z</time><extensions>
<ns3:TrackPointExtension>
<ns3:hr>161</ns3:hr>
</ns3:TrackPointExtension>
</extensions>
</trkpt>
<trkpt lat="35.1740591347" lon="129.2005201118">
<ele>0</ele>
<time>2026-05-19T06:41:50.000Z</time><extensions>
<ns3:TrackPointExtension>
<ns3:hr>161</ns3:hr>
</ns3:TrackPointExtension>
</extensions>
</trkpt>
<trkpt lat="35.1740479453" lon="129.2005381606">
<ele>0</ele>
<time>2026-05-19T06:41:52.000Z</time><extensions>
<ns3:TrackPointExtension>
<ns3:hr>159</ns3:hr>
</ns3:TrackPointExtension>
</extensions>
</trkpt>
<trkpt lat="35.1740356368" lon="129.2005579825">
<ele>0</ele>
<time>2026-05-19T06:41:54.000Z</time><extensions>
<ns3:TrackPointExtension>
<ns3:hr>159</ns3:hr>
</ns3:TrackPointExtension>
</extensions>
</trkpt>
<trkpt lat="35.1740245493" lon="129.2005757758">
<ele>0</ele>
<time>2026-05-19T06:41:56.000Z</time><extensions>
<ns3:TrackPointExtension>
<ns3:hr>162</ns3:hr>
</ns3:TrackPointExtension>
</extensions>
</trkpt>
<trkpt lat="35.1740110043" lon="129.2006011993">
<ele>0</ele>
<time>2026-05-19T06:41:59.000Z</time><extensions>
<ns3:TrackPointExtension>
<ns3:hr>162</ns3:hr>
</ns3:TrackPointExtension>
</extensions>
</trkpt>
<trkpt lat="35.1740012364" lon="129.2006251091">
<ele>0</ele>
<time>2026-05-19T06:42:01.000Z</time><extensions>
<ns3:TrackPointExtension>
<ns3:hr>162</ns3:hr>
</ns3:TrackPointExtension>
</extensions>
</trkpt>
<trkpt lat="35.1739803594" lon="129.2006532846">
<ele>0</ele>
<time>2026-05-19T06:42:03.000Z</time><extensions>
<ns3:TrackPointExtension>
<ns3:hr>163</ns3:hr>
</ns3:TrackPointExtension>
</extensions>
</trkpt>
<trkpt lat="35.1739662262" lon="129.2006956726">
<ele>0</ele>
<time>2026-05-19T06:42:05.000Z</time><extensions>
<ns3:TrackPointExtension>
<ns3:hr>163</ns3:hr>
</ns3:TrackPointExtension>
</extensions>
</trkpt>
<trkpt lat="35.1739591979" lon="129.2007244783">
<ele>0</ele>
<time>2026-05-19T06:42:06.000Z</time><extensions>
<ns3:TrackPointExtension>
<ns3:hr>163</ns3:hr>
</ns3:TrackPointExtension>
</extensions>
</trkpt>
<trkpt lat="35.1739586453" lon="129.200761908">
<ele>0</ele>
<time>2026-05-19T06:42:07.000Z</time><extensions>
<ns3:TrackPointExtension>
<ns3:hr>163</ns3:hr>
</ns3:TrackPointExtension>
</extensions>
</trkpt>
<trkpt lat="35.1739555739" lon="129.2008042971">
<ele>0</ele>
<time>2026-05-19T06:42:08.000Z</time><extensions>
<ns3:TrackPointExtension>
<ns3:hr>163</ns3:hr>
</ns3:TrackPointExtension>
</extensions>
</trkpt>
<trkpt lat="35.1739480039" lon="129.200845381">
<ele>0</ele>
<time>2026-05-19T06:42:09.000Z</time><extensions>
<ns3:TrackPointExtension>
<ns3:hr>163</ns3:hr>
</ns3:TrackPointExtension>
</extensions>
</trkpt>
<trkpt lat="35.1739453221" lon="129.2008933236">
<ele>0</ele>
<time>2026-05-19T06:42:10.000Z</time><extensions>
<ns3:TrackPointExtension>
<ns3:hr>163</ns3:hr>
</ns3:TrackPointExtension>
</extensions>
</trkpt>
<trkpt lat="35.1739474906" lon="129.2009412188">
<ele>0</ele>
<time>2026-05-19T06:42:11.000Z</time><extensions>
<ns3:TrackPointExtension>
<ns3:hr>163</ns3:hr>
</ns3:TrackPointExtension>
</extensions>
</trkpt>
<trkpt lat="35.1739504203" lon="129.2009949875">
<ele>0</ele>
<time>2026-05-19T06:42:12.000Z</time><extensions>
<ns3:TrackPointExtension>
<ns3:hr>163</ns3:hr>
</ns3:TrackPointExtension>
</extensions>
</trkpt>
<trkpt lat="35.1739486041" lon="129.201055273">
<ele>0</ele>
<time>2026-05-19T06:42:13.000Z</time><extensions>
<ns3:TrackPointExtension>
<ns3:hr>163</ns3:hr>
</ns3:TrackPointExtension>
</extensions>
</trkpt>
<trkpt lat="35.1739434459" lon="129.201117278">
<ele>0</ele>
<time>2026-05-19T06:42:14.000Z</time><extensions>
<ns3:TrackPointExtension>
<ns3:hr>163</ns3:hr>
</ns3:TrackPointExtension>
</extensions>
</trkpt>
<trkpt lat="35.1739351423" lon="129.2011779507">
<ele>0</ele>
<time>2026-05-19T06:42:15.000Z</time><extensions>
<ns3:TrackPointExtension>
<ns3:hr>163</ns3:hr>
</ns3:TrackPointExtension>
</extensions>
</trkpt>
<trkpt lat="35.1739273057" lon="129.2012389803">
<ele>0</ele>
<time>2026-05-19T06:42:16.000Z</time><extensions>
<ns3:TrackPointExtension>
<ns3:hr>161</ns3:hr>
</ns3:TrackPointExtension>
</extensions>
</trkpt>
<trkpt lat="35.1739222273" lon="129.201302126">
<ele>0</ele>
<time>2026-05-19T06:42:17.000Z</time><extensions>
<ns3:TrackPointExtension>
<ns3:hr>161</ns3:hr>
</ns3:TrackPointExtension>
</extensions>
</trkpt>
<trkpt lat="35.1739144916" lon="129.2013704395">
<ele>0</ele>
<time>2026-05-19T06:42:18.000Z</time><extensions>
<ns3:TrackPointExtension>
<ns3:hr>161</ns3:hr>
</ns3:TrackPointExtension>
</extensions>
</trkpt>
<trkpt lat="35.1739032747" lon="129.201444137">
<ele>0</ele>
<time>2026-05-19T06:42:19.000Z</time><extensions>
<ns3:TrackPointExtension>
<ns3:hr>161</ns3:hr>
</ns3:TrackPointExtension>
</extensions>
</trkpt>
<trkpt lat="35.1738957269" lon="129.2015216193">
<ele>0</ele>
<time>2026-05-19T06:42:20.000Z</time><extensions>
<ns3:TrackPointExtension>
<ns3:hr>161</ns3:hr>
</ns3:TrackPointExtension>
</extensions>
</trkpt>
<trkpt lat="35.1738898975" lon="129.2016051736">
<ele>0</ele>
<time>2026-05-19T06:42:21.000Z</time><extensions>
<ns3:TrackPointExtension>
<ns3:hr>164</ns3:hr>
</ns3:TrackPointExtension>
</extensions>
</trkpt>
<trkpt lat="35.1738892746" lon="129.2016912172">
<ele>0</ele>
<time>2026-05-19T06:42:22.000Z</time><extensions>
<ns3:TrackPointExtension>
<ns3:hr>164</ns3:hr>
</ns3:TrackPointExtension>
</extensions>
</trkpt>
<trkpt lat="35.1738916216" lon="129.2017818447">
<ele>0</ele>
<time>2026-05-19T06:42:23.000Z</time><extensions>
<ns3:TrackPointExtension>
<ns3:hr>164</ns3:hr>
</ns3:TrackPointExtension>
</extensions>
</trkpt>
<trkpt lat="35.1738933411" lon="129.2018713542">
<ele>0</ele>
<time>2026-05-19T06:42:24.000Z</time><extensions>
<ns3:TrackPointExtension>
<ns3:hr>164</ns3:hr>
</ns3:TrackPointExtension>
</extensions>
</trkpt>
<trkpt lat="35.1738987296" lon="129.2019673094">
<ele>0</ele>
<time>2026-05-19T06:42:25.000Z</time><extensions>
<ns3:TrackPointExtension>
<ns3:hr>164</ns3:hr>
</ns3:TrackPointExtension>
</extensions>
</trkpt>
<trkpt lat="35.1739080424" lon="129.2020665613">
<ele>0</ele>
<time>2026-05-19T06:42:26.000Z</time><extensions>
<ns3:TrackPointExtension>
<ns3:hr>167</ns3:hr>
</ns3:TrackPointExtension>
</extensions>
</trkpt>
<trkpt lat="35.173918776" lon="129.2021626183">
<ele>0</ele>
<time>2026-05-19T06:42:27.000Z</time><extensions>
<ns3:TrackPointExtension>
<ns3:hr>167</ns3:hr>
</ns3:TrackPointExtension>
</extensions>
</trkpt>
<trkpt lat="35.1739388907" lon="129.2022612784">
<ele>0</ele>
<time>2026-05-19T06:42:28.000Z</time><extensions>
<ns3:TrackPointExtension>
<ns3:hr>167</ns3:hr>
</ns3:TrackPointExtension>
</extensions>
</trkpt>
<trkpt lat="35.1739687749" lon="129.2023615394">
<ele>0</ele>
<time>2026-05-19T06:42:29.000Z</time><extensions>
<ns3:TrackPointExtension>
<ns3:hr>167</ns3:hr>
</ns3:TrackPointExtension>
</extensions>
</trkpt>
<trkpt lat="35.174000025" lon="129.2024578796">
<ele>0</ele>
<time>2026-05-19T06:42:30.000Z</time><extensions>
<ns3:TrackPointExtension>
<ns3:hr>167</ns3:hr>
</ns3:TrackPointExtension>
</extensions>
</trkpt>
<trkpt lat="35.174038663" lon="129.2025428568">
<ele>0</ele>
<time>2026-05-19T06:42:31.000Z</time><extensions>
<ns3:TrackPointExtension>
<ns3:hr>167</ns3:hr>
</ns3:TrackPointExtension>
</extensions>
</trkpt>
<trkpt lat="35.1740842041" lon="129.202617961">
<ele>0</ele>
<time>2026-05-19T06:42:32.000Z</time><extensions>
<ns3:TrackPointExtension>
<ns3:hr>167</ns3:hr>
</ns3:TrackPointExtension>
</extensions>
</trkpt>
<trkpt lat="35.1741456148" lon="129.2026623796">
<ele>0</ele>
<time>2026-05-19T06:42:33.000Z</time><extensions>
<ns3:TrackPointExtension>
<ns3:hr>167</ns3:hr>
</ns3:TrackPointExtension>
</extensions>
</trkpt>
<trkpt lat="35.1742122982" lon="129.2026500118">
<ele>0</ele>
<time>2026-05-19T06:42:34.000Z</time><extensions>
<ns3:TrackPointExtension>
<ns3:hr>167</ns3:hr>
</ns3:TrackPointExtension>
</extensions>
</trkpt>
<trkpt lat="35.1742585156" lon="129.2025833054">
<ele>0</ele>
<time>2026-05-19T06:42:35.000Z</time><extensions>
<ns3:TrackPointExtension>
<ns3:hr>167</ns3:hr>
</ns3:TrackPointExtension>
</extensions>
</trkpt>
<trkpt lat="35.1742939718" lon="129.2025046673">
<ele>0</ele>
<time>2026-05-19T06:42:36.000Z</time><extensions>
<ns3:TrackPointExtension>
<ns3:hr>167</ns3:hr>
</ns3:TrackPointExtension>
</extensions>
</trkpt>
<trkpt lat="35.1743005127" lon="129.202412935">
<ele>0</ele>
<time>2026-05-19T06:42:37.000Z</time><extensions>
<ns3:TrackPointExtension>
<ns3:hr>167</ns3:hr>
</ns3:TrackPointExtension>
</extensions>
</trkpt>
<trkpt lat="35.1743062626" lon="129.2023251996">
<ele>0</ele>
<time>2026-05-19T06:42:38.000Z</time><extensions>
<ns3:TrackPointExtension>
<ns3:hr>167</ns3:hr>
</ns3:TrackPointExtension>
</extensions>
</trkpt>
<trkpt lat="35.1743185667" lon="129.2022362802">
<ele>0</ele>
<time>2026-05-19T06:42:39.000Z</time><extensions>
<ns3:TrackPointExtension>
<ns3:hr>167</ns3:hr>
</ns3:TrackPointExtension>
</extensions>
</trkpt>
<trkpt lat="35.1743316332" lon="129.202149189">
<ele>0</ele>
<time>2026-05-19T06:42:40.000Z</time><extensions>
<ns3:TrackPointExtension>
<ns3:hr>167</ns3:hr>
</ns3:TrackPointExtension>
</extensions>
</trkpt>
<trkpt lat="35.1743471285" lon="129.2020606918">
<ele>0</ele>
<time>2026-05-19T06:42:41.000Z</time><extensions>
<ns3:TrackPointExtension>
<ns3:hr>166</ns3:hr>
</ns3:TrackPointExtension>
</extensions>
</trkpt>
<trkpt lat="35.1743752961" lon="129.2019810919">
<ele>0</ele>
<time>2026-05-19T06:42:42.000Z</time><extensions>
<ns3:TrackPointExtension>
<ns3:hr>166</ns3:hr>
</ns3:TrackPointExtension>
</extensions>
</trkpt>
<trkpt lat="35.1744020313" lon="129.2018963755">
<ele>0</ele>
<time>2026-05-19T06:42:43.000Z</time><extensions>
<ns3:TrackPointExtension>
<ns3:hr>166</ns3:hr>
</ns3:TrackPointExtension>
</extensions>
</trkpt>
<trkpt lat="35.174426412" lon="129.2018082808">
<ele>0</ele>
<time>2026-05-19T06:42:44.000Z</time><extensions>
<ns3:TrackPointExtension>
<ns3:hr>166</ns3:hr>
</ns3:TrackPointExtension>
</extensions>
</trkpt>
<trkpt lat="35.1744452119" lon="129.2017178265">
<ele>0</ele>
<time>2026-05-19T06:42:45.000Z</time><extensions>
<ns3:TrackPointExtension>
<ns3:hr>166</ns3:hr>
</ns3:TrackPointExtension>
</extensions>
</trkpt>
<trkpt lat="35.1744644538" lon="129.2016255898">
<ele>0</ele>
<time>2026-05-19T06:42:46.000Z</time><extensions>
<ns3:TrackPointExtension>
<ns3:hr>166</ns3:hr>
</ns3:TrackPointExtension>
</extensions>
</trkpt>
<trkpt lat="35.1744827815" lon="129.2015325277">
<ele>0</ele>
<time>2026-05-19T06:42:47.000Z</time><extensions>
<ns3:TrackPointExtension>
<ns3:hr>166</ns3:hr>
</ns3:TrackPointExtension>
</extensions>
</trkpt>
<trkpt lat="35.1745008565" lon="129.20143499">
<ele>0</ele>
<time>2026-05-19T06:42:48.000Z</time><extensions>
<ns3:TrackPointExtension>
<ns3:hr>166</ns3:hr>
</ns3:TrackPointExtension>
</extensions>
</trkpt>
<trkpt lat="35.1745166" lon="129.2013386734">
<ele>0</ele>
<time>2026-05-19T06:42:49.000Z</time><extensions>
<ns3:TrackPointExtension>
<ns3:hr>166</ns3:hr>
</ns3:TrackPointExtension>
</extensions>
</trkpt>
<trkpt lat="35.1745312164" lon="129.2012444666">
<ele>0</ele>
<time>2026-05-19T06:42:50.000Z</time><extensions>
<ns3:TrackPointExtension>
<ns3:hr>166</ns3:hr>
</ns3:TrackPointExtension>
</extensions>
</trkpt>
<trkpt lat="35.1745431596" lon="129.2011585951">
<ele>0</ele>
<time>2026-05-19T06:42:51.000Z</time><extensions>
<ns3:TrackPointExtension>
<ns3:hr>166</ns3:hr>
</ns3:TrackPointExtension>
</extensions>
</trkpt>
<trkpt lat="35.1745547857" lon="129.2010765515">
<ele>0</ele>
<time>2026-05-19T06:42:52.000Z</time><extensions>
<ns3:TrackPointExtension>
<ns3:hr>163</ns3:hr>
</ns3:TrackPointExtension>
</extensions>
</trkpt>
<trkpt lat="35.1745676356" lon="129.2009954706">
<ele>0</ele>
<time>2026-05-19T06:42:53.000Z</time><extensions>
<ns3:TrackPointExtension>
<ns3:hr>163</ns3:hr>
</ns3:TrackPointExtension>
</extensions>
</trkpt>
<trkpt lat="35.1745813716" lon="129.2009046065">
<ele>0</ele>
<time>2026-05-19T06:42:54.000Z</time><extensions>
<ns3:TrackPointExtension>
<ns3:hr>163</ns3:hr>
</ns3:TrackPointExtension>
</extensions>
</trkpt>
<trkpt lat="35.1745921337" lon="129.2008124326">
<ele>0</ele>
<time>2026-05-19T06:42:55.000Z</time><extensions>
<ns3:TrackPointExtension>
<ns3:hr>163</ns3:hr>
</ns3:TrackPointExtension>
</extensions>
</trkpt>
<trkpt lat="35.1745953686" lon="129.2007206393">
<ele>0</ele>
<time>2026-05-19T06:42:56.000Z</time><extensions>
<ns3:TrackPointExtension>
<ns3:hr>163</ns3:hr>
</ns3:TrackPointExtension>
</extensions>
</trkpt>
<trkpt lat="35.1745970951" lon="129.2006299266">
<ele>0</ele>
<time>2026-05-19T06:42:57.000Z</time><extensions>
<ns3:TrackPointExtension>
<ns3:hr>163</ns3:hr>
</ns3:TrackPointExtension>
</extensions>
</trkpt>
<trkpt lat="35.1745995793" lon="129.2005375721">
<ele>0</ele>
<time>2026-05-19T06:42:58.000Z</time><extensions>
<ns3:TrackPointExtension>
<ns3:hr>163</ns3:hr>
</ns3:TrackPointExtension>
</extensions>
</trkpt>
<trkpt lat="35.1745992262" lon="129.2004413121">
<ele>0</ele>
<time>2026-05-19T06:42:59.000Z</time><extensions>
<ns3:TrackPointExtension>
<ns3:hr>163</ns3:hr>
</ns3:TrackPointExtension>
</extensions>
</trkpt>
<trkpt lat="35.1745958902" lon="129.2003415772">
<ele>0</ele>
<time>2026-05-19T06:43:00.000Z</time><extensions>
<ns3:TrackPointExtension>
<ns3:hr>163</ns3:hr>
</ns3:TrackPointExtension>
</extensions>
</trkpt>
<trkpt lat="35.1745934868" lon="129.2002423069">
<ele>0</ele>
<time>2026-05-19T06:43:01.000Z</time><extensions>
<ns3:TrackPointExtension>
<ns3:hr>161</ns3:hr>
</ns3:TrackPointExtension>
</extensions>
</trkpt>
<trkpt lat="35.1745905321" lon="129.2001379187">
<ele>0</ele>
<time>2026-05-19T06:43:02.000Z</time><extensions>
<ns3:TrackPointExtension>
<ns3:hr>161</ns3:hr>
</ns3:TrackPointExtension>
</extensions>
</trkpt>
<trkpt lat="35.1745895879" lon="129.2000313105">
<ele>0</ele>
<time>2026-05-19T06:43:03.000Z</time><extensions>
<ns3:TrackPointExtension>
<ns3:hr>161</ns3:hr>
</ns3:TrackPointExtension>
</extensions>
</trkpt>
<trkpt lat="35.1745946372" lon="129.1999233509">
<ele>0</ele>
<time>2026-05-19T06:43:04.000Z</time><extensions>
<ns3:TrackPointExtension>
<ns3:hr>161</ns3:hr>
</ns3:TrackPointExtension>
</extensions>
</trkpt>
<trkpt lat="35.1746040018" lon="129.199814044">
<ele>0</ele>
<time>2026-05-19T06:43:05.000Z</time><extensions>
<ns3:TrackPointExtension>
<ns3:hr>161</ns3:hr>
</ns3:TrackPointExtension>
</extensions>
</trkpt>
<trkpt lat="35.1746134889" lon="129.1997054821">
<ele>0</ele>
<time>2026-05-19T06:43:06.000Z</time><extensions>
<ns3:TrackPointExtension>
<ns3:hr>160</ns3:hr>
</ns3:TrackPointExtension>
</extensions>
</trkpt>
<trkpt lat="35.1746352539" lon="129.1995923592">
<ele>0</ele>
<time>2026-05-19T06:43:07.000Z</time><extensions>
<ns3:TrackPointExtension>
<ns3:hr>160</ns3:hr>
</ns3:TrackPointExtension>
</extensions>
</trkpt>
<trkpt lat="35.1746755275" lon="129.1994880633">
<ele>0</ele>
<time>2026-05-19T06:43:08.000Z</time><extensions>
<ns3:TrackPointExtension>
<ns3:hr>160</ns3:hr>
</ns3:TrackPointExtension>
</extensions>
</trkpt>
<trkpt lat="35.1747396952" lon="129.199406929">
<ele>0</ele>
<time>2026-05-19T06:43:09.000Z</time><extensions>
<ns3:TrackPointExtension>
<ns3:hr>160</ns3:hr>
</ns3:TrackPointExtension>
</extensions>
</trkpt>
<trkpt lat="35.1748081282" lon="129.1993457533">
<ele>0</ele>
<time>2026-05-19T06:43:10.000Z</time><extensions>
<ns3:TrackPointExtension>
<ns3:hr>160</ns3:hr>
</ns3:TrackPointExtension>
</extensions>
</trkpt>
<trkpt lat="35.1748879188" lon="129.1993296075">
<ele>0</ele>
<time>2026-05-19T06:43:11.000Z</time><extensions>
<ns3:TrackPointExtension>
<ns3:hr>160</ns3:hr>
</ns3:TrackPointExtension>
</extensions>
</trkpt>
<trkpt lat="35.1749532385" lon="129.1993781185">
<ele>0</ele>
<time>2026-05-19T06:43:12.000Z</time><extensions>
<ns3:TrackPointExtension>
<ns3:hr>160</ns3:hr>
</ns3:TrackPointExtension>
</extensions>
</trkpt>
<trkpt lat="35.1750122288" lon="129.199438507">
<ele>0</ele>
<time>2026-05-19T06:43:13.000Z</time><extensions>
<ns3:TrackPointExtension>
<ns3:hr>160</ns3:hr>
</ns3:TrackPointExtension>
</extensions>
</trkpt>
<trkpt lat="35.1750404419" lon="129.1995230861">
<ele>0</ele>
<time>2026-05-19T06:43:14.000Z</time><extensions>
<ns3:TrackPointExtension>
<ns3:hr>160</ns3:hr>
</ns3:TrackPointExtension>
</extensions>
</trkpt>
<trkpt lat="35.1750526411" lon="129.199609065">
<ele>0</ele>
<time>2026-05-19T06:43:15.000Z</time><extensions>
<ns3:TrackPointExtension>
<ns3:hr>160</ns3:hr>
</ns3:TrackPointExtension>
</extensions>
</trkpt>
<trkpt lat="35.1750528038" lon="129.1996886447">
<ele>0</ele>
<time>2026-05-19T06:43:16.000Z</time><extensions>
<ns3:TrackPointExtension>
<ns3:hr>160</ns3:hr>
</ns3:TrackPointExtension>
</extensions>
</trkpt>
<trkpt lat="35.1750515541" lon="129.199772519">
<ele>0</ele>
<time>2026-05-19T06:43:17.000Z</time><extensions>
<ns3:TrackPointExtension>
<ns3:hr>160</ns3:hr>
</ns3:TrackPointExtension>
</extensions>
</trkpt>
<trkpt lat="35.175044514" lon="129.1998593497">
<ele>0</ele>
<time>2026-05-19T06:43:18.000Z</time><extensions>
<ns3:TrackPointExtension>
<ns3:hr>160</ns3:hr>
</ns3:TrackPointExtension>
</extensions>
</trkpt>
<trkpt lat="35.1750353159" lon="129.1999424302">
<ele>0</ele>
<time>2026-05-19T06:43:19.000Z</time><extensions>
<ns3:TrackPointExtension>
<ns3:hr>160</ns3:hr>
</ns3:TrackPointExtension>
</extensions>
</trkpt>
<trkpt lat="35.1750287641" lon="129.2000332426">
<ele>0</ele>
<time>2026-05-19T06:43:20.000Z</time><extensions>
<ns3:TrackPointExtension>
<ns3:hr>160</ns3:hr>
</ns3:TrackPointExtension>
</extensions>
</trkpt>
<trkpt lat="35.1750225466" lon="129.2001239325">
<ele>0</ele>
<time>2026-05-19T06:43:21.000Z</time><extensions>
<ns3:TrackPointExtension>
<ns3:hr>160</ns3:hr>
</ns3:TrackPointExtension>
</extensions>
</trkpt>
<trkpt lat="35.1750153586" lon="129.2002194612">
<ele>0</ele>
<time>2026-05-19T06:43:22.000Z</time><extensions>
<ns3:TrackPointExtension>
<ns3:hr>160</ns3:hr>
</ns3:TrackPointExtension>
</extensions>
</trkpt>
<trkpt lat="35.1750045186" lon="129.2003144702">
<ele>0</ele>
<time>2026-05-19T06:43:23.000Z</time><extensions>
<ns3:TrackPointExtension>
<ns3:hr>160</ns3:hr>
</ns3:TrackPointExtension>
</extensions>
</trkpt>
<trkpt lat="35.1749939247" lon="129.2004127507">
<ele>0</ele>
<time>2026-05-19T06:43:24.000Z</time><extensions>
<ns3:TrackPointExtension>
<ns3:hr>160</ns3:hr>
</ns3:TrackPointExtension>
</extensions>
</trkpt>
<trkpt lat="35.1749835283" lon="129.2005149389">
<ele>0</ele>
<time>2026-05-19T06:43:25.000Z</time><extensions>
<ns3:TrackPointExtension>
<ns3:hr>160</ns3:hr>
</ns3:TrackPointExtension>
</extensions>
</trkpt>
<trkpt lat="35.1749685322" lon="129.2006113493">
<ele>0</ele>
<time>2026-05-19T06:43:26.000Z</time><extensions>
<ns3:TrackPointExtension>
<ns3:hr>160</ns3:hr>
</ns3:TrackPointExtension>
</extensions>
</trkpt>
<trkpt lat="35.1749513692" lon="129.2007105771">
<ele>0</ele>
<time>2026-05-19T06:43:27.000Z</time><extensions>
<ns3:TrackPointExtension>
<ns3:hr>160</ns3:hr>
</ns3:TrackPointExtension>
</extensions>
</trkpt>
<trkpt lat="35.1749324845" lon="129.2008002433">
<ele>0</ele>
<time>2026-05-19T06:43:28.000Z</time><extensions>
<ns3:TrackPointExtension>
<ns3:hr>160</ns3:hr>
</ns3:TrackPointExtension>
</extensions>
</trkpt>
<trkpt lat="35.1749100319" lon="129.2008884118">
<ele>0</ele>
<time>2026-05-19T06:43:29.000Z</time><extensions>
<ns3:TrackPointExtension>
<ns3:hr>160</ns3:hr>
</ns3:TrackPointExtension>
</extensions>
</trkpt>
<trkpt lat="35.1748854562" lon="129.2009770018">
<ele>0</ele>
<time>2026-05-19T06:43:30.000Z</time><extensions>
<ns3:TrackPointExtension>
<ns3:hr>160</ns3:hr>
</ns3:TrackPointExtension>
</extensions>
</trkpt>
<trkpt lat="35.1748556835" lon="129.2010647177">
<ele>0</ele>
<time>2026-05-19T06:43:31.000Z</time><extensions>
<ns3:TrackPointExtension>
<ns3:hr>161</ns3:hr>
</ns3:TrackPointExtension>
</extensions>
</trkpt>
<trkpt lat="35.1748217791" lon="129.2011521441">
<ele>0</ele>
<time>2026-05-19T06:43:32.000Z</time><extensions>
<ns3:TrackPointExtension>
<ns3:hr>161</ns3:hr>
</ns3:TrackPointExtension>
</extensions>
</trkpt>
<trkpt lat="35.1747883615" lon="129.2012383882">
<ele>0</ele>
<time>2026-05-19T06:43:33.000Z</time><extensions>
<ns3:TrackPointExtension>
<ns3:hr>161</ns3:hr>
</ns3:TrackPointExtension>
</extensions>
</trkpt>
<trkpt lat="35.1747533005" lon="129.2013246202">
<ele>0</ele>
<time>2026-05-19T06:43:34.000Z</time><extensions>
<ns3:TrackPointExtension>
<ns3:hr>161</ns3:hr>
</ns3:TrackPointExtension>
</extensions>
</trkpt>
<trkpt lat="35.174720123" lon="129.2014143418">
<ele>0</ele>
<time>2026-05-19T06:43:35.000Z</time><extensions>
<ns3:TrackPointExtension>
<ns3:hr>161</ns3:hr>
</ns3:TrackPointExtension>
</extensions>
</trkpt>
<trkpt lat="35.1746861758" lon="129.2015036225">
<ele>0</ele>
<time>2026-05-19T06:43:36.000Z</time><extensions>
<ns3:TrackPointExtension>
<ns3:hr>160</ns3:hr>
</ns3:TrackPointExtension>
</extensions>
</trkpt>
<trkpt lat="35.1746519696" lon="129.2015938279">
<ele>0</ele>
<time>2026-05-19T06:43:37.000Z</time><extensions>
<ns3:TrackPointExtension>
<ns3:hr>160</ns3:hr>
</ns3:TrackPointExtension>
</extensions>
</trkpt>
<trkpt lat="35.1746202591" lon="129.2016872606">
<ele>0</ele>
<time>2026-05-19T06:43:38.000Z</time><extensions>
<ns3:TrackPointExtension>
<ns3:hr>160</ns3:hr>
</ns3:TrackPointExtension>
</extensions>
</trkpt>
<trkpt lat="35.1745897201" lon="129.2017786459">
<ele>0</ele>
<time>2026-05-19T06:43:39.000Z</time><extensions>
<ns3:TrackPointExtension>
<ns3:hr>160</ns3:hr>
</ns3:TrackPointExtension>
</extensions>
</trkpt>
<trkpt lat="35.1745595901" lon="129.2018707614">
<ele>0</ele>
<time>2026-05-19T06:43:40.000Z</time><extensions>
<ns3:TrackPointExtension>
<ns3:hr>160</ns3:hr>
</ns3:TrackPointExtension>
</extensions>
</trkpt>
<trkpt lat="35.1745345365" lon="129.2019681603">
<ele>0</ele>
<time>2026-05-19T06:43:41.000Z</time><extensions>
<ns3:TrackPointExtension>
<ns3:hr>160</ns3:hr>
</ns3:TrackPointExtension>
</extensions>
</trkpt>
<trkpt lat="35.1745115429" lon="129.20206798">
<ele>0</ele>
<time>2026-05-19T06:43:42.000Z</time><extensions>
<ns3:TrackPointExtension>
<ns3:hr>160</ns3:hr>
</ns3:TrackPointExtension>
</extensions>
</trkpt>
<trkpt lat="35.1744909994" lon="129.2021696182">
<ele>0</ele>
<time>2026-05-19T06:43:43.000Z</time><extensions>
<ns3:TrackPointExtension>
<ns3:hr>160</ns3:hr>
</ns3:TrackPointExtension>
</extensions>
</trkpt>
<trkpt lat="35.1744729479" lon="129.2022752829">
<ele>0</ele>
<time>2026-05-19T06:43:44.000Z</time><extensions>
<ns3:TrackPointExtension>
<ns3:hr>160</ns3:hr>
</ns3:TrackPointExtension>
</extensions>
</trkpt>
<trkpt lat="35.1744567031" lon="129.2023830441">
<ele>0</ele>
<time>2026-05-19T06:43:45.000Z</time><extensions>
<ns3:TrackPointExtension>
<ns3:hr>160</ns3:hr>
</ns3:TrackPointExtension>
</extensions>
</trkpt>
<trkpt lat="35.1744482628" lon="129.2024925775">
<ele>0</ele>
<time>2026-05-19T06:43:46.000Z</time><extensions>
<ns3:TrackPointExtension>
<ns3:hr>160</ns3:hr>
</ns3:TrackPointExtension>
</extensions>
</trkpt>
<trkpt lat="35.1744421605" lon="129.2026030002">
<ele>0</ele>
<time>2026-05-19T06:43:47.000Z</time><extensions>
<ns3:TrackPointExtension>
<ns3:hr>160</ns3:hr>
</ns3:TrackPointExtension>
</extensions>
</trkpt>
<trkpt lat="35.174442458" lon="129.2027141219">
<ele>0</ele>
<time>2026-05-19T06:43:48.000Z</time><extensions>
<ns3:TrackPointExtension>
<ns3:hr>160</ns3:hr>
</ns3:TrackPointExtension>
</extensions>
</trkpt>
<trkpt lat="35.1744585132" lon="129.2028240532">
<ele>0</ele>
<time>2026-05-19T06:43:49.000Z</time><extensions>
<ns3:TrackPointExtension>
<ns3:hr>160</ns3:hr>
</ns3:TrackPointExtension>
</extensions>
</trkpt>
<trkpt lat="35.1744912564" lon="129.2029198534">
<ele>0</ele>
<time>2026-05-19T06:43:50.000Z</time><extensions>
<ns3:TrackPointExtension>
<ns3:hr>160</ns3:hr>
</ns3:TrackPointExtension>
</extensions>
</trkpt>
<trkpt lat="35.1745350439" lon="129.2030099021">
<ele>0</ele>
<time>2026-05-19T06:43:51.000Z</time><extensions>
<ns3:TrackPointExtension>
<ns3:hr>160</ns3:hr>
</ns3:TrackPointExtension>
</extensions>
</trkpt>
<trkpt lat="35.1746008902" lon="129.2030681848">
<ele>0</ele>
<time>2026-05-19T06:43:52.000Z</time><extensions>
<ns3:TrackPointExtension>
<ns3:hr>160</ns3:hr>
</ns3:TrackPointExtension>
</extensions>
</trkpt>
<trkpt lat="35.1746669293" lon="129.2030249339">
<ele>0</ele>
<time>2026-05-19T06:43:53.000Z</time><extensions>
<ns3:TrackPointExtension>
<ns3:hr>160</ns3:hr>
</ns3:TrackPointExtension>
</extensions>
</trkpt>
<trkpt lat="35.1747307998" lon="129.2029667634">
<ele>0</ele>
<time>2026-05-19T06:43:54.000Z</time><extensions>
<ns3:TrackPointExtension>
<ns3:hr>160</ns3:hr>
</ns3:TrackPointExtension>
</extensions>
</trkpt>
<trkpt lat="35.1747694043" lon="129.2028788799">
<ele>0</ele>
<time>2026-05-19T06:43:55.000Z</time><extensions>
<ns3:TrackPointExtension>
<ns3:hr>160</ns3:hr>
</ns3:TrackPointExtension>
</extensions>
</trkpt>
<trkpt lat="35.1747822476" lon="129.2027744705">
<ele>0</ele>
<time>2026-05-19T06:43:56.000Z</time><extensions>
<ns3:TrackPointExtension>
<ns3:hr>160</ns3:hr>
</ns3:TrackPointExtension>
</extensions>
</trkpt>
<trkpt lat="35.1747981826" lon="129.2026766335">
<ele>0</ele>
<time>2026-05-19T06:43:57.000Z</time><extensions>
<ns3:TrackPointExtension>
<ns3:hr>160</ns3:hr>
</ns3:TrackPointExtension>
</extensions>
</trkpt>
<trkpt lat="35.1748170039" lon="129.2025853876">
<ele>0</ele>
<time>2026-05-19T06:43:58.000Z</time><extensions>
<ns3:TrackPointExtension>
<ns3:hr>160</ns3:hr>
</ns3:TrackPointExtension>
</extensions>
</trkpt>
<trkpt lat="35.1748312397" lon="129.202493848">
<ele>0</ele>
<time>2026-05-19T06:43:59.000Z</time><extensions>
<ns3:TrackPointExtension>
<ns3:hr>160</ns3:hr>
</ns3:TrackPointExtension>
</extensions>
</trkpt>
<trkpt lat="35.1748435363" lon="129.2024014442">
<ele>0</ele>
<time>2026-05-19T06:44:00.000Z</time><extensions>
<ns3:TrackPointExtension>
<ns3:hr>160</ns3:hr>
</ns3:TrackPointExtension>
</extensions>
</trkpt>
<trkpt lat="35.1748521055" lon="129.2023092851">
<ele>0</ele>
<time>2026-05-19T06:44:01.000Z</time><extensions>
<ns3:TrackPointExtension>
<ns3:hr>161</ns3:hr>
</ns3:TrackPointExtension>
</extensions>
</trkpt>
<trkpt lat="35.1748561364" lon="129.2022113703">
<ele>0</ele>
<time>2026-05-19T06:44:02.000Z</time><extensions>
<ns3:TrackPointExtension>
<ns3:hr>161</ns3:hr>
</ns3:TrackPointExtension>
</extensions>
</trkpt>
<trkpt lat="35.1748537346" lon="129.2021086159">
<ele>0</ele>
<time>2026-05-19T06:44:03.000Z</time><extensions>
<ns3:TrackPointExtension>
<ns3:hr>161</ns3:hr>
</ns3:TrackPointExtension>
</extensions>
</trkpt>
<trkpt lat="35.1748479312" lon="129.2020058043">
<ele>0</ele>
<time>2026-05-19T06:44:04.000Z</time><extensions>
<ns3:TrackPointExtension>
<ns3:hr>161</ns3:hr>
</ns3:TrackPointExtension>
</extensions>
</trkpt>
<trkpt lat="35.1748378808" lon="129.2019026005">
<ele>0</ele>
<time>2026-05-19T06:44:05.000Z</time><extensions>
<ns3:TrackPointExtension>
<ns3:hr>161</ns3:hr>
</ns3:TrackPointExtension>
</extensions>
</trkpt>
<trkpt lat="35.1748194533" lon="129.2017975975">
<ele>0</ele>
<time>2026-05-19T06:44:06.000Z</time><extensions>
<ns3:TrackPointExtension>
<ns3:hr>161</ns3:hr>
</ns3:TrackPointExtension>
</extensions>
</trkpt>
<trkpt lat="35.174793888" lon="129.2016957184">
<ele>0</ele>
<time>2026-05-19T06:44:07.000Z</time><extensions>
<ns3:TrackPointExtension>
<ns3:hr>161</ns3:hr>
</ns3:TrackPointExtension>
</extensions>
</trkpt>
<trkpt lat="35.1747664201" lon="129.2016001027">
<ele>0</ele>
<time>2026-05-19T06:44:08.000Z</time><extensions>
<ns3:TrackPointExtension>
<ns3:hr>161</ns3:hr>
</ns3:TrackPointExtension>
</extensions>
</trkpt>
<trkpt lat="35.1747372351" lon="129.2015027337">
<ele>0</ele>
<time>2026-05-19T06:44:09.000Z</time><extensions>
<ns3:TrackPointExtension>
<ns3:hr>161</ns3:hr>
</ns3:TrackPointExtension>
</extensions>
</trkpt>
<trkpt lat="35.1747077293" lon="129.2014066733">
<ele>0</ele>
<time>2026-05-19T06:44:10.000Z</time><extensions>
<ns3:TrackPointExtension>
<ns3:hr>161</ns3:hr>
</ns3:TrackPointExtension>
</extensions>
</trkpt>
<trkpt lat="35.1746823183" lon="129.2013068368">
<ele>0</ele>
<time>2026-05-19T06:44:11.000Z</time><extensions>
<ns3:TrackPointExtension>
<ns3:hr>162</ns3:hr>
</ns3:TrackPointExtension>
</extensions>
</trkpt>
<trkpt lat="35.1746593076" lon="129.2012069811">
<ele>0</ele>
<time>2026-05-19T06:44:12.000Z</time><extensions>
<ns3:TrackPointExtension>
<ns3:hr>162</ns3:hr>
</ns3:TrackPointExtension>
</extensions>
</trkpt>
<trkpt lat="35.1746359127" lon="129.2011083835">
<ele>0</ele>
<time>2026-05-19T06:44:13.000Z</time><extensions>
<ns3:TrackPointExtension>
<ns3:hr>162</ns3:hr>
</ns3:TrackPointExtension>
</extensions>
</trkpt>
<trkpt lat="35.1746123302" lon="129.2010138214">
<ele>0</ele>
<time>2026-05-19T06:44:14.000Z</time><extensions>
<ns3:TrackPointExtension>
<ns3:hr>162</ns3:hr>
</ns3:TrackPointExtension>
</extensions>
</trkpt>
<trkpt lat="35.1745887243" lon="129.2009138739">
<ele>0</ele>
<time>2026-05-19T06:44:15.000Z</time><extensions>
<ns3:TrackPointExtension>
<ns3:hr>162</ns3:hr>
</ns3:TrackPointExtension>
</extensions>
</trkpt>
<trkpt lat="35.1745646293" lon="129.2008192515">
<ele>0</ele>
<time>2026-05-19T06:44:16.000Z</time><extensions>
<ns3:TrackPointExtension>
<ns3:hr>162</ns3:hr>
</ns3:TrackPointExtension>
</extensions>
</trkpt>
<trkpt lat="35.1745398388" lon="129.200723957">
<ele>0</ele>
<time>2026-05-19T06:44:17.000Z</time><extensions>
<ns3:TrackPointExtension>
<ns3:hr>158</ns3:hr>
</ns3:TrackPointExtension>
</extensions>
</trkpt>
<trkpt lat="35.174515317" lon="129.2006270201">
<ele>0</ele>
<time>2026-05-19T06:44:18.000Z</time><extensions>
<ns3:TrackPointExtension>
<ns3:hr>158</ns3:hr>
</ns3:TrackPointExtension>
</extensions>
</trkpt>
<trkpt lat="35.1744982597" lon="129.2005302937">
<ele>0</ele>
<time>2026-05-19T06:44:19.000Z</time><extensions>
<ns3:TrackPointExtension>
<ns3:hr>158</ns3:hr>
</ns3:TrackPointExtension>
</extensions>
</trkpt>
<trkpt lat="35.174483277" lon="129.2004298379">
<ele>0</ele>
<time>2026-05-19T06:44:20.000Z</time><extensions>
<ns3:TrackPointExtension>
<ns3:hr>158</ns3:hr>
</ns3:TrackPointExtension>
</extensions>
</trkpt>
<trkpt lat="35.1744810687" lon="129.2003301398">
<ele>0</ele>
<time>2026-05-19T06:44:21.000Z</time><extensions>
<ns3:TrackPointExtension>
<ns3:hr>157</ns3:hr>
</ns3:TrackPointExtension>
</extensions>
</trkpt>
<trkpt lat="35.1745022602" lon="129.2002305659">
<ele>0</ele>
<time>2026-05-19T06:44:22.000Z</time><extensions>
<ns3:TrackPointExtension>
<ns3:hr>157</ns3:hr>
</ns3:TrackPointExtension>
</extensions>
</trkpt>
<trkpt lat="35.1745230093" lon="129.2001308102">
<ele>0</ele>
<time>2026-05-19T06:44:23.000Z</time><extensions>
<ns3:TrackPointExtension>
<ns3:hr>157</ns3:hr>
</ns3:TrackPointExtension>
</extensions>
</trkpt>
<trkpt lat="35.1745485644" lon="129.2000282787">
<ele>0</ele>
<time>2026-05-19T06:44:24.000Z</time><extensions>
<ns3:TrackPointExtension>
<ns3:hr>157</ns3:hr>
</ns3:TrackPointExtension>
</extensions>
</trkpt>
<trkpt lat="35.17457499" lon="129.1999239609">
<ele>0</ele>
<time>2026-05-19T06:44:25.000Z</time><extensions>
<ns3:TrackPointExtension>
<ns3:hr>157</ns3:hr>
</ns3:TrackPointExtension>
</extensions>
</trkpt>
<trkpt lat="35.1745970322" lon="129.1998149541">
<ele>0</ele>
<time>2026-05-19T06:44:26.000Z</time><extensions>
<ns3:TrackPointExtension>
<ns3:hr>155</ns3:hr>
</ns3:TrackPointExtension>
</extensions>
</trkpt>
<trkpt lat="35.1746153972" lon="129.1997041376">
<ele>0</ele>
<time>2026-05-19T06:44:27.000Z</time><extensions>
<ns3:TrackPointExtension>
<ns3:hr>155</ns3:hr>
</ns3:TrackPointExtension>
</extensions>
</trkpt>
<trkpt lat="35.1746237309" lon="129.1995948459">
<ele>0</ele>
<time>2026-05-19T06:44:28.000Z</time><extensions>
<ns3:TrackPointExtension>
<ns3:hr>155</ns3:hr>
</ns3:TrackPointExtension>
</extensions>
</trkpt>
<trkpt lat="35.1746050245" lon="129.1994923283">
<ele>0</ele>
<time>2026-05-19T06:44:29.000Z</time><extensions>
<ns3:TrackPointExtension>
<ns3:hr>155</ns3:hr>
</ns3:TrackPointExtension>
</extensions>
</trkpt>
<trkpt lat="35.1745760144" lon="129.199401344">
<ele>0</ele>
<time>2026-05-19T06:44:30.000Z</time><extensions>
<ns3:TrackPointExtension>
<ns3:hr>155</ns3:hr>
</ns3:TrackPointExtension>
</extensions>
</trkpt>
<trkpt lat="35.1745161532" lon="129.1993582606">
<ele>0</ele>
<time>2026-05-19T06:44:31.000Z</time><extensions>
<ns3:TrackPointExtension>
<ns3:hr>155</ns3:hr>
</ns3:TrackPointExtension>
</extensions>
</trkpt>
<trkpt lat="35.1744442902" lon="129.19936834">
<ele>0</ele>
<time>2026-05-19T06:44:32.000Z</time><extensions>
<ns3:TrackPointExtension>
<ns3:hr>155</ns3:hr>
</ns3:TrackPointExtension>
</extensions>
</trkpt>
<trkpt lat="35.1743970148" lon="129.1994261976">
<ele>0</ele>
<time>2026-05-19T06:44:33.000Z</time><extensions>
<ns3:TrackPointExtension>
<ns3:hr>155</ns3:hr>
</ns3:TrackPointExtension>
</extensions>
</trkpt>
<trkpt lat="35.1743757517" lon="129.1995056493">
<ele>0</ele>
<time>2026-05-19T06:44:34.000Z</time><extensions>
<ns3:TrackPointExtension>
<ns3:hr>155</ns3:hr>
</ns3:TrackPointExtension>
</extensions>
</trkpt>
<trkpt lat="35.1743757941" lon="129.1995932103">
<ele>0</ele>
<time>2026-05-19T06:44:35.000Z</time><extensions>
<ns3:TrackPointExtension>
<ns3:hr>155</ns3:hr>
</ns3:TrackPointExtension>
</extensions>
</trkpt>
<trkpt lat="35.1743763454" lon="129.199680977">
<ele>0</ele>
<time>2026-05-19T06:44:36.000Z</time><extensions>
<ns3:TrackPointExtension>
<ns3:hr>152</ns3:hr>
</ns3:TrackPointExtension>
</extensions>
</trkpt>
<trkpt lat="35.174366174" lon="129.1997604532">
<ele>0</ele>
<time>2026-05-19T06:44:37.000Z</time><extensions>
<ns3:TrackPointExtension>
<ns3:hr>152</ns3:hr>
</ns3:TrackPointExtension>
</extensions>
</trkpt>
<trkpt lat="35.1743464506" lon="129.1998429167">
<ele>0</ele>
<time>2026-05-19T06:44:38.000Z</time><extensions>
<ns3:TrackPointExtension>
<ns3:hr>152</ns3:hr>
</ns3:TrackPointExtension>
</extensions>
</trkpt>
<trkpt lat="35.1743185493" lon="129.1999213188">
<ele>0</ele>
<time>2026-05-19T06:44:39.000Z</time><extensions>
<ns3:TrackPointExtension>
<ns3:hr>152</ns3:hr>
</ns3:TrackPointExtension>
</extensions>
</trkpt>
<trkpt lat="35.1742942038" lon="129.2000028364">
<ele>0</ele>
<time>2026-05-19T06:44:40.000Z</time><extensions>
<ns3:TrackPointExtension>
<ns3:hr>152</ns3:hr>
</ns3:TrackPointExtension>
</extensions>
</trkpt>
<trkpt lat="35.1742748888" lon="129.2000905258">
<ele>0</ele>
<time>2026-05-19T06:44:41.000Z</time><extensions>
<ns3:TrackPointExtension>
<ns3:hr>155</ns3:hr>
</ns3:TrackPointExtension>
</extensions>
</trkpt>
<trkpt lat="35.1742547857" lon="129.2001819171">
<ele>0</ele>
<time>2026-05-19T06:44:42.000Z</time><extensions>
<ns3:TrackPointExtension>
<ns3:hr>155</ns3:hr>
</ns3:TrackPointExtension>
</extensions>
</trkpt>
<trkpt lat="35.1742325254" lon="129.2002777877">
<ele>0</ele>
<time>2026-05-19T06:44:43.000Z</time><extensions>
<ns3:TrackPointExtension>
<ns3:hr>155</ns3:hr>
</ns3:TrackPointExtension>
</extensions>
</trkpt>
<trkpt lat="35.1742071567" lon="129.2003762601">
<ele>0</ele>
<time>2026-05-19T06:44:44.000Z</time><extensions>
<ns3:TrackPointExtension>
<ns3:hr>155</ns3:hr>
</ns3:TrackPointExtension>
</extensions>
</trkpt>
<trkpt lat="35.1741796199" lon="129.2004747631">
<ele>0</ele>
<time>2026-05-19T06:44:45.000Z</time><extensions>
<ns3:TrackPointExtension>
<ns3:hr>155</ns3:hr>
</ns3:TrackPointExtension>
</extensions>
</trkpt>
<trkpt lat="35.1741518745" lon="129.2005773723">
<ele>0</ele>
<time>2026-05-19T06:44:46.000Z</time><extensions>
<ns3:TrackPointExtension>
<ns3:hr>155</ns3:hr>
</ns3:TrackPointExtension>
</extensions>
</trkpt>
<trkpt lat="35.1741190443" lon="129.200679596">
<ele>0</ele>
<time>2026-05-19T06:44:47.000Z</time><extensions>
<ns3:TrackPointExtension>
<ns3:hr>157</ns3:hr>
</ns3:TrackPointExtension>
</extensions>
</trkpt>
<trkpt lat="35.1740812275" lon="129.2007792746">
<ele>0</ele>
<time>2026-05-19T06:44:48.000Z</time><extensions>
<ns3:TrackPointExtension>
<ns3:hr>157</ns3:hr>
</ns3:TrackPointExtension>
</extensions>
</trkpt>
<trkpt lat="35.1740412551" lon="129.2008774202">
<ele>0</ele>
<time>2026-05-19T06:44:49.000Z</time><extensions>
<ns3:TrackPointExtension>
<ns3:hr>157</ns3:hr>
</ns3:TrackPointExtension>
</extensions>
</trkpt>
<trkpt lat="35.1740020263" lon="129.200977155">
<ele>0</ele>
<time>2026-05-19T06:44:50.000Z</time><extensions>
<ns3:TrackPointExtension>
<ns3:hr>157</ns3:hr>
</ns3:TrackPointExtension>
</extensions>
</trkpt>
<trkpt lat="35.1739635249" lon="129.2010775377">
<ele>0</ele>
<time>2026-05-19T06:44:51.000Z</time><extensions>
<ns3:TrackPointExtension>
<ns3:hr>157</ns3:hr>
</ns3:TrackPointExtension>
</extensions>
</trkpt>
<trkpt lat="35.1739254406" lon="129.2011766974">
<ele>0</ele>
<time>2026-05-19T06:44:52.000Z</time><extensions>
<ns3:TrackPointExtension>
<ns3:hr>158</ns3:hr>
</ns3:TrackPointExtension>
</extensions>
</trkpt>
<trkpt lat="35.17388719" lon="129.201272595">
<ele>0</ele>
<time>2026-05-19T06:44:53.000Z</time><extensions>
<ns3:TrackPointExtension>
<ns3:hr>158</ns3:hr>
</ns3:TrackPointExtension>
</extensions>
</trkpt>
<trkpt lat="35.1738510472" lon="129.2013683382">
<ele>0</ele>
<time>2026-05-19T06:44:54.000Z</time><extensions>
<ns3:TrackPointExtension>
<ns3:hr>158</ns3:hr>
</ns3:TrackPointExtension>
</extensions>
</trkpt>
<trkpt lat="35.1738184002" lon="129.2014678686">
<ele>0</ele>
<time>2026-05-19T06:44:55.000Z</time><extensions>
<ns3:TrackPointExtension>
<ns3:hr>158</ns3:hr>
</ns3:TrackPointExtension>
</extensions>
</trkpt>
<trkpt lat="35.173792715" lon="129.2015689952">
<ele>0</ele>
<time>2026-05-19T06:44:56.000Z</time><extensions>
<ns3:TrackPointExtension>
<ns3:hr>158</ns3:hr>
</ns3:TrackPointExtension>
</extensions>
</trkpt>
<trkpt lat="35.1737722605" lon="129.2016754882">
<ele>0</ele>
<time>2026-05-19T06:44:57.000Z</time><extensions>
<ns3:TrackPointExtension>
<ns3:hr>158</ns3:hr>
</ns3:TrackPointExtension>
</extensions>
</trkpt>
<trkpt lat="35.1737587496" lon="129.2017857718">
<ele>0</ele>
<time>2026-05-19T06:44:58.000Z</time><extensions>
<ns3:TrackPointExtension>
<ns3:hr>158</ns3:hr>
</ns3:TrackPointExtension>
</extensions>
</trkpt>
<trkpt lat="35.1737525203" lon="129.201900141">
<ele>0</ele>
<time>2026-05-19T06:44:59.000Z</time><extensions>
<ns3:TrackPointExtension>
<ns3:hr>158</ns3:hr>
</ns3:TrackPointExtension>
</extensions>
</trkpt>
<trkpt lat="35.1737486157" lon="129.2020160335">
<ele>0</ele>
<time>2026-05-19T06:45:00.000Z</time><extensions>
<ns3:TrackPointExtension>
<ns3:hr>158</ns3:hr>
</ns3:TrackPointExtension>
</extensions>
</trkpt>
<trkpt lat="35.1737589952" lon="129.2021289924">
<ele>0</ele>
<time>2026-05-19T06:45:01.000Z</time><extensions>
<ns3:TrackPointExtension>
<ns3:hr>158</ns3:hr>
</ns3:TrackPointExtension>
</extensions>
</trkpt>
<trkpt lat="35.173776837" lon="129.2022433104">
<ele>0</ele>
<time>2026-05-19T06:45:02.000Z</time><extensions>
<ns3:TrackPointExtension>
<ns3:hr>158</ns3:hr>
</ns3:TrackPointExtension>
</extensions>
</trkpt>
<trkpt lat="35.1738019347" lon="129.2023482382">
<ele>0</ele>
<time>2026-05-19T06:45:03.000Z</time><extensions>
<ns3:TrackPointExtension>
<ns3:hr>158</ns3:hr>
</ns3:TrackPointExtension>
</extensions>
</trkpt>
<trkpt lat="35.1738371983" lon="129.2024455074">
<ele>0</ele>
<time>2026-05-19T06:45:04.000Z</time><extensions>
<ns3:TrackPointExtension>
<ns3:hr>158</ns3:hr>
</ns3:TrackPointExtension>
</extensions>
</trkpt>
<trkpt lat="35.1739000509" lon="129.2025141">
<ele>0</ele>
<time>2026-05-19T06:45:05.000Z</time><extensions>
<ns3:TrackPointExtension>
<ns3:hr>158</ns3:hr>
</ns3:TrackPointExtension>
</extensions>
</trkpt>
<trkpt lat="35.1739752546" lon="129.2025425867">
<ele>0</ele>
<time>2026-05-19T06:45:06.000Z</time><extensions>
<ns3:TrackPointExtension>
<ns3:hr>158</ns3:hr>
</ns3:TrackPointExtension>
</extensions>
</trkpt>
<trkpt lat="35.1740416625" lon="129.2025016814">
<ele>0</ele>
<time>2026-05-19T06:45:07.000Z</time><extensions>
<ns3:TrackPointExtension>
<ns3:hr>158</ns3:hr>
</ns3:TrackPointExtension>
</extensions>
</trkpt>
<trkpt lat="35.1740816197" lon="129.2024184982">
<ele>0</ele>
<time>2026-05-19T06:45:08.000Z</time><extensions>
<ns3:TrackPointExtension>
<ns3:hr>158</ns3:hr>
</ns3:TrackPointExtension>
</extensions>
</trkpt>
<trkpt lat="35.1740932242" lon="129.2023136328">
<ele>0</ele>
<time>2026-05-19T06:45:09.000Z</time><extensions>
<ns3:TrackPointExtension>
<ns3:hr>158</ns3:hr>
</ns3:TrackPointExtension>
</extensions>
</trkpt>
<trkpt lat="35.1740973125" lon="129.2022080762">
<ele>0</ele>
<time>2026-05-19T06:45:10.000Z</time><extensions>
<ns3:TrackPointExtension>
<ns3:hr>158</ns3:hr>
</ns3:TrackPointExtension>
</extensions>
</trkpt>
<trkpt lat="35.1740988178" lon="129.2021082148">
<ele>0</ele>
<time>2026-05-19T06:45:11.000Z</time><extensions>
<ns3:TrackPointExtension>
<ns3:hr>158</ns3:hr>
</ns3:TrackPointExtension>
</extensions>
</trkpt>
<trkpt lat="35.174099646" lon="129.2020141462">
<ele>0</ele>
<time>2026-05-19T06:45:12.000Z</time><extensions>
<ns3:TrackPointExtension>
<ns3:hr>156</ns3:hr>
</ns3:TrackPointExtension>
</extensions>
</trkpt>
<trkpt lat="35.174095924" lon="129.2019214132">
<ele>0</ele>
<time>2026-05-19T06:45:13.000Z</time><extensions>
<ns3:TrackPointExtension>
<ns3:hr>156</ns3:hr>
</ns3:TrackPointExtension>
</extensions>
</trkpt>
<trkpt lat="35.1740885355" lon="129.201824661">
<ele>0</ele>
<time>2026-05-19T06:45:14.000Z</time><extensions>
<ns3:TrackPointExtension>
<ns3:hr>156</ns3:hr>
</ns3:TrackPointExtension>
</extensions>
</trkpt>
<trkpt lat="35.1740739973" lon="129.2017261279">
<ele>0</ele>
<time>2026-05-19T06:45:15.000Z</time><extensions>
<ns3:TrackPointExtension>
<ns3:hr>157</ns3:hr>
</ns3:TrackPointExtension>
</extensions>
</trkpt>
<trkpt lat="35.174055486" lon="129.2016311089">
<ele>0</ele>
<time>2026-05-19T06:45:16.000Z</time><extensions>
<ns3:TrackPointExtension>
<ns3:hr>157</ns3:hr>
</ns3:TrackPointExtension>
</extensions>
</trkpt>
<trkpt lat="35.1740385654" lon="129.2015402576">
<ele>0</ele>
<time>2026-05-19T06:45:17.000Z</time><extensions>
<ns3:TrackPointExtension>
<ns3:hr>157</ns3:hr>
</ns3:TrackPointExtension>
</extensions>
</trkpt>
<trkpt lat="35.1740203042" lon="129.2014494253">
<ele>0</ele>
<time>2026-05-19T06:45:18.000Z</time><extensions>
<ns3:TrackPointExtension>
<ns3:hr>157</ns3:hr>
</ns3:TrackPointExtension>
</extensions>
</trkpt>
<trkpt lat="35.1740034416" lon="129.2013579893">
<ele>0</ele>
<time>2026-05-19T06:45:19.000Z</time><extensions>
<ns3:TrackPointExtension>
<ns3:hr>157</ns3:hr>
</ns3:TrackPointExtension>
</extensions>
</trkpt>
<trkpt lat="35.1739903589" lon="129.2012606604">
<ele>0</ele>
<time>2026-05-19T06:45:20.000Z</time><extensions>
<ns3:TrackPointExtension>
<ns3:hr>157</ns3:hr>
</ns3:TrackPointExtension>
</extensions>
</trkpt>
<trkpt lat="35.1739825954" lon="129.2011678118">
<ele>0</ele>
<time>2026-05-19T06:45:21.000Z</time><extensions>
<ns3:TrackPointExtension>
<ns3:hr>157</ns3:hr>
</ns3:TrackPointExtension>
</extensions>
</trkpt>
<trkpt lat="35.1739751034" lon="129.2010720962">
<ele>0</ele>
<time>2026-05-19T06:45:22.000Z</time><extensions>
<ns3:TrackPointExtension>
<ns3:hr>154</ns3:hr>
</ns3:TrackPointExtension>
</extensions>
</trkpt>
<trkpt lat="35.1739669997" lon="129.2009785002">
<ele>0</ele>
<time>2026-05-19T06:45:23.000Z</time><extensions>
<ns3:TrackPointExtension>
<ns3:hr>154</ns3:hr>
</ns3:TrackPointExtension>
</extensions>
</trkpt>
<trkpt lat="35.1739583161" lon="129.2008853036">
<ele>0</ele>
<time>2026-05-19T06:45:24.000Z</time><extensions>
<ns3:TrackPointExtension>
<ns3:hr>154</ns3:hr>
</ns3:TrackPointExtension>
</extensions>
</trkpt>
<trkpt lat="35.173950109" lon="129.2007879835">
<ele>0</ele>
<time>2026-05-19T06:45:25.000Z</time><extensions>
<ns3:TrackPointExtension>
<ns3:hr>154</ns3:hr>
</ns3:TrackPointExtension>
</extensions>
</trkpt>
<trkpt lat="35.1739479756" lon="129.2006912393">
<ele>0</ele>
<time>2026-05-19T06:45:26.000Z</time><extensions>
<ns3:TrackPointExtension>
<ns3:hr>154</ns3:hr>
</ns3:TrackPointExtension>
</extensions>
</trkpt>
<trkpt lat="35.1739465338" lon="129.2005929637">
<ele>0</ele>
<time>2026-05-19T06:45:27.000Z</time><extensions>
<ns3:TrackPointExtension>
<ns3:hr>152</ns3:hr>
</ns3:TrackPointExtension>
</extensions>
</trkpt>
<trkpt lat="35.1739459278" lon="129.2004952506">
<ele>0</ele>
<time>2026-05-19T06:45:28.000Z</time><extensions>
<ns3:TrackPointExtension>
<ns3:hr>152</ns3:hr>
</ns3:TrackPointExtension>
</extensions>
</trkpt>
<trkpt lat="35.1739490966" lon="129.2003956922">
<ele>0</ele>
<time>2026-05-19T06:45:29.000Z</time><extensions>
<ns3:TrackPointExtension>
<ns3:hr>152</ns3:hr>
</ns3:TrackPointExtension>
</extensions>
</trkpt>
<trkpt lat="35.1739536122" lon="129.200291887">
<ele>0</ele>
<time>2026-05-19T06:45:30.000Z</time><extensions>
<ns3:TrackPointExtension>
<ns3:hr>152</ns3:hr>
</ns3:TrackPointExtension>
</extensions>
</trkpt>
<trkpt lat="35.1739565816" lon="129.2001903744">
<ele>0</ele>
<time>2026-05-19T06:45:31.000Z</time><extensions>
<ns3:TrackPointExtension>
<ns3:hr>153</ns3:hr>
</ns3:TrackPointExtension>
</extensions>
</trkpt>
<trkpt lat="35.1739665104" lon="129.2000830251">
<ele>0</ele>
<time>2026-05-19T06:45:32.000Z</time><extensions>
<ns3:TrackPointExtension>
<ns3:hr>153</ns3:hr>
</ns3:TrackPointExtension>
</extensions>
</trkpt>
<trkpt lat="35.1739778369" lon="129.1999735247">
<ele>0</ele>
<time>2026-05-19T06:45:33.000Z</time><extensions>
<ns3:TrackPointExtension>
<ns3:hr>153</ns3:hr>
</ns3:TrackPointExtension>
</extensions>
</trkpt>
<trkpt lat="35.1739993761" lon="129.1998680606">
<ele>0</ele>
<time>2026-05-19T06:45:34.000Z</time><extensions>
<ns3:TrackPointExtension>
<ns3:hr>153</ns3:hr>
</ns3:TrackPointExtension>
</extensions>
</trkpt>
<trkpt lat="35.1740268793" lon="129.1997586023">
<ele>0</ele>
<time>2026-05-19T06:45:35.000Z</time><extensions>
<ns3:TrackPointExtension>
<ns3:hr>153</ns3:hr>
</ns3:TrackPointExtension>
</extensions>
</trkpt>
<trkpt lat="35.1740619211" lon="129.19965263">
<ele>0</ele>
<time>2026-05-19T06:45:36.000Z</time><extensions>
<ns3:TrackPointExtension>
<ns3:hr>155</ns3:hr>
</ns3:TrackPointExtension>
</extensions>
</trkpt>
<trkpt lat="35.1741048328" lon="129.1995534231">
<ele>0</ele>
<time>2026-05-19T06:45:37.000Z</time><extensions>
<ns3:TrackPointExtension>
<ns3:hr>155</ns3:hr>
</ns3:TrackPointExtension>
</extensions>
</trkpt>
<trkpt lat="35.1741674815" lon="129.1994709199">
<ele>0</ele>
<time>2026-05-19T06:45:38.000Z</time><extensions>
<ns3:TrackPointExtension>
<ns3:hr>155</ns3:hr>
</ns3:TrackPointExtension>
</extensions>
</trkpt>
<trkpt lat="35.174246403" lon="129.1994251912">
<ele>0</ele>
<time>2026-05-19T06:45:39.000Z</time><extensions>
<ns3:TrackPointExtension>
<ns3:hr>155</ns3:hr>
</ns3:TrackPointExtension>
</extensions>
</trkpt>
<trkpt lat="35.1743214891" lon="129.1993983281">
<ele>0</ele>
<time>2026-05-19T06:45:40.000Z</time><extensions>
<ns3:TrackPointExtension>
<ns3:hr>155</ns3:hr>
</ns3:TrackPointExtension>
</extensions>
</trkpt>
<trkpt lat="35.1743828573" lon="129.1994173238">
<ele>0</ele>
<time>2026-05-19T06:45:41.000Z</time><extensions>
<ns3:TrackPointExtension>
<ns3:hr>155</ns3:hr>
</ns3:TrackPointExtension>
</extensions>
</trkpt>
<trkpt lat="35.174429901" lon="129.1994732761">
<ele>0</ele>
<time>2026-05-19T06:45:42.000Z</time><extensions>
<ns3:TrackPointExtension>
<ns3:hr>155</ns3:hr>
</ns3:TrackPointExtension>
</extensions>
</trkpt>
<trkpt lat="35.1744604872" lon="129.1995510242">
<ele>0</ele>
<time>2026-05-19T06:45:43.000Z</time><extensions>
<ns3:TrackPointExtension>
<ns3:hr>155</ns3:hr>
</ns3:TrackPointExtension>
</extensions>
</trkpt>
<trkpt lat="35.1744661882" lon="129.1996368102">
<ele>0</ele>
<time>2026-05-19T06:45:44.000Z</time><extensions>
<ns3:TrackPointExtension>
<ns3:hr>155</ns3:hr>
</ns3:TrackPointExtension>
</extensions>
</trkpt>
<trkpt lat="35.1744640318" lon="129.1997247929">
<ele>0</ele>
<time>2026-05-19T06:45:45.000Z</time><extensions>
<ns3:TrackPointExtension>
<ns3:hr>155</ns3:hr>
</ns3:TrackPointExtension>
</extensions>
</trkpt>
<trkpt lat="35.1744661584" lon="129.1998010407">
<ele>0</ele>
<time>2026-05-19T06:45:46.000Z</time><extensions>
<ns3:TrackPointExtension>
<ns3:hr>155</ns3:hr>
</ns3:TrackPointExtension>
</extensions>
</trkpt>
<trkpt lat="35.1744741694" lon="129.1998777349">
<ele>0</ele>
<time>2026-05-19T06:45:47.000Z</time><extensions>
<ns3:TrackPointExtension>
<ns3:hr>155</ns3:hr>
</ns3:TrackPointExtension>
</extensions>
</trkpt>
<trkpt lat="35.1744824995" lon="129.1999566714">
<ele>0</ele>
<time>2026-05-19T06:45:48.000Z</time><extensions>
<ns3:TrackPointExtension>
<ns3:hr>155</ns3:hr>
</ns3:TrackPointExtension>
</extensions>
</trkpt>
<trkpt lat="35.1744877672" lon="129.2000368202">
<ele>0</ele>
<time>2026-05-19T06:45:49.000Z</time><extensions>
<ns3:TrackPointExtension>
<ns3:hr>155</ns3:hr>
</ns3:TrackPointExtension>
</extensions>
</trkpt>
<trkpt lat="35.1744911888" lon="129.2001212356">
<ele>0</ele>
<time>2026-05-19T06:45:50.000Z</time><extensions>
<ns3:TrackPointExtension>
<ns3:hr>155</ns3:hr>
</ns3:TrackPointExtension>
</extensions>
</trkpt>
<trkpt lat="35.1744898736" lon="129.2002077233">
<ele>0</ele>
<time>2026-05-19T06:45:51.000Z</time><extensions>
<ns3:TrackPointExtension>
<ns3:hr>154</ns3:hr>
</ns3:TrackPointExtension>
</extensions>
</trkpt>
<trkpt lat="35.1744893587" lon="129.2002960821">
<ele>0</ele>
<time>2026-05-19T06:45:52.000Z</time><extensions>
<ns3:TrackPointExtension>
<ns3:hr>154</ns3:hr>
</ns3:TrackPointExtension>
</extensions>
</trkpt>
<trkpt lat="35.1744880344" lon="129.2003842707">
<ele>0</ele>
<time>2026-05-19T06:45:53.000Z</time><extensions>
<ns3:TrackPointExtension>
<ns3:hr>154</ns3:hr>
</ns3:TrackPointExtension>
</extensions>
</trkpt>
<trkpt lat="35.1744789499" lon="129.2004771785">
<ele>0</ele>
<time>2026-05-19T06:45:54.000Z</time><extensions>
<ns3:TrackPointExtension>
<ns3:hr>154</ns3:hr>
</ns3:TrackPointExtension>
</extensions>
</trkpt>
<trkpt lat="35.1744657853" lon="129.2005671437">
<ele>0</ele>
<time>2026-05-19T06:45:55.000Z</time><extensions>
<ns3:TrackPointExtension>
<ns3:hr>154</ns3:hr>
</ns3:TrackPointExtension>
</extensions>
</trkpt>
<trkpt lat="35.1744415998" lon="129.2006534688">
<ele>0</ele>
<time>2026-05-19T06:45:56.000Z</time><extensions>
<ns3:TrackPointExtension>
<ns3:hr>154</ns3:hr>
</ns3:TrackPointExtension>
</extensions>
</trkpt>
<trkpt lat="35.1744153955" lon="129.2007405964">
<ele>0</ele>
<time>2026-05-19T06:45:57.000Z</time><extensions>
<ns3:TrackPointExtension>
<ns3:hr>154</ns3:hr>
</ns3:TrackPointExtension>
</extensions>
</trkpt>
<trkpt lat="35.1743865176" lon="129.2008224948">
<ele>0</ele>
<time>2026-05-19T06:45:58.000Z</time><extensions>
<ns3:TrackPointExtension>
<ns3:hr>154</ns3:hr>
</ns3:TrackPointExtension>
</extensions>
</trkpt>
<trkpt lat="35.1743549264" lon="129.2008992492">
<ele>0</ele>
<time>2026-05-19T06:45:59.000Z</time><extensions>
<ns3:TrackPointExtension>
<ns3:hr>154</ns3:hr>
</ns3:TrackPointExtension>
</extensions>
</trkpt>
<trkpt lat="35.1743215016" lon="129.2009732704">
<ele>0</ele>
<time>2026-05-19T06:46:00.000Z</time><extensions>
<ns3:TrackPointExtension>
<ns3:hr>154</ns3:hr>
</ns3:TrackPointExtension>
</extensions>
</trkpt>
<trkpt lat="35.1742916643" lon="129.2010475191">
<ele>0</ele>
<time>2026-05-19T06:46:01.000Z</time><extensions>
<ns3:TrackPointExtension>
<ns3:hr>153</ns3:hr>
</ns3:TrackPointExtension>
</extensions>
</trkpt>
<trkpt lat="35.1742696351" lon="129.2011304248">
<ele>0</ele>
<time>2026-05-19T06:46:02.000Z</time><extensions>
<ns3:TrackPointExtension>
<ns3:hr>153</ns3:hr>
</ns3:TrackPointExtension>
</extensions>
</trkpt>
<trkpt lat="35.174250702" lon="129.2012175889">
<ele>0</ele>
<time>2026-05-19T06:46:03.000Z</time><extensions>
<ns3:TrackPointExtension>
<ns3:hr>153</ns3:hr>
</ns3:TrackPointExtension>
</extensions>
</trkpt>
<trkpt lat="35.174225345" lon="129.2013054902">
<ele>0</ele>
<time>2026-05-19T06:46:04.000Z</time><extensions>
<ns3:TrackPointExtension>
<ns3:hr>153</ns3:hr>
</ns3:TrackPointExtension>
</extensions>
</trkpt>
<trkpt lat="35.1741982901" lon="129.2013922186">
<ele>0</ele>
<time>2026-05-19T06:46:05.000Z</time><extensions>
<ns3:TrackPointExtension>
<ns3:hr>153</ns3:hr>
</ns3:TrackPointExtension>
</extensions>
</trkpt>
<trkpt lat="35.1741648165" lon="129.2014801076">
<ele>0</ele>
<time>2026-05-19T06:46:06.000Z</time><extensions>
<ns3:TrackPointExtension>
<ns3:hr>155</ns3:hr>
</ns3:TrackPointExtension>
</extensions>
</trkpt>
<trkpt lat="35.1741298913" lon="129.2015734976">
<ele>0</ele>
<time>2026-05-19T06:46:07.000Z</time><extensions>
<ns3:TrackPointExtension>
<ns3:hr>155</ns3:hr>
</ns3:TrackPointExtension>
</extensions>
</trkpt>
<trkpt lat="35.1740900118" lon="129.2016682189">
<ele>0</ele>
<time>2026-05-19T06:46:08.000Z</time><extensions>
<ns3:TrackPointExtension>
<ns3:hr>155</ns3:hr>
</ns3:TrackPointExtension>
</extensions>
</trkpt>
<trkpt lat="35.174049808" lon="129.201763893">
<ele>0</ele>
<time>2026-05-19T06:46:09.000Z</time><extensions>
<ns3:TrackPointExtension>
<ns3:hr>155</ns3:hr>
</ns3:TrackPointExtension>
</extensions>
</trkpt>
<trkpt lat="35.174007192" lon="129.2018620841">
<ele>0</ele>
<time>2026-05-19T06:46:10.000Z</time><extensions>
<ns3:TrackPointExtension>
<ns3:hr>155</ns3:hr>
</ns3:TrackPointExtension>
</extensions>
</trkpt>
<trkpt lat="35.1739588498" lon="129.2019554266">
<ele>0</ele>
<time>2026-05-19T06:46:11.000Z</time><extensions>
<ns3:TrackPointExtension>
<ns3:hr>156</ns3:hr>
</ns3:TrackPointExtension>
</extensions>
</trkpt>
<trkpt lat="35.1739143535" lon="129.2020418979">
<ele>0</ele>
<time>2026-05-19T06:46:12.000Z</time><extensions>
<ns3:TrackPointExtension>
<ns3:hr>156</ns3:hr>
</ns3:TrackPointExtension>
</extensions>
</trkpt>
<trkpt lat="35.173871358" lon="129.2021250343">
<ele>0</ele>
<time>2026-05-19T06:46:13.000Z</time><extensions>
<ns3:TrackPointExtension>
<ns3:hr>156</ns3:hr>
</ns3:TrackPointExtension>
</extensions>
</trkpt>
<trkpt lat="35.1738414281" lon="129.2022150211">
<ele>0</ele>
<time>2026-05-19T06:46:14.000Z</time><extensions>
<ns3:TrackPointExtension>
<ns3:hr>156</ns3:hr>
</ns3:TrackPointExtension>
</extensions>
</trkpt>
<trkpt lat="35.1738188603" lon="129.2023113021">
<ele>0</ele>
<time>2026-05-19T06:46:15.000Z</time><extensions>
<ns3:TrackPointExtension>
<ns3:hr>156</ns3:hr>
</ns3:TrackPointExtension>
</extensions>
</trkpt>
<trkpt lat="35.1738257555" lon="129.2024115989">
<ele>0</ele>
<time>2026-05-19T06:46:16.000Z</time><extensions>
<ns3:TrackPointExtension>
<ns3:hr>155</ns3:hr>
</ns3:TrackPointExtension>
</extensions>
</trkpt>
<trkpt lat="35.1738446791" lon="129.2025065179">
<ele>0</ele>
<time>2026-05-19T06:46:17.000Z</time><extensions>
<ns3:TrackPointExtension>
<ns3:hr>155</ns3:hr>
</ns3:TrackPointExtension>
</extensions>
</trkpt>
<trkpt lat="35.1738929533" lon="129.2025792495">
<ele>0</ele>
<time>2026-05-19T06:46:18.000Z</time><extensions>
<ns3:TrackPointExtension>
<ns3:hr>155</ns3:hr>
</ns3:TrackPointExtension>
</extensions>
</trkpt>
<trkpt lat="35.1739527387" lon="129.202614774">
<ele>0</ele>
<time>2026-05-19T06:46:19.000Z</time><extensions>
<ns3:TrackPointExtension>
<ns3:hr>155</ns3:hr>
</ns3:TrackPointExtension>
</extensions>
</trkpt>
<trkpt lat="35.1740218327" lon="129.2025792287">
<ele>0</ele>
<time>2026-05-19T06:46:20.000Z</time><extensions>
<ns3:TrackPointExtension>
<ns3:hr>155</ns3:hr>
</ns3:TrackPointExtension>
</extensions>
</trkpt>
<trkpt lat="35.1740631248" lon="129.2024979472">
<ele>0</ele>
<time>2026-05-19T06:46:21.000Z</time><extensions>
<ns3:TrackPointExtension>
<ns3:hr>153</ns3:hr>
</ns3:TrackPointExtension>
</extensions>
</trkpt>
<trkpt lat="35.1740897925" lon="129.2024148974">
<ele>0</ele>
<time>2026-05-19T06:46:22.000Z</time><extensions>
<ns3:TrackPointExtension>
<ns3:hr>153</ns3:hr>
</ns3:TrackPointExtension>
</extensions>
</trkpt>
<trkpt lat="35.1741157046" lon="129.2023320262">
<ele>0</ele>
<time>2026-05-19T06:46:23.000Z</time><extensions>
<ns3:TrackPointExtension>
<ns3:hr>153</ns3:hr>
</ns3:TrackPointExtension>
</extensions>
</trkpt>
<trkpt lat="35.1741434124" lon="129.2022506354">
<ele>0</ele>
<time>2026-05-19T06:46:24.000Z</time><extensions>
<ns3:TrackPointExtension>
<ns3:hr>153</ns3:hr>
</ns3:TrackPointExtension>
</extensions>
</trkpt>
<trkpt lat="35.1741745753" lon="129.2021675927">
<ele>0</ele>
<time>2026-05-19T06:46:25.000Z</time><extensions>
<ns3:TrackPointExtension>
<ns3:hr>153</ns3:hr>
</ns3:TrackPointExtension>
</extensions>
</trkpt>
<trkpt lat="35.1742049958" lon="129.2020848167">
<ele>0</ele>
<time>2026-05-19T06:46:26.000Z</time><extensions>
<ns3:TrackPointExtension>
<ns3:hr>153</ns3:hr>
</ns3:TrackPointExtension>
</extensions>
</trkpt>
<trkpt lat="35.1742302936" lon="129.2020008688">
<ele>0</ele>
<time>2026-05-19T06:46:27.000Z</time><extensions>
<ns3:TrackPointExtension>
<ns3:hr>153</ns3:hr>
</ns3:TrackPointExtension>
</extensions>
</trkpt>
<trkpt lat="35.1742537637" lon="129.2019111248">
<ele>0</ele>
<time>2026-05-19T06:46:28.000Z</time><extensions>
<ns3:TrackPointExtension>
<ns3:hr>153</ns3:hr>
</ns3:TrackPointExtension>
</extensions>
</trkpt>
<trkpt lat="35.1742734737" lon="129.2018167554">
<ele>0</ele>
<time>2026-05-19T06:46:29.000Z</time><extensions>
<ns3:TrackPointExtension>
<ns3:hr>153</ns3:hr>
</ns3:TrackPointExtension>
</extensions>
</trkpt>
<trkpt lat="35.174291526" lon="129.2017236869">
<ele>0</ele>
<time>2026-05-19T06:46:30.000Z</time><extensions>
<ns3:TrackPointExtension>
<ns3:hr>153</ns3:hr>
</ns3:TrackPointExtension>
</extensions>
</trkpt>
<trkpt lat="35.174308896" lon="129.2016303859">
<ele>0</ele>
<time>2026-05-19T06:46:31.000Z</time><extensions>
<ns3:TrackPointExtension>
<ns3:hr>153</ns3:hr>
</ns3:TrackPointExtension>
</extensions>
</trkpt>
<trkpt lat="35.1743214625" lon="129.2015328393">
<ele>0</ele>
<time>2026-05-19T06:46:32.000Z</time><extensions>
<ns3:TrackPointExtension>
<ns3:hr>156</ns3:hr>
</ns3:TrackPointExtension>
</extensions>
</trkpt>
<trkpt lat="35.174318986" lon="129.2014303449">
<ele>0</ele>
<time>2026-05-19T06:46:33.000Z</time><extensions>
<ns3:TrackPointExtension>
<ns3:hr>156</ns3:hr>
</ns3:TrackPointExtension>
</extensions>
</trkpt>
<trkpt lat="35.174316035" lon="129.2013265455">
<ele>0</ele>
<time>2026-05-19T06:46:34.000Z</time><extensions>
<ns3:TrackPointExtension>
<ns3:hr>156</ns3:hr>
</ns3:TrackPointExtension>
</extensions>
</trkpt>
<trkpt lat="35.1743063286" lon="129.2012254189">
<ele>0</ele>
<time>2026-05-19T06:46:35.000Z</time><extensions>
<ns3:TrackPointExtension>
<ns3:hr>156</ns3:hr>
</ns3:TrackPointExtension>
</extensions>
</trkpt>
<trkpt lat="35.1742937478" lon="129.2011220437">
<ele>0</ele>
<time>2026-05-19T06:46:36.000Z</time><extensions>
<ns3:TrackPointExtension>
<ns3:hr>156</ns3:hr>
</ns3:TrackPointExtension>
</extensions>
</trkpt>
<trkpt lat="35.1742783915" lon="129.2010157484">
<ele>0</ele>
<time>2026-05-19T06:46:37.000Z</time><extensions>
<ns3:TrackPointExtension>
<ns3:hr>156</ns3:hr>
</ns3:TrackPointExtension>
</extensions>
</trkpt>
<trkpt lat="35.174263206" lon="129.200913649">
<ele>0</ele>
<time>2026-05-19T06:46:38.000Z</time><extensions>
<ns3:TrackPointExtension>
<ns3:hr>156</ns3:hr>
</ns3:TrackPointExtension>
</extensions>
</trkpt>
<trkpt lat="35.1742455363" lon="129.2008065573">
<ele>0</ele>
<time>2026-05-19T06:46:39.000Z</time><extensions>
<ns3:TrackPointExtension>
<ns3:hr>156</ns3:hr>
</ns3:TrackPointExtension>
</extensions>
</trkpt>
<trkpt lat="35.1742273988" lon="129.2006999633">
<ele>0</ele>
<time>2026-05-19T06:46:40.000Z</time><extensions>
<ns3:TrackPointExtension>
<ns3:hr>156</ns3:hr>
</ns3:TrackPointExtension>
</extensions>
</trkpt>
<trkpt lat="35.1742061716" lon="129.2006003462">
<ele>0</ele>
<time>2026-05-19T06:46:41.000Z</time><extensions>
<ns3:TrackPointExtension>
<ns3:hr>156</ns3:hr>
</ns3:TrackPointExtension>
</extensions>
</trkpt>
<trkpt lat="35.1741906271" lon="129.2004994185">
<ele>0</ele>
<time>2026-05-19T06:46:42.000Z</time><extensions>
<ns3:TrackPointExtension>
<ns3:hr>156</ns3:hr>
</ns3:TrackPointExtension>
</extensions>
</trkpt>
<trkpt lat="35.1741767283" lon="129.2003980487">
<ele>0</ele>
<time>2026-05-19T06:46:43.000Z</time><extensions>
<ns3:TrackPointExtension>
<ns3:hr>156</ns3:hr>
</ns3:TrackPointExtension>
</extensions>
</trkpt>
<trkpt lat="35.174175673" lon="129.2002945297">
<ele>0</ele>
<time>2026-05-19T06:46:44.000Z</time><extensions>
<ns3:TrackPointExtension>
<ns3:hr>156</ns3:hr>
</ns3:TrackPointExtension>
</extensions>
</trkpt>
<trkpt lat="35.1741734724" lon="129.2001914033">
<ele>0</ele>
<time>2026-05-19T06:46:45.000Z</time><extensions>
<ns3:TrackPointExtension>
<ns3:hr>156</ns3:hr>
</ns3:TrackPointExtension>
</extensions>
</trkpt>
<trkpt lat="35.1741735692" lon="129.2000823244">
<ele>0</ele>
<time>2026-05-19T06:46:46.000Z</time><extensions>
<ns3:TrackPointExtension>
<ns3:hr>156</ns3:hr>
</ns3:TrackPointExtension>
</extensions>
</trkpt>
<trkpt lat="35.1741756944" lon="129.1999694117">
<ele>0</ele>
<time>2026-05-19T06:46:47.000Z</time><extensions>
<ns3:TrackPointExtension>
<ns3:hr>156</ns3:hr>
</ns3:TrackPointExtension>
</extensions>
</trkpt>
<trkpt lat="35.1741759179" lon="129.1998566534">
<ele>0</ele>
<time>2026-05-19T06:46:48.000Z</time><extensions>
<ns3:TrackPointExtension>
<ns3:hr>156</ns3:hr>
</ns3:TrackPointExtension>
</extensions>
</trkpt>
<trkpt lat="35.1741739246" lon="129.1997415299">
<ele>0</ele>
<time>2026-05-19T06:46:49.000Z</time><extensions>
<ns3:TrackPointExtension>
<ns3:hr>156</ns3:hr>
</ns3:TrackPointExtension>
</extensions>
</trkpt>
<trkpt lat="35.174173308" lon="129.1996284576">
<ele>0</ele>
<time>2026-05-19T06:46:50.000Z</time><extensions>
<ns3:TrackPointExtension>
<ns3:hr>156</ns3:hr>
</ns3:TrackPointExtension>
</extensions>
</trkpt>
<trkpt lat="35.1741637205" lon="129.1995186218">
<ele>0</ele>
<time>2026-05-19T06:46:51.000Z</time><extensions>
<ns3:TrackPointExtension>
<ns3:hr>155</ns3:hr>
</ns3:TrackPointExtension>
</extensions>
</trkpt>
<trkpt lat="35.1741305051" lon="129.1994263871">
<ele>0</ele>
<time>2026-05-19T06:46:52.000Z</time><extensions>
<ns3:TrackPointExtension>
<ns3:hr>155</ns3:hr>
</ns3:TrackPointExtension>
</extensions>
</trkpt>
<trkpt lat="35.1740915208" lon="129.1993553904">
<ele>0</ele>
<time>2026-05-19T06:46:53.000Z</time><extensions>
<ns3:TrackPointExtension>
<ns3:hr>155</ns3:hr>
</ns3:TrackPointExtension>
</extensions>
</trkpt>
<trkpt lat="35.1740342926" lon="129.1993364653">
<ele>0</ele>
<time>2026-05-19T06:46:54.000Z</time><extensions>
<ns3:TrackPointExtension>
<ns3:hr>155</ns3:hr>
</ns3:TrackPointExtension>
</extensions>
</trkpt>
<trkpt lat="35.1739838123" lon="129.1993708967">
<ele>0</ele>
<time>2026-05-19T06:46:55.000Z</time><extensions>
<ns3:TrackPointExtension>
<ns3:hr>155</ns3:hr>
</ns3:TrackPointExtension>
</extensions>
</trkpt>
<trkpt lat="35.1739438849" lon="129.1994490988">
<ele>0</ele>
<time>2026-05-19T06:46:56.000Z</time><extensions>
<ns3:TrackPointExtension>
<ns3:hr>154</ns3:hr>
</ns3:TrackPointExtension>
</extensions>
</trkpt>
<trkpt lat="35.173922219" lon="129.1995302903">
<ele>0</ele>
<time>2026-05-19T06:46:57.000Z</time><extensions>
<ns3:TrackPointExtension>
<ns3:hr>154</ns3:hr>
</ns3:TrackPointExtension>
</extensions>
</trkpt>
<trkpt lat="35.1739156986" lon="129.1996063457">
<ele>0</ele>
<time>2026-05-19T06:46:58.000Z</time><extensions>
<ns3:TrackPointExtension>
<ns3:hr>154</ns3:hr>
</ns3:TrackPointExtension>
</extensions>
</trkpt>
<trkpt lat="35.1739169464" lon="129.1996828225">
<ele>0</ele>
<time>2026-05-19T06:46:59.000Z</time><extensions>
<ns3:TrackPointExtension>
<ns3:hr>154</ns3:hr>
</ns3:TrackPointExtension>
</extensions>
</trkpt>
<trkpt lat="35.173917113" lon="129.1997570191">
<ele>0</ele>
<time>2026-05-19T06:47:00.000Z</time><extensions>
<ns3:TrackPointExtension>
<ns3:hr>154</ns3:hr>
</ns3:TrackPointExtension>
</extensions>
</trkpt>
<trkpt lat="35.1739100988" lon="129.1998282108">
<ele>0</ele>
<time>2026-05-19T06:47:01.000Z</time><extensions>
<ns3:TrackPointExtension>
<ns3:hr>154</ns3:hr>
</ns3:TrackPointExtension>
</extensions>
</trkpt>
<trkpt lat="35.173902337" lon="129.1999009059">
<ele>0</ele>
<time>2026-05-19T06:47:02.000Z</time><extensions>
<ns3:TrackPointExtension>
<ns3:hr>156</ns3:hr>
</ns3:TrackPointExtension>
</extensions>
</trkpt>
<trkpt lat="35.1738985143" lon="129.1999783249">
<ele>0</ele>
<time>2026-05-19T06:47:03.000Z</time><extensions>
<ns3:TrackPointExtension>
<ns3:hr>156</ns3:hr>
</ns3:TrackPointExtension>
</extensions>
</trkpt>
<trkpt lat="35.1738839275" lon="129.2000552822">
<ele>0</ele>
<time>2026-05-19T06:47:04.000Z</time><extensions>
<ns3:TrackPointExtension>
<ns3:hr>156</ns3:hr>
</ns3:TrackPointExtension>
</extensions>
</trkpt>
<trkpt lat="35.1738703871" lon="129.2001354667">
<ele>0</ele>
<time>2026-05-19T06:47:05.000Z</time><extensions>
<ns3:TrackPointExtension>
<ns3:hr>156</ns3:hr>
</ns3:TrackPointExtension>
</extensions>
</trkpt>
<trkpt lat="35.1738558572" lon="129.2002158004">
<ele>0</ele>
<time>2026-05-19T06:47:06.000Z</time><extensions>
<ns3:TrackPointExtension>
<ns3:hr>156</ns3:hr>
</ns3:TrackPointExtension>
</extensions>
</trkpt>
<trkpt lat="35.1738335955" lon="129.2002968627">
<ele>0</ele>
<time>2026-05-19T06:47:07.000Z</time><extensions>
<ns3:TrackPointExtension>
<ns3:hr>156</ns3:hr>
</ns3:TrackPointExtension>
</extensions>
</trkpt>
<trkpt lat="35.1738113369" lon="129.2003794615">
<ele>0</ele>
<time>2026-05-19T06:47:08.000Z</time><extensions>
<ns3:TrackPointExtension>
<ns3:hr>156</ns3:hr>
</ns3:TrackPointExtension>
</extensions>
</trkpt>
<trkpt lat="35.1737886643" lon="129.2004635775">
<ele>0</ele>
<time>2026-05-19T06:47:09.000Z</time><extensions>
<ns3:TrackPointExtension>
<ns3:hr>156</ns3:hr>
</ns3:TrackPointExtension>
</extensions>
</trkpt>
<trkpt lat="35.1737656206" lon="129.2005477967">
<ele>0</ele>
<time>2026-05-19T06:47:10.000Z</time><extensions>
<ns3:TrackPointExtension>
<ns3:hr>156</ns3:hr>
</ns3:TrackPointExtension>
</extensions>
</trkpt>
<trkpt lat="35.1737426537" lon="129.2006326368">
<ele>0</ele>
<time>2026-05-19T06:47:11.000Z</time><extensions>
<ns3:TrackPointExtension>
<ns3:hr>159</ns3:hr>
</ns3:TrackPointExtension>
</extensions>
</trkpt>
<trkpt lat="35.1737205826" lon="129.2007191614">
<ele>0</ele>
<time>2026-05-19T06:47:12.000Z</time><extensions>
<ns3:TrackPointExtension>
<ns3:hr>159</ns3:hr>
</ns3:TrackPointExtension>
</extensions>
</trkpt>
<trkpt lat="35.1736932777" lon="129.2008000513">
<ele>0</ele>
<time>2026-05-19T06:47:13.000Z</time><extensions>
<ns3:TrackPointExtension>
<ns3:hr>159</ns3:hr>
</ns3:TrackPointExtension>
</extensions>
</trkpt>
<trkpt lat="35.1736697614" lon="129.200881134">
<ele>0</ele>
<time>2026-05-19T06:47:14.000Z</time><extensions>
<ns3:TrackPointExtension>
<ns3:hr>159</ns3:hr>
</ns3:TrackPointExtension>
</extensions>
</trkpt>
<trkpt lat="35.1736467153" lon="129.2009654502">
<ele>0</ele>
<time>2026-05-19T06:47:15.000Z</time><extensions>
<ns3:TrackPointExtension>
<ns3:hr>159</ns3:hr>
</ns3:TrackPointExtension>
</extensions>
</trkpt>
<trkpt lat="35.1736226009" lon="129.2010509386">
<ele>0</ele>
<time>2026-05-19T06:47:16.000Z</time><extensions>
<ns3:TrackPointExtension>
<ns3:hr>159</ns3:hr>
</ns3:TrackPointExtension>
</extensions>
</trkpt>
<trkpt lat="35.1735966381" lon="129.2011339497">
<ele>0</ele>
<time>2026-05-19T06:47:17.000Z</time><extensions>
<ns3:TrackPointExtension>
<ns3:hr>159</ns3:hr>
</ns3:TrackPointExtension>
</extensions>
</trkpt>
<trkpt lat="35.1735735043" lon="129.2012175314">
<ele>0</ele>
<time>2026-05-19T06:47:18.000Z</time><extensions>
<ns3:TrackPointExtension>
<ns3:hr>159</ns3:hr>
</ns3:TrackPointExtension>
</extensions>
</trkpt>
<trkpt lat="35.1735552074" lon="129.2013035715">
<ele>0</ele>
<time>2026-05-19T06:47:19.000Z</time><extensions>
<ns3:TrackPointExtension>
<ns3:hr>159</ns3:hr>
</ns3:TrackPointExtension>
</extensions>
</trkpt>
<trkpt lat="35.1735432152" lon="129.2013942676">
<ele>0</ele>
<time>2026-05-19T06:47:20.000Z</time><extensions>
<ns3:TrackPointExtension>
<ns3:hr>159</ns3:hr>
</ns3:TrackPointExtension>
</extensions>
</trkpt>
<trkpt lat="35.1735360642" lon="129.2014935654">
<ele>0</ele>
<time>2026-05-19T06:47:21.000Z</time><extensions>
<ns3:TrackPointExtension>
<ns3:hr>160</ns3:hr>
</ns3:TrackPointExtension>
</extensions>
</trkpt>
<trkpt lat="35.1735305856" lon="129.2015908914">
<ele>0</ele>
<time>2026-05-19T06:47:22.000Z</time><extensions>
<ns3:TrackPointExtension>
<ns3:hr>160</ns3:hr>
</ns3:TrackPointExtension>
</extensions>
</trkpt>
<trkpt lat="35.1735302746" lon="129.2016918859">
<ele>0</ele>
<time>2026-05-19T06:47:23.000Z</time><extensions>
<ns3:TrackPointExtension>
<ns3:hr>160</ns3:hr>
</ns3:TrackPointExtension>
</extensions>
</trkpt>
<trkpt lat="35.1735391446" lon="129.2017916095">
<ele>0</ele>
<time>2026-05-19T06:47:24.000Z</time><extensions>
<ns3:TrackPointExtension>
<ns3:hr>160</ns3:hr>
</ns3:TrackPointExtension>
</extensions>
</trkpt>
<trkpt lat="35.1735564485" lon="129.2018881023">
<ele>0</ele>
<time>2026-05-19T06:47:25.000Z</time><extensions>
<ns3:TrackPointExtension>
<ns3:hr>160</ns3:hr>
</ns3:TrackPointExtension>
</extensions>
</trkpt>
<trkpt lat="35.1735784291" lon="129.2019905716">
<ele>0</ele>
<time>2026-05-19T06:47:26.000Z</time><extensions>
<ns3:TrackPointExtension>
<ns3:hr>160</ns3:hr>
</ns3:TrackPointExtension>
</extensions>
</trkpt>
<trkpt lat="35.1736058871" lon="129.2020914942">
<ele>0</ele>
<time>2026-05-19T06:47:27.000Z</time><extensions>
<ns3:TrackPointExtension>
<ns3:hr>161</ns3:hr>
</ns3:TrackPointExtension>
</extensions>
</trkpt>
<trkpt lat="35.1736409779" lon="129.2021884511">
<ele>0</ele>
<time>2026-05-19T06:47:28.000Z</time><extensions>
<ns3:TrackPointExtension>
<ns3:hr>161</ns3:hr>
</ns3:TrackPointExtension>
</extensions>
</trkpt>
<trkpt lat="35.1736812972" lon="129.2022783758">
<ele>0</ele>
<time>2026-05-19T06:47:29.000Z</time><extensions>
<ns3:TrackPointExtension>
<ns3:hr>161</ns3:hr>
</ns3:TrackPointExtension>
</extensions>
</trkpt>
<trkpt lat="35.1737298455" lon="129.2023484916">
<ele>0</ele>
<time>2026-05-19T06:47:30.000Z</time><extensions>
<ns3:TrackPointExtension>
<ns3:hr>161</ns3:hr>
</ns3:TrackPointExtension>
</extensions>
</trkpt>
<trkpt lat="35.1737868516" lon="129.2024060776">
<ele>0</ele>
<time>2026-05-19T06:47:31.000Z</time><extensions>
<ns3:TrackPointExtension>
<ns3:hr>161</ns3:hr>
</ns3:TrackPointExtension>
</extensions>
</trkpt>
<trkpt lat="35.1738565687" lon="129.2024218162">
<ele>0</ele>
<time>2026-05-19T06:47:32.000Z</time><extensions>
<ns3:TrackPointExtension>
<ns3:hr>160</ns3:hr>
</ns3:TrackPointExtension>
</extensions>
</trkpt>
<trkpt lat="35.1739146642" lon="129.202362495">
<ele>0</ele>
<time>2026-05-19T06:47:32.000Z</time><extensions>
<ns3:TrackPointExtension>
<ns3:hr>160</ns3:hr>
</ns3:TrackPointExtension>
</extensions>
</trkpt>
<trkpt lat="35.1739477036" lon="129.2022881257">
<ele>0</ele>
<time>2026-05-19T06:47:33.000Z</time><extensions>
<ns3:TrackPointExtension>
<ns3:hr>160</ns3:hr>
</ns3:TrackPointExtension>
</extensions>
</trkpt>
<trkpt lat="35.1739591033" lon="129.2021970231">
<ele>0</ele>
<time>2026-05-19T06:47:34.000Z</time><extensions>
<ns3:TrackPointExtension>
<ns3:hr>160</ns3:hr>
</ns3:TrackPointExtension>
</extensions>
</trkpt>
<trkpt lat="35.1739616676" lon="129.2021024285">
<ele>0</ele>
<time>2026-05-19T06:47:35.000Z</time><extensions>
<ns3:TrackPointExtension>
<ns3:hr>160</ns3:hr>
</ns3:TrackPointExtension>
</extensions>
</trkpt>
<trkpt lat="35.1739788942" lon="129.2020095211">
<ele>0</ele>
<time>2026-05-19T06:47:36.000Z</time><extensions>
<ns3:TrackPointExtension>
<ns3:hr>160</ns3:hr>
</ns3:TrackPointExtension>
</extensions>
</trkpt>
<trkpt lat="35.1740061256" lon="129.2019247743">
<ele>0</ele>
<time>2026-05-19T06:47:37.000Z</time><extensions>
<ns3:TrackPointExtension>
<ns3:hr>160</ns3:hr>
</ns3:TrackPointExtension>
</extensions>
</trkpt>
<trkpt lat="35.1740357065" lon="129.2018414411">
<ele>0</ele>
<time>2026-05-19T06:47:38.000Z</time><extensions>
<ns3:TrackPointExtension>
<ns3:hr>160</ns3:hr>
</ns3:TrackPointExtension>
</extensions>
</trkpt>
<trkpt lat="35.1740628389" lon="129.2017564879">
<ele>0</ele>
<time>2026-05-19T06:47:39.000Z</time><extensions>
<ns3:TrackPointExtension>
<ns3:hr>160</ns3:hr>
</ns3:TrackPointExtension>
</extensions>
</trkpt>
<trkpt lat="35.1740814665" lon="129.2016718717">
<ele>0</ele>
<time>2026-05-19T06:47:40.000Z</time><extensions>
<ns3:TrackPointExtension>
<ns3:hr>160</ns3:hr>
</ns3:TrackPointExtension>
</extensions>
</trkpt>
<trkpt lat="35.1740992491" lon="129.2015827476">
<ele>0</ele>
<time>2026-05-19T06:47:41.000Z</time><extensions>
<ns3:TrackPointExtension>
<ns3:hr>160</ns3:hr>
</ns3:TrackPointExtension>
</extensions>
</trkpt>
<trkpt lat="35.1741250591" lon="129.2014974908">
<ele>0</ele>
<time>2026-05-19T06:47:42.000Z</time><extensions>
<ns3:TrackPointExtension>
<ns3:hr>160</ns3:hr>
</ns3:TrackPointExtension>
</extensions>
</trkpt>
<trkpt lat="35.1741572508" lon="129.2014111153">
<ele>0</ele>
<time>2026-05-19T06:47:43.000Z</time><extensions>
<ns3:TrackPointExtension>
<ns3:hr>160</ns3:hr>
</ns3:TrackPointExtension>
</extensions>
</trkpt>
<trkpt lat="35.1741850879" lon="129.2013255143">
<ele>0</ele>
<time>2026-05-19T06:47:44.000Z</time><extensions>
<ns3:TrackPointExtension>
<ns3:hr>160</ns3:hr>
</ns3:TrackPointExtension>
</extensions>
</trkpt>
<trkpt lat="35.1742139343" lon="129.2012368108">
<ele>0</ele>
<time>2026-05-19T06:47:45.000Z</time><extensions>
<ns3:TrackPointExtension>
<ns3:hr>161</ns3:hr>
</ns3:TrackPointExtension>
</extensions>
</trkpt>
<trkpt lat="35.1742394515" lon="129.2011422169">
<ele>0</ele>
<time>2026-05-19T06:47:46.000Z</time><extensions>
<ns3:TrackPointExtension>
<ns3:hr>161</ns3:hr>
</ns3:TrackPointExtension>
</extensions>
</trkpt>
<trkpt lat="35.1742594104" lon="129.2010449149">
<ele>0</ele>
<time>2026-05-19T06:47:47.000Z</time><extensions>
<ns3:TrackPointExtension>
<ns3:hr>161</ns3:hr>
</ns3:TrackPointExtension>
</extensions>
</trkpt>
<trkpt lat="35.1742680272" lon="129.2009405258">
<ele>0</ele>
<time>2026-05-19T06:47:48.000Z</time><extensions>
<ns3:TrackPointExtension>
<ns3:hr>161</ns3:hr>
</ns3:TrackPointExtension>
</extensions>
</trkpt>
<trkpt lat="35.1742692099" lon="129.2008351749">
<ele>0</ele>
<time>2026-05-19T06:47:49.000Z</time><extensions>
<ns3:TrackPointExtension>
<ns3:hr>161</ns3:hr>
</ns3:TrackPointExtension>
</extensions>
</trkpt>
<trkpt lat="35.1742671918" lon="129.2007265272">
<ele>0</ele>
<time>2026-05-19T06:47:50.000Z</time><extensions>
<ns3:TrackPointExtension>
<ns3:hr>160</ns3:hr>
</ns3:TrackPointExtension>
</extensions>
</trkpt>
<trkpt lat="35.1742646298" lon="129.2006227791">
<ele>0</ele>
<time>2026-05-19T06:47:51.000Z</time><extensions>
<ns3:TrackPointExtension>
<ns3:hr>160</ns3:hr>
</ns3:TrackPointExtension>
</extensions>
</trkpt>
<trkpt lat="35.1742625902" lon="129.2005221611">
<ele>0</ele>
<time>2026-05-19T06:47:52.000Z</time><extensions>
<ns3:TrackPointExtension>
<ns3:hr>160</ns3:hr>
</ns3:TrackPointExtension>
</extensions>
</trkpt>
<trkpt lat="35.1742763828" lon="129.2004261089">
<ele>0</ele>
<time>2026-05-19T06:47:53.000Z</time><extensions>
<ns3:TrackPointExtension>
<ns3:hr>160</ns3:hr>
</ns3:TrackPointExtension>
</extensions>
</trkpt>
<trkpt lat="35.1742967175" lon="129.2003352296">
<ele>0</ele>
<time>2026-05-19T06:47:54.000Z</time><extensions>
<ns3:TrackPointExtension>
<ns3:hr>160</ns3:hr>
</ns3:TrackPointExtension>
</extensions>
</trkpt>
<trkpt lat="35.1743306571" lon="129.200244038">
<ele>0</ele>
<time>2026-05-19T06:47:55.000Z</time><extensions>
<ns3:TrackPointExtension>
<ns3:hr>160</ns3:hr>
</ns3:TrackPointExtension>
</extensions>
</trkpt>
<trkpt lat="35.1743684331" lon="129.2001543184">
<ele>0</ele>
<time>2026-05-19T06:47:56.000Z</time><extensions>
<ns3:TrackPointExtension>
<ns3:hr>160</ns3:hr>
</ns3:TrackPointExtension>
</extensions>
</trkpt>
<trkpt lat="35.1744064855" lon="129.2000648797">
<ele>0</ele>
<time>2026-05-19T06:47:58.000Z</time><extensions>
<ns3:TrackPointExtension>
<ns3:hr>160</ns3:hr>
</ns3:TrackPointExtension>
</extensions>
</trkpt>
<trkpt lat="35.174444625" lon="129.1999727211">
<ele>0</ele>
<time>2026-05-19T06:47:59.000Z</time><extensions>
<ns3:TrackPointExtension>
<ns3:hr>160</ns3:hr>
</ns3:TrackPointExtension>
</extensions>
</trkpt>
<trkpt lat="35.1744857612" lon="129.1998780246">
<ele>0</ele>
<time>2026-05-19T06:48:00.000Z</time><extensions>
<ns3:TrackPointExtension>
<ns3:hr>160</ns3:hr>
</ns3:TrackPointExtension>
</extensions>
</trkpt>
<trkpt lat="35.1745288232" lon="129.1997894932">
<ele>0</ele>
<time>2026-05-19T06:48:01.000Z</time><extensions>
<ns3:TrackPointExtension>
<ns3:hr>158</ns3:hr>
</ns3:TrackPointExtension>
</extensions>
</trkpt>
<trkpt lat="35.1745825317" lon="129.1997033116">
<ele>0</ele>
<time>2026-05-19T06:48:02.000Z</time><extensions>
<ns3:TrackPointExtension>
<ns3:hr>158</ns3:hr>
</ns3:TrackPointExtension>
</extensions>
</trkpt>
<trkpt lat="35.174638603" lon="129.1996258891">
<ele>0</ele>
<time>2026-05-19T06:48:03.000Z</time><extensions>
<ns3:TrackPointExtension>
<ns3:hr>158</ns3:hr>
</ns3:TrackPointExtension>
</extensions>
</trkpt>
<trkpt lat="35.1747034348" lon="129.1995616736">
<ele>0</ele>
<time>2026-05-19T06:48:04.000Z</time><extensions>
<ns3:TrackPointExtension>
<ns3:hr>158</ns3:hr>
</ns3:TrackPointExtension>
</extensions>
</trkpt>
<trkpt lat="35.1747755571" lon="129.1995341382">
<ele>0</ele>
<time>2026-05-19T06:48:05.000Z</time><extensions>
<ns3:TrackPointExtension>
<ns3:hr>158</ns3:hr>
</ns3:TrackPointExtension>
</extensions>
</trkpt>
<trkpt lat="35.1748489045" lon="129.1995378767">
<ele>0</ele>
<time>2026-05-19T06:48:06.000Z</time><extensions>
<ns3:TrackPointExtension>
<ns3:hr>158</ns3:hr>
</ns3:TrackPointExtension>
</extensions>
</trkpt>
<trkpt lat="35.1749178085" lon="129.1995876167">
<ele>0</ele>
<time>2026-05-19T06:48:07.000Z</time><extensions>
<ns3:TrackPointExtension>
<ns3:hr>158</ns3:hr>
</ns3:TrackPointExtension>
</extensions>
</trkpt>
<trkpt lat="35.174955193" lon="129.1996591649">
<ele>0</ele>
<time>2026-05-19T06:48:08.000Z</time><extensions>
<ns3:TrackPointExtension>
<ns3:hr>158</ns3:hr>
</ns3:TrackPointExtension>
</extensions>
</trkpt>
<trkpt lat="35.1749646163" lon="129.1997411996">
<ele>0</ele>
<time>2026-05-19T06:48:09.000Z</time><extensions>
<ns3:TrackPointExtension>
<ns3:hr>158</ns3:hr>
</ns3:TrackPointExtension>
</extensions>
</trkpt>
<trkpt lat="35.1749593325" lon="129.1998280069">
<ele>0</ele>
<time>2026-05-19T06:48:10.000Z</time><extensions>
<ns3:TrackPointExtension>
<ns3:hr>158</ns3:hr>
</ns3:TrackPointExtension>
</extensions>
</trkpt>
<trkpt lat="35.1749587621" lon="129.1999081226">
<ele>0</ele>
<time>2026-05-19T06:48:11.000Z</time><extensions>
<ns3:TrackPointExtension>
<ns3:hr>158</ns3:hr>
</ns3:TrackPointExtension>
</extensions>
</trkpt>
<trkpt lat="35.1749563561" lon="129.1999844636">
<ele>0</ele>
<time>2026-05-19T06:48:12.000Z</time><extensions>
<ns3:TrackPointExtension>
<ns3:hr>158</ns3:hr>
</ns3:TrackPointExtension>
</extensions>
</trkpt>
<trkpt lat="35.1749580788" lon="129.2000602722">
<ele>0</ele>
<time>2026-05-19T06:48:13.000Z</time><extensions>
<ns3:TrackPointExtension>
<ns3:hr>158</ns3:hr>
</ns3:TrackPointExtension>
</extensions>
</trkpt>
<trkpt lat="35.174957832" lon="129.2001373556">
<ele>0</ele>
<time>2026-05-19T06:48:14.000Z</time><extensions>
<ns3:TrackPointExtension>
<ns3:hr>158</ns3:hr>
</ns3:TrackPointExtension>
</extensions>
</trkpt>
<trkpt lat="35.1749545624" lon="129.2002141608">
<ele>0</ele>
<time>2026-05-19T06:48:15.000Z</time><extensions>
<ns3:TrackPointExtension>
<ns3:hr>158</ns3:hr>
</ns3:TrackPointExtension>
</extensions>
</trkpt>
<trkpt lat="35.1749524134" lon="129.2002896503">
<ele>0</ele>
<time>2026-05-19T06:48:16.000Z</time><extensions>
<ns3:TrackPointExtension>
<ns3:hr>159</ns3:hr>
</ns3:TrackPointExtension>
</extensions>
</trkpt>
<trkpt lat="35.1749577236" lon="129.2003724359">
<ele>0</ele>
<time>2026-05-19T06:48:17.000Z</time><extensions>
<ns3:TrackPointExtension>
<ns3:hr>159</ns3:hr>
</ns3:TrackPointExtension>
</extensions>
</trkpt>
<trkpt lat="35.1749609005" lon="129.2004554776">
<ele>0</ele>
<time>2026-05-19T06:48:18.000Z</time><extensions>
<ns3:TrackPointExtension>
<ns3:hr>159</ns3:hr>
</ns3:TrackPointExtension>
</extensions>
</trkpt>
<trkpt lat="35.1749606976" lon="129.2005346035">
<ele>0</ele>
<time>2026-05-19T06:48:19.000Z</time><extensions>
<ns3:TrackPointExtension>
<ns3:hr>159</ns3:hr>
</ns3:TrackPointExtension>
</extensions>
</trkpt>
<trkpt lat="35.1749510514" lon="129.200616196">
<ele>0</ele>
<time>2026-05-19T06:48:20.000Z</time><extensions>
<ns3:TrackPointExtension>
<ns3:hr>159</ns3:hr>
</ns3:TrackPointExtension>
</extensions>
</trkpt>
<trkpt lat="35.1749390487" lon="129.2007003494">
<ele>0</ele>
<time>2026-05-19T06:48:21.000Z</time><extensions>
<ns3:TrackPointExtension>
<ns3:hr>161</ns3:hr>
</ns3:TrackPointExtension>
</extensions>
</trkpt>
<trkpt lat="35.1749233954" lon="129.2007841796">
<ele>0</ele>
<time>2026-05-19T06:48:22.000Z</time><extensions>
<ns3:TrackPointExtension>
<ns3:hr>161</ns3:hr>
</ns3:TrackPointExtension>
</extensions>
</trkpt>
<trkpt lat="35.1749044167" lon="129.2008694963">
<ele>0</ele>
<time>2026-05-19T06:48:23.000Z</time><extensions>
<ns3:TrackPointExtension>
<ns3:hr>161</ns3:hr>
</ns3:TrackPointExtension>
</extensions>
</trkpt>
<trkpt lat="35.1748751914" lon="129.2009570458">
<ele>0</ele>
<time>2026-05-19T06:48:24.000Z</time><extensions>
<ns3:TrackPointExtension>
<ns3:hr>161</ns3:hr>
</ns3:TrackPointExtension>
</extensions>
</trkpt>
<trkpt lat="35.1748452677" lon="129.2010432226">
<ele>0</ele>
<time>2026-05-19T06:48:25.000Z</time><extensions>
<ns3:TrackPointExtension>
<ns3:hr>161</ns3:hr>
</ns3:TrackPointExtension>
</extensions>
</trkpt>
<trkpt lat="35.1748143496" lon="129.2011316992">
<ele>0</ele>
<time>2026-05-19T06:48:26.000Z</time><extensions>
<ns3:TrackPointExtension>
<ns3:hr>161</ns3:hr>
</ns3:TrackPointExtension>
</extensions>
</trkpt>
<trkpt lat="35.1747865346" lon="129.2012236634">
<ele>0</ele>
<time>2026-05-19T06:48:27.000Z</time><extensions>
<ns3:TrackPointExtension>
<ns3:hr>161</ns3:hr>
</ns3:TrackPointExtension>
</extensions>
</trkpt>
<trkpt lat="35.1747584918" lon="129.2013186057">
<ele>0</ele>
<time>2026-05-19T06:48:28.000Z</time><extensions>
<ns3:TrackPointExtension>
<ns3:hr>161</ns3:hr>
</ns3:TrackPointExtension>
</extensions>
</trkpt>
<trkpt lat="35.1747291418" lon="129.2014123236">
<ele>0</ele>
<time>2026-05-19T06:48:29.000Z</time><extensions>
<ns3:TrackPointExtension>
<ns3:hr>161</ns3:hr>
</ns3:TrackPointExtension>
</extensions>
</trkpt>
<trkpt lat="35.1746997651" lon="129.2015075514">
<ele>0</ele>
<time>2026-05-19T06:48:30.000Z</time><extensions>
<ns3:TrackPointExtension>
<ns3:hr>161</ns3:hr>
</ns3:TrackPointExtension>
</extensions>
</trkpt>
<trkpt lat="35.174667867" lon="129.2016033743">
<ele>0</ele>
<time>2026-05-19T06:48:31.000Z</time><extensions>
<ns3:TrackPointExtension>
<ns3:hr>162</ns3:hr>
</ns3:TrackPointExtension>
</extensions>
</trkpt>
<trkpt lat="35.1746306026" lon="129.2016995122">
<ele>0</ele>
<time>2026-05-19T06:48:32.000Z</time><extensions>
<ns3:TrackPointExtension>
<ns3:hr>162</ns3:hr>
</ns3:TrackPointExtension>
</extensions>
</trkpt>
<trkpt lat="35.1745866918" lon="129.2017915166">
<ele>0</ele>
<time>2026-05-19T06:48:33.000Z</time><extensions>
<ns3:TrackPointExtension>
<ns3:hr>162</ns3:hr>
</ns3:TrackPointExtension>
</extensions>
</trkpt>
<trkpt lat="35.1745407625" lon="129.2018813534">
<ele>0</ele>
<time>2026-05-19T06:48:34.000Z</time><extensions>
<ns3:TrackPointExtension>
<ns3:hr>162</ns3:hr>
</ns3:TrackPointExtension>
</extensions>
</trkpt>
<trkpt lat="35.1744961388" lon="129.201966984">
<ele>0</ele>
<time>2026-05-19T06:48:35.000Z</time><extensions>
<ns3:TrackPointExtension>
<ns3:hr>162</ns3:hr>
</ns3:TrackPointExtension>
</extensions>
</trkpt>
<trkpt lat="35.1744575731" lon="129.2020541712">
<ele>0</ele>
<time>2026-05-19T06:48:36.000Z</time><extensions>
<ns3:TrackPointExtension>
<ns3:hr>162</ns3:hr>
</ns3:TrackPointExtension>
</extensions>
</trkpt>
<trkpt lat="35.1744263631" lon="129.2021458222">
<ele>0</ele>
<time>2026-05-19T06:48:37.000Z</time><extensions>
<ns3:TrackPointExtension>
<ns3:hr>162</ns3:hr>
</ns3:TrackPointExtension>
</extensions>
</trkpt>
<trkpt lat="35.1744006287" lon="129.20223816">
<ele>0</ele>
<time>2026-05-19T06:48:38.000Z</time><extensions>
<ns3:TrackPointExtension>
<ns3:hr>162</ns3:hr>
</ns3:TrackPointExtension>
</extensions>
</trkpt>
<trkpt lat="35.1743792928" lon="129.2023352635">
<ele>0</ele>
<time>2026-05-19T06:48:39.000Z</time><extensions>
<ns3:TrackPointExtension>
<ns3:hr>162</ns3:hr>
</ns3:TrackPointExtension>
</extensions>
</trkpt>
<trkpt lat="35.1743551723" lon="129.2024323097">
<ele>0</ele>
<time>2026-05-19T06:48:40.000Z</time><extensions>
<ns3:TrackPointExtension>
<ns3:hr>162</ns3:hr>
</ns3:TrackPointExtension>
</extensions>
</trkpt>
<trkpt lat="35.1743354027" lon="129.2025296152">
<ele>0</ele>
<time>2026-05-19T06:48:41.000Z</time><extensions>
<ns3:TrackPointExtension>
<ns3:hr>161</ns3:hr>
</ns3:TrackPointExtension>
</extensions>
</trkpt>
<trkpt lat="35.1743281821" lon="129.2026290507">
<ele>0</ele>
<time>2026-05-19T06:48:42.000Z</time><extensions>
<ns3:TrackPointExtension>
<ns3:hr>161</ns3:hr>
</ns3:TrackPointExtension>
</extensions>
</trkpt>
<trkpt lat="35.1743480534" lon="129.2027326966">
<ele>0</ele>
<time>2026-05-19T06:48:43.000Z</time><extensions>
<ns3:TrackPointExtension>
<ns3:hr>161</ns3:hr>
</ns3:TrackPointExtension>
</extensions>
</trkpt>
<trkpt lat="35.1743907825" lon="129.2028191454">
<ele>0</ele>
<time>2026-05-19T06:48:44.000Z</time><extensions>
<ns3:TrackPointExtension>
<ns3:hr>161</ns3:hr>
</ns3:TrackPointExtension>
</extensions>
</trkpt>
<trkpt lat="35.1744423798" lon="129.2028965745">
<ele>0</ele>
<time>2026-05-19T06:48:45.000Z</time><extensions>
<ns3:TrackPointExtension>
<ns3:hr>161</ns3:hr>
</ns3:TrackPointExtension>
</extensions>
</trkpt>
<trkpt lat="35.1745132055" lon="129.2028713974">
<ele>0</ele>
<time>2026-05-19T06:48:46.000Z</time><extensions>
<ns3:TrackPointExtension>
<ns3:hr>161</ns3:hr>
</ns3:TrackPointExtension>
</extensions>
</trkpt>
<trkpt lat="35.1745769767" lon="129.2028310402">
<ele>0</ele>
<time>2026-05-19T06:48:47.000Z</time><extensions>
<ns3:TrackPointExtension>
<ns3:hr>161</ns3:hr>
</ns3:TrackPointExtension>
</extensions>
</trkpt>
<trkpt lat="35.1746102893" lon="129.202769261">
<ele>0</ele>
<time>2026-05-19T06:48:48.000Z</time><extensions>
<ns3:TrackPointExtension>
<ns3:hr>161</ns3:hr>
</ns3:TrackPointExtension>
</extensions>
</trkpt>
<trkpt lat="35.1746202759" lon="129.2026768969">
<ele>0</ele>
<time>2026-05-19T06:48:49.000Z</time><extensions>
<ns3:TrackPointExtension>
<ns3:hr>161</ns3:hr>
</ns3:TrackPointExtension>
</extensions>
</trkpt>
<trkpt lat="35.1746292244" lon="129.2025892877">
<ele>0</ele>
<time>2026-05-19T06:48:50.000Z</time><extensions>
<ns3:TrackPointExtension>
<ns3:hr>161</ns3:hr>
</ns3:TrackPointExtension>
</extensions>
</trkpt>
<trkpt lat="35.1746355285" lon="129.2024908147">
<ele>0</ele>
<time>2026-05-19T06:48:51.000Z</time><extensions>
<ns3:TrackPointExtension>
<ns3:hr>162</ns3:hr>
</ns3:TrackPointExtension>
</extensions>
</trkpt>
<trkpt lat="35.174641159" lon="129.2023936747">
<ele>0</ele>
<time>2026-05-19T06:48:52.000Z</time><extensions>
<ns3:TrackPointExtension>
<ns3:hr>162</ns3:hr>
</ns3:TrackPointExtension>
</extensions>
</trkpt>
<trkpt lat="35.1746440732" lon="129.2022951051">
<ele>0</ele>
<time>2026-05-19T06:48:53.000Z</time><extensions>
<ns3:TrackPointExtension>
<ns3:hr>162</ns3:hr>
</ns3:TrackPointExtension>
</extensions>
</trkpt>
<trkpt lat="35.1746364451" lon="129.2021964952">
<ele>0</ele>
<time>2026-05-19T06:48:54.000Z</time><extensions>
<ns3:TrackPointExtension>
<ns3:hr>162</ns3:hr>
</ns3:TrackPointExtension>
</extensions>
</trkpt>
<trkpt lat="35.1746243352" lon="129.2020977621">
<ele>0</ele>
<time>2026-05-19T06:48:55.000Z</time><extensions>
<ns3:TrackPointExtension>
<ns3:hr>162</ns3:hr>
</ns3:TrackPointExtension>
</extensions>
</trkpt>
<trkpt lat="35.1746104363" lon="129.2019969946">
<ele>0</ele>
<time>2026-05-19T06:48:56.000Z</time><extensions>
<ns3:TrackPointExtension>
<ns3:hr>161</ns3:hr>
</ns3:TrackPointExtension>
</extensions>
</trkpt>
<trkpt lat="35.1745975538" lon="129.2019012937">
<ele>0</ele>
<time>2026-05-19T06:48:57.000Z</time><extensions>
<ns3:TrackPointExtension>
<ns3:hr>161</ns3:hr>
</ns3:TrackPointExtension>
</extensions>
</trkpt>
<trkpt lat="35.1745774942" lon="129.2018071312">
<ele>0</ele>
<time>2026-05-19T06:48:58.000Z</time><extensions>
<ns3:TrackPointExtension>
<ns3:hr>161</ns3:hr>
</ns3:TrackPointExtension>
</extensions>
</trkpt>
<trkpt lat="35.1745549923" lon="129.2017139929">
<ele>0</ele>
<time>2026-05-19T06:48:59.000Z</time><extensions>
<ns3:TrackPointExtension>
<ns3:hr>161</ns3:hr>
</ns3:TrackPointExtension>
</extensions>
</trkpt>
<trkpt lat="35.1745275197" lon="129.2016200743">
<ele>0</ele>
<time>2026-05-19T06:49:00.000Z</time><extensions>
<ns3:TrackPointExtension>
<ns3:hr>161</ns3:hr>
</ns3:TrackPointExtension>
</extensions>
</trkpt>
<trkpt lat="35.1745031462" lon="129.2015241745">
<ele>0</ele>
<time>2026-05-19T06:49:01.000Z</time><extensions>
<ns3:TrackPointExtension>
<ns3:hr>161</ns3:hr>
</ns3:TrackPointExtension>
</extensions>
</trkpt>
<trkpt lat="35.1744761738" lon="129.2014251393">
<ele>0</ele>
<time>2026-05-19T06:49:02.000Z</time><extensions>
<ns3:TrackPointExtension>
<ns3:hr>161</ns3:hr>
</ns3:TrackPointExtension>
</extensions>
</trkpt>
<trkpt lat="35.1744494668" lon="129.2013275788">
<ele>0</ele>
<time>2026-05-19T06:49:03.000Z</time><extensions>
<ns3:TrackPointExtension>
<ns3:hr>161</ns3:hr>
</ns3:TrackPointExtension>
</extensions>
</trkpt>
<trkpt lat="35.1744210222" lon="129.2012302549">
<ele>0</ele>
<time>2026-05-19T06:49:04.000Z</time><extensions>
<ns3:TrackPointExtension>
<ns3:hr>161</ns3:hr>
</ns3:TrackPointExtension>
</extensions>
</trkpt>
<trkpt lat="35.1743966512" lon="129.2011356672">
<ele>0</ele>
<time>2026-05-19T06:49:05.000Z</time><extensions>
<ns3:TrackPointExtension>
<ns3:hr>161</ns3:hr>
</ns3:TrackPointExtension>
</extensions>
</trkpt>
<trkpt lat="35.1743810902" lon="129.2010439623">
<ele>0</ele>
<time>2026-05-19T06:49:06.000Z</time><extensions>
<ns3:TrackPointExtension>
<ns3:hr>160</ns3:hr>
</ns3:TrackPointExtension>
</extensions>
</trkpt>
<trkpt lat="35.1743792486" lon="129.2009453646">
<ele>0</ele>
<time>2026-05-19T06:49:07.000Z</time><extensions>
<ns3:TrackPointExtension>
<ns3:hr>160</ns3:hr>
</ns3:TrackPointExtension>
</extensions>
</trkpt>
<trkpt lat="35.1743747688" lon="129.2008498005">
<ele>0</ele>
<time>2026-05-19T06:49:08.000Z</time><extensions>
<ns3:TrackPointExtension>
<ns3:hr>160</ns3:hr>
</ns3:TrackPointExtension>
</extensions>
</trkpt>
<trkpt lat="35.1743766947" lon="129.2007490814">
<ele>0</ele>
<time>2026-05-19T06:49:09.000Z</time><extensions>
<ns3:TrackPointExtension>
<ns3:hr>160</ns3:hr>
</ns3:TrackPointExtension>
</extensions>
</trkpt>
<trkpt lat="35.1743776402" lon="129.200643973">
<ele>0</ele>
<time>2026-05-19T06:49:10.000Z</time><extensions>
<ns3:TrackPointExtension>
<ns3:hr>160</ns3:hr>
</ns3:TrackPointExtension>
</extensions>
</trkpt>
<trkpt lat="35.1743796901" lon="129.2005339107">
<ele>0</ele>
<time>2026-05-19T06:49:11.000Z</time><extensions>
<ns3:TrackPointExtension>
<ns3:hr>160</ns3:hr>
</ns3:TrackPointExtension>
</extensions>
</trkpt>
<trkpt lat="35.1743821197" lon="129.2004228597">
<ele>0</ele>
<time>2026-05-19T06:49:12.000Z</time><extensions>
<ns3:TrackPointExtension>
<ns3:hr>166</ns3:hr>
</ns3:TrackPointExtension>
</extensions>
</trkpt>
<trkpt lat="35.174384489" lon="129.2003076224">
<ele>0</ele>
<time>2026-05-19T06:49:13.000Z</time><extensions>
<ns3:TrackPointExtension>
<ns3:hr>166</ns3:hr>
</ns3:TrackPointExtension>
</extensions>
</trkpt>
<trkpt lat="35.1743859006" lon="129.2001914656">
<ele>0</ele>
<time>2026-05-19T06:49:14.000Z</time><extensions>
<ns3:TrackPointExtension>
<ns3:hr>166</ns3:hr>
</ns3:TrackPointExtension>
</extensions>
</trkpt>
<trkpt lat="35.1743904978" lon="129.2000774566">
<ele>0</ele>
<time>2026-05-19T06:49:15.000Z</time><extensions>
<ns3:TrackPointExtension>
<ns3:hr>166</ns3:hr>
</ns3:TrackPointExtension>
</extensions>
</trkpt>
<trkpt lat="35.1743979371" lon="129.1999637651">
<ele>0</ele>
<time>2026-05-19T06:49:16.000Z</time><extensions>
<ns3:TrackPointExtension>
<ns3:hr>160</ns3:hr>
</ns3:TrackPointExtension>
</extensions>
</trkpt>
<trkpt lat="35.174407375" lon="129.1998492152">
<ele>0</ele>
<time>2026-05-19T06:49:17.000Z</time><extensions>
<ns3:TrackPointExtension>
<ns3:hr>160</ns3:hr>
</ns3:TrackPointExtension>
</extensions>
</trkpt>
<trkpt lat="35.1744157336" lon="129.1997341764">
<ele>0</ele>
<time>2026-05-19T06:49:18.000Z</time><extensions>
<ns3:TrackPointExtension>
<ns3:hr>160</ns3:hr>
</ns3:TrackPointExtension>
</extensions>
</trkpt>
<trkpt lat="35.1744154797" lon="129.1996195052">
<ele>0</ele>
<time>2026-05-19T06:49:19.000Z</time><extensions>
<ns3:TrackPointExtension>
<ns3:hr>160</ns3:hr>
</ns3:TrackPointExtension>
</extensions>
</trkpt>
<trkpt lat="35.1744007593" lon="129.1995106773">
<ele>0</ele>
<time>2026-05-19T06:49:20.000Z</time><extensions>
<ns3:TrackPointExtension>
<ns3:hr>160</ns3:hr>
</ns3:TrackPointExtension>
</extensions>
</trkpt>
<trkpt lat="35.1743588847" lon="129.1994236827">
<ele>0</ele>
<time>2026-05-19T06:49:21.000Z</time><extensions>
<ns3:TrackPointExtension>
<ns3:hr>160</ns3:hr>
</ns3:TrackPointExtension>
</extensions>
</trkpt>
<trkpt lat="35.1743098002" lon="129.1993513673">
<ele>0</ele>
<time>2026-05-19T06:49:22.000Z</time><extensions>
<ns3:TrackPointExtension>
<ns3:hr>159</ns3:hr>
</ns3:TrackPointExtension>
</extensions>
</trkpt>
<trkpt lat="35.1742580491" lon="129.1993463282">
<ele>0</ele>
<time>2026-05-19T06:49:23.000Z</time><extensions>
<ns3:TrackPointExtension>
<ns3:hr>159</ns3:hr>
</ns3:TrackPointExtension>
</extensions>
</trkpt>
<trkpt lat="35.1742055186" lon="129.1993885941">
<ele>0</ele>
<time>2026-05-19T06:49:24.000Z</time><extensions>
<ns3:TrackPointExtension>
<ns3:hr>159</ns3:hr>
</ns3:TrackPointExtension>
</extensions>
</trkpt>
<trkpt lat="35.1741731972" lon="129.1994547835">
<ele>0</ele>
<time>2026-05-19T06:49:25.000Z</time><extensions>
<ns3:TrackPointExtension>
<ns3:hr>159</ns3:hr>
</ns3:TrackPointExtension>
</extensions>
</trkpt>
<trkpt lat="35.1741672111" lon="129.1995434172">
<ele>0</ele>
<time>2026-05-19T06:49:26.000Z</time><extensions>
<ns3:TrackPointExtension>
<ns3:hr>159</ns3:hr>
</ns3:TrackPointExtension>
</extensions>
</trkpt>
<trkpt lat="35.1741717446" lon="129.1996398399">
<ele>0</ele>
<time>2026-05-19T06:49:27.000Z</time><extensions>
<ns3:TrackPointExtension>
<ns3:hr>159</ns3:hr>
</ns3:TrackPointExtension>
</extensions>
</trkpt>
<trkpt lat="35.1741626609" lon="129.1997202175">
<ele>0</ele>
<time>2026-05-19T06:49:28.000Z</time><extensions>
<ns3:TrackPointExtension>
<ns3:hr>159</ns3:hr>
</ns3:TrackPointExtension>
</extensions>
</trkpt>
<trkpt lat="35.1741524912" lon="129.1998050562">
<ele>0</ele>
<time>2026-05-19T06:49:29.000Z</time><extensions>
<ns3:TrackPointExtension>
<ns3:hr>159</ns3:hr>
</ns3:TrackPointExtension>
</extensions>
</trkpt>
<trkpt lat="35.1741365114" lon="129.1998885514">
<ele>0</ele>
<time>2026-05-19T06:49:30.000Z</time><extensions>
<ns3:TrackPointExtension>
<ns3:hr>159</ns3:hr>
</ns3:TrackPointExtension>
</extensions>
</trkpt>
<trkpt lat="35.1741133632" lon="129.1999729751">
<ele>0</ele>
<time>2026-05-19T06:49:31.000Z</time><extensions>
<ns3:TrackPointExtension>
<ns3:hr>159</ns3:hr>
</ns3:TrackPointExtension>
</extensions>
</trkpt>
<trkpt lat="35.174084497" lon="129.2000600735">
<ele>0</ele>
<time>2026-05-19T06:49:32.000Z</time><extensions>
<ns3:TrackPointExtension>
<ns3:hr>159</ns3:hr>
</ns3:TrackPointExtension>
</extensions>
</trkpt>
<trkpt lat="35.174051259" lon="129.2001435326">
<ele>0</ele>
<time>2026-05-19T06:49:33.000Z</time><extensions>
<ns3:TrackPointExtension>
<ns3:hr>159</ns3:hr>
</ns3:TrackPointExtension>
</extensions>
</trkpt>
<trkpt lat="35.1740167787" lon="129.2002273651">
<ele>0</ele>
<time>2026-05-19T06:49:34.000Z</time><extensions>
<ns3:TrackPointExtension>
<ns3:hr>159</ns3:hr>
</ns3:TrackPointExtension>
</extensions>
</trkpt>
<trkpt lat="35.1739765924" lon="129.2003085379">
<ele>0</ele>
<time>2026-05-19T06:49:35.000Z</time><extensions>
<ns3:TrackPointExtension>
<ns3:hr>159</ns3:hr>
</ns3:TrackPointExtension>
</extensions>
</trkpt>
<trkpt lat="35.1739248295" lon="129.20038376">
<ele>0</ele>
<time>2026-05-19T06:49:36.000Z</time><extensions>
<ns3:TrackPointExtension>
<ns3:hr>160</ns3:hr>
</ns3:TrackPointExtension>
</extensions>
</trkpt>
<trkpt lat="35.1738680256" lon="129.2004485514">
<ele>0</ele>
<time>2026-05-19T06:49:37.000Z</time><extensions>
<ns3:TrackPointExtension>
<ns3:hr>160</ns3:hr>
</ns3:TrackPointExtension>
</extensions>
</trkpt>
<trkpt lat="35.1738286342" lon="129.2005267697">
<ele>0</ele>
<time>2026-05-19T06:49:38.000Z</time><extensions>
<ns3:TrackPointExtension>
<ns3:hr>160</ns3:hr>
</ns3:TrackPointExtension>
</extensions>
</trkpt>
<trkpt lat="35.1738011346" lon="129.2006170283">
<ele>0</ele>
<time>2026-05-19T06:49:39.000Z</time><extensions>
<ns3:TrackPointExtension>
<ns3:hr>160</ns3:hr>
</ns3:TrackPointExtension>
</extensions>
</trkpt>
<trkpt lat="35.1737792734" lon="129.2007143523">
<ele>0</ele>
<time>2026-05-19T06:49:40.000Z</time><extensions>
<ns3:TrackPointExtension>
<ns3:hr>160</ns3:hr>
</ns3:TrackPointExtension>
</extensions>
</trkpt>
<trkpt lat="35.1737576985" lon="129.2008136831">
<ele>0</ele>
<time>2026-05-19T06:49:41.000Z</time><extensions>
<ns3:TrackPointExtension>
<ns3:hr>160</ns3:hr>
</ns3:TrackPointExtension>
</extensions>
</trkpt>
<trkpt lat="35.1737318115" lon="129.2009123575">
<ele>0</ele>
<time>2026-05-19T06:49:42.000Z</time><extensions>
<ns3:TrackPointExtension>
<ns3:hr>160</ns3:hr>
</ns3:TrackPointExtension>
</extensions>
</trkpt>
<trkpt lat="35.1736982371" lon="129.2010077326">
<ele>0</ele>
<time>2026-05-19T06:49:43.000Z</time><extensions>
<ns3:TrackPointExtension>
<ns3:hr>160</ns3:hr>
</ns3:TrackPointExtension>
</extensions>
</trkpt>
<trkpt lat="35.173661285" lon="129.2011002913">
<ele>0</ele>
<time>2026-05-19T06:49:44.000Z</time><extensions>
<ns3:TrackPointExtension>
<ns3:hr>160</ns3:hr>
</ns3:TrackPointExtension>
</extensions>
</trkpt>
<trkpt lat="35.1736233644" lon="129.2011946153">
<ele>0</ele>
<time>2026-05-19T06:49:45.000Z</time><extensions>
<ns3:TrackPointExtension>
<ns3:hr>159</ns3:hr>
</ns3:TrackPointExtension>
</extensions>
</trkpt>
<trkpt lat="35.1735888096" lon="129.2012911181">
<ele>0</ele>
<time>2026-05-19T06:49:46.000Z</time><extensions>
<ns3:TrackPointExtension>
<ns3:hr>159</ns3:hr>
</ns3:TrackPointExtension>
</extensions>
</trkpt>
<trkpt lat="35.173556328" lon="129.2013902592">
<ele>0</ele>
<time>2026-05-19T06:49:47.000Z</time><extensions>
<ns3:TrackPointExtension>
<ns3:hr>159</ns3:hr>
</ns3:TrackPointExtension>
</extensions>
</trkpt>
<trkpt lat="35.1735259727" lon="129.201492064">
<ele>0</ele>
<time>2026-05-19T06:49:48.000Z</time><extensions>
<ns3:TrackPointExtension>
<ns3:hr>159</ns3:hr>
</ns3:TrackPointExtension>
</extensions>
</trkpt>
<trkpt lat="35.1734998655" lon="129.2015964449">
<ele>0</ele>
<time>2026-05-19T06:49:49.000Z</time><extensions>
<ns3:TrackPointExtension>
<ns3:hr>159</ns3:hr>
</ns3:TrackPointExtension>
</extensions>
</trkpt>
<trkpt lat="35.1734798658" lon="129.2017038351">
<ele>0</ele>
<time>2026-05-19T06:49:50.000Z</time><extensions>
<ns3:TrackPointExtension>
<ns3:hr>159</ns3:hr>
</ns3:TrackPointExtension>
</extensions>
</trkpt>
<trkpt lat="35.1734642941" lon="129.2018074067">
<ele>0</ele>
<time>2026-05-19T06:49:51.000Z</time><extensions>
<ns3:TrackPointExtension>
<ns3:hr>159</ns3:hr>
</ns3:TrackPointExtension>
</extensions>
</trkpt>
<trkpt lat="35.1734759225" lon="129.201916707">
<ele>0</ele>
<time>2026-05-19T06:49:52.000Z</time><extensions>
<ns3:TrackPointExtension>
<ns3:hr>159</ns3:hr>
</ns3:TrackPointExtension>
</extensions>
</trkpt>
<trkpt lat="35.1734921547" lon="129.2020299589">
<ele>0</ele>
<time>2026-05-19T06:49:53.000Z</time><extensions>
<ns3:TrackPointExtension>
<ns3:hr>159</ns3:hr>
</ns3:TrackPointExtension>
</extensions>
</trkpt>
<trkpt lat="35.1735189818" lon="129.2021351572">
<ele>0</ele>
<time>2026-05-19T06:49:54.000Z</time><extensions>
<ns3:TrackPointExtension>
<ns3:hr>159</ns3:hr>
</ns3:TrackPointExtension>
</extensions>
</trkpt>
<trkpt lat="35.1735668838" lon="129.2022164935">
<ele>0</ele>
<time>2026-05-19T06:49:55.000Z</time><extensions>
<ns3:TrackPointExtension>
<ns3:hr>159</ns3:hr>
</ns3:TrackPointExtension>
</extensions>
</trkpt>
<trkpt lat="35.1736331635" lon="129.2022628218">
<ele>0</ele>
<time>2026-05-19T06:49:56.000Z</time><extensions>
<ns3:TrackPointExtension>
<ns3:hr>159</ns3:hr>
</ns3:TrackPointExtension>
</extensions>
</trkpt>
<trkpt lat="35.1737027465" lon="129.2022457493">
<ele>0</ele>
<time>2026-05-19T06:49:57.000Z</time><extensions>
<ns3:TrackPointExtension>
<ns3:hr>157</ns3:hr>
</ns3:TrackPointExtension>
</extensions>
</trkpt>
<trkpt lat="35.1737555845" lon="129.2021883747">
<ele>0</ele>
<time>2026-05-19T06:49:58.000Z</time><extensions>
<ns3:TrackPointExtension>
<ns3:hr>157</ns3:hr>
</ns3:TrackPointExtension>
</extensions>
</trkpt>
<trkpt lat="35.173779397" lon="129.20211046">
<ele>0</ele>
<time>2026-05-19T06:49:59.000Z</time><extensions>
<ns3:TrackPointExtension>
<ns3:hr>157</ns3:hr>
</ns3:TrackPointExtension>
</extensions>
</trkpt>
<trkpt lat="35.1737893356" lon="129.2020172398">
<ele>0</ele>
<time>2026-05-19T06:50:00.000Z</time><extensions>
<ns3:TrackPointExtension>
<ns3:hr>157</ns3:hr>
</ns3:TrackPointExtension>
</extensions>
</trkpt>
<trkpt lat="35.1737931062" lon="129.201917287">
<ele>0</ele>
<time>2026-05-19T06:50:01.000Z</time><extensions>
<ns3:TrackPointExtension>
<ns3:hr>158</ns3:hr>
</ns3:TrackPointExtension>
</extensions>
</trkpt>
<trkpt lat="35.1737990538" lon="129.201817625">
<ele>0</ele>
<time>2026-05-19T06:50:02.000Z</time><extensions>
<ns3:TrackPointExtension>
<ns3:hr>158</ns3:hr>
</ns3:TrackPointExtension>
</extensions>
</trkpt>
<trkpt lat="35.1738100215" lon="129.201732267">
<ele>0</ele>
<time>2026-05-19T06:50:03.000Z</time><extensions>
<ns3:TrackPointExtension>
<ns3:hr>158</ns3:hr>
</ns3:TrackPointExtension>
</extensions>
</trkpt>
<trkpt lat="35.173828787" lon="129.201647537">
<ele>0</ele>
<time>2026-05-19T06:50:04.000Z</time><extensions>
<ns3:TrackPointExtension>
<ns3:hr>158</ns3:hr>
</ns3:TrackPointExtension>
</extensions>
</trkpt>
<trkpt lat="35.1738474762" lon="129.2015616339">
<ele>0</ele>
<time>2026-05-19T06:50:05.000Z</time><extensions>
<ns3:TrackPointExtension>
<ns3:hr>158</ns3:hr>
</ns3:TrackPointExtension>
</extensions>
</trkpt>
<trkpt lat="35.173865233" lon="129.2014683681">
<ele>0</ele>
<time>2026-05-19T06:50:06.000Z</time><extensions>
<ns3:TrackPointExtension>
<ns3:hr>157</ns3:hr>
</ns3:TrackPointExtension>
</extensions>
</trkpt>
<trkpt lat="35.1738795212" lon="129.2013757884">
<ele>0</ele>
<time>2026-05-19T06:50:07.000Z</time><extensions>
<ns3:TrackPointExtension>
<ns3:hr>157</ns3:hr>
</ns3:TrackPointExtension>
</extensions>
</trkpt>
<trkpt lat="35.1738933553" lon="129.2012798252">
<ele>0</ele>
<time>2026-05-19T06:50:08.000Z</time><extensions>
<ns3:TrackPointExtension>
<ns3:hr>157</ns3:hr>
</ns3:TrackPointExtension>
</extensions>
</trkpt>
<trkpt lat="35.1738993129" lon="129.2011773469">
<ele>0</ele>
<time>2026-05-19T06:50:09.000Z</time><extensions>
<ns3:TrackPointExtension>
<ns3:hr>157</ns3:hr>
</ns3:TrackPointExtension>
</extensions>
</trkpt>
<trkpt lat="35.1739034025" lon="129.2010769305">
<ele>0</ele>
<time>2026-05-19T06:50:10.000Z</time><extensions>
<ns3:TrackPointExtension>
<ns3:hr>157</ns3:hr>
</ns3:TrackPointExtension>
</extensions>
</trkpt>
<trkpt lat="35.1739039659" lon="129.2009748188">
<ele>0</ele>
<time>2026-05-19T06:50:11.000Z</time><extensions>
<ns3:TrackPointExtension>
<ns3:hr>157</ns3:hr>
</ns3:TrackPointExtension>
</extensions>
</trkpt>
<trkpt lat="35.1739028807" lon="129.2008744922">
<ele>0</ele>
<time>2026-05-19T06:50:12.000Z</time><extensions>
<ns3:TrackPointExtension>
<ns3:hr>157</ns3:hr>
</ns3:TrackPointExtension>
</extensions>
</trkpt>
<trkpt lat="35.1739066772" lon="129.2007716258">
<ele>0</ele>
<time>2026-05-19T06:50:13.000Z</time><extensions>
<ns3:TrackPointExtension>
<ns3:hr>157</ns3:hr>
</ns3:TrackPointExtension>
</extensions>
</trkpt>
<trkpt lat="35.1739124475" lon="129.2006698545">
<ele>0</ele>
<time>2026-05-19T06:50:14.000Z</time><extensions>
<ns3:TrackPointExtension>
<ns3:hr>157</ns3:hr>
</ns3:TrackPointExtension>
</extensions>
</trkpt>
<trkpt lat="35.1739182187" lon="129.2005667002">
<ele>0</ele>
<time>2026-05-19T06:50:15.000Z</time><extensions>
<ns3:TrackPointExtension>
<ns3:hr>157</ns3:hr>
</ns3:TrackPointExtension>
</extensions>
</trkpt>
<trkpt lat="35.173924815" lon="129.2004604686">
<ele>0</ele>
<time>2026-05-19T06:50:16.000Z</time><extensions>
<ns3:TrackPointExtension>
<ns3:hr>157</ns3:hr>
</ns3:TrackPointExtension>
</extensions>
</trkpt>
<trkpt lat="35.1739276824" lon="129.2003536824">
<ele>0</ele>
<time>2026-05-19T06:50:17.000Z</time><extensions>
<ns3:TrackPointExtension>
<ns3:hr>157</ns3:hr>
</ns3:TrackPointExtension>
</extensions>
</trkpt>
<trkpt lat="35.173932355" lon="129.200243566">
<ele>0</ele>
<time>2026-05-19T06:50:18.000Z</time><extensions>
<ns3:TrackPointExtension>
<ns3:hr>157</ns3:hr>
</ns3:TrackPointExtension>
</extensions>
</trkpt>
<trkpt lat="35.1739459484" lon="129.2001361002">
<ele>0</ele>
<time>2026-05-19T06:50:19.000Z</time><extensions>
<ns3:TrackPointExtension>
<ns3:hr>157</ns3:hr>
</ns3:TrackPointExtension>
</extensions>
</trkpt>
<trkpt lat="35.1739602355" lon="129.2000290327">
<ele>0</ele>
<time>2026-05-19T06:50:20.000Z</time><extensions>
<ns3:TrackPointExtension>
<ns3:hr>157</ns3:hr>
</ns3:TrackPointExtension>
</extensions>
</trkpt>
<trkpt lat="35.1739775709" lon="129.1999187891">
<ele>0</ele>
<time>2026-05-19T06:50:21.000Z</time><extensions>
<ns3:TrackPointExtension>
<ns3:hr>157</ns3:hr>
</ns3:TrackPointExtension>
</extensions>
</trkpt>
<trkpt lat="35.1739950217" lon="129.1998081136">
<ele>0</ele>
<time>2026-05-19T06:50:22.000Z</time><extensions>
<ns3:TrackPointExtension>
<ns3:hr>157</ns3:hr>
</ns3:TrackPointExtension>
</extensions>
</trkpt>
<trkpt lat="35.1740093519" lon="129.1997017726">
<ele>0</ele>
<time>2026-05-19T06:50:23.000Z</time><extensions>
<ns3:TrackPointExtension>
<ns3:hr>157</ns3:hr>
</ns3:TrackPointExtension>
</extensions>
</trkpt>
<trkpt lat="35.1740296957" lon="129.1996004352">
<ele>0</ele>
<time>2026-05-19T06:50:24.000Z</time><extensions>
<ns3:TrackPointExtension>
<ns3:hr>157</ns3:hr>
</ns3:TrackPointExtension>
</extensions>
</trkpt>
<trkpt lat="35.1740649429" lon="129.1995019043">
<ele>0</ele>
<time>2026-05-19T06:50:25.000Z</time><extensions>
<ns3:TrackPointExtension>
<ns3:hr>157</ns3:hr>
</ns3:TrackPointExtension>
</extensions>
</trkpt>
<trkpt lat="35.1741114688" lon="129.1994064292">
<ele>0</ele>
<time>2026-05-19T06:50:26.000Z</time><extensions>
<ns3:TrackPointExtension>
<ns3:hr>154</ns3:hr>
</ns3:TrackPointExtension>
</extensions>
</trkpt>
<trkpt lat="35.1741865194" lon="129.1993455532">
<ele>0</ele>
<time>2026-05-19T06:50:27.000Z</time><extensions>
<ns3:TrackPointExtension>
<ns3:hr>154</ns3:hr>
</ns3:TrackPointExtension>
</extensions>
</trkpt>
<trkpt lat="35.1742691246" lon="129.1993244247">
<ele>0</ele>
<time>2026-05-19T06:50:28.000Z</time><extensions>
<ns3:TrackPointExtension>
<ns3:hr>154</ns3:hr>
</ns3:TrackPointExtension>
</extensions>
</trkpt>
<trkpt lat="35.1743499556" lon="129.1993256662">
<ele>0</ele>
<time>2026-05-19T06:50:29.000Z</time><extensions>
<ns3:TrackPointExtension>
<ns3:hr>154</ns3:hr>
</ns3:TrackPointExtension>
</extensions>
</trkpt>
<trkpt lat="35.1744223225" lon="129.1993679978">
<ele>0</ele>
<time>2026-05-19T06:50:30.000Z</time><extensions>
<ns3:TrackPointExtension>
<ns3:hr>154</ns3:hr>
</ns3:TrackPointExtension>
</extensions>
</trkpt>
<trkpt lat="35.1744650818" lon="129.1994385983">
<ele>0</ele>
<time>2026-05-19T06:50:31.000Z</time><extensions>
<ns3:TrackPointExtension>
<ns3:hr>155</ns3:hr>
</ns3:TrackPointExtension>
</extensions>
</trkpt>
<trkpt lat="35.1744810026" lon="129.1995342096">
<ele>0</ele>
<time>2026-05-19T06:50:32.000Z</time><extensions>
<ns3:TrackPointExtension>
<ns3:hr>155</ns3:hr>
</ns3:TrackPointExtension>
</extensions>
</trkpt>
<trkpt lat="35.1744831978" lon="129.1996269405">
<ele>0</ele>
<time>2026-05-19T06:50:33.000Z</time><extensions>
<ns3:TrackPointExtension>
<ns3:hr>155</ns3:hr>
</ns3:TrackPointExtension>
</extensions>
</trkpt>
<trkpt lat="35.1744793032" lon="129.1997135075">
<ele>0</ele>
<time>2026-05-19T06:50:34.000Z</time><extensions>
<ns3:TrackPointExtension>
<ns3:hr>155</ns3:hr>
</ns3:TrackPointExtension>
</extensions>
</trkpt>
<trkpt lat="35.1744673621" lon="129.1997987629">
<ele>0</ele>
<time>2026-05-19T06:50:35.000Z</time><extensions>
<ns3:TrackPointExtension>
<ns3:hr>155</ns3:hr>
</ns3:TrackPointExtension>
</extensions>
</trkpt>
<trkpt lat="35.1744493069" lon="129.1998801112">
<ele>0</ele>
<time>2026-05-19T06:50:36.000Z</time><extensions>
<ns3:TrackPointExtension>
<ns3:hr>155</ns3:hr>
</ns3:TrackPointExtension>
</extensions>
</trkpt>
<trkpt lat="35.1744309612" lon="129.1999625244">
<ele>0</ele>
<time>2026-05-19T06:50:37.000Z</time><extensions>
<ns3:TrackPointExtension>
<ns3:hr>155</ns3:hr>
</ns3:TrackPointExtension>
</extensions>
</trkpt>
<trkpt lat="35.1744156594" lon="129.2000439124">
<ele>0</ele>
<time>2026-05-19T06:50:38.000Z</time><extensions>
<ns3:TrackPointExtension>
<ns3:hr>155</ns3:hr>
</ns3:TrackPointExtension>
</extensions>
</trkpt>
<trkpt lat="35.1744007451" lon="129.200130981">
<ele>0</ele>
<time>2026-05-19T06:50:39.000Z</time><extensions>
<ns3:TrackPointExtension>
<ns3:hr>155</ns3:hr>
</ns3:TrackPointExtension>
</extensions>
</trkpt>
<trkpt lat="35.174385295" lon="129.2002254542">
<ele>0</ele>
<time>2026-05-19T06:50:40.000Z</time><extensions>
<ns3:TrackPointExtension>
<ns3:hr>155</ns3:hr>
</ns3:TrackPointExtension>
</extensions>
</trkpt>
<trkpt lat="35.1743664843" lon="129.2003198974">
<ele>0</ele>
<time>2026-05-19T06:50:41.000Z</time><extensions>
<ns3:TrackPointExtension>
<ns3:hr>156</ns3:hr>
</ns3:TrackPointExtension>
</extensions>
</trkpt>
<trkpt lat="35.1743441975" lon="129.2004146712">
<ele>0</ele>
<time>2026-05-19T06:50:42.000Z</time><extensions>
<ns3:TrackPointExtension>
<ns3:hr>156</ns3:hr>
</ns3:TrackPointExtension>
</extensions>
</trkpt>
<trkpt lat="35.1743200709" lon="129.2005097743">
<ele>0</ele>
<time>2026-05-19T06:50:43.000Z</time><extensions>
<ns3:TrackPointExtension>
<ns3:hr>156</ns3:hr>
</ns3:TrackPointExtension>
</extensions>
</trkpt>
<trkpt lat="35.174295236" lon="129.2006010357">
<ele>0</ele>
<time>2026-05-19T06:50:44.000Z</time><extensions>
<ns3:TrackPointExtension>
<ns3:hr>156</ns3:hr>
</ns3:TrackPointExtension>
</extensions>
</trkpt>
<trkpt lat="35.1742713984" lon="129.200697521">
<ele>0</ele>
<time>2026-05-19T06:50:45.000Z</time><extensions>
<ns3:TrackPointExtension>
<ns3:hr>156</ns3:hr>
</ns3:TrackPointExtension>
</extensions>
</trkpt>
<trkpt lat="35.1742464889" lon="129.200795816">
<ele>0</ele>
<time>2026-05-19T06:50:46.000Z</time><extensions>
<ns3:TrackPointExtension>
<ns3:hr>156</ns3:hr>
</ns3:TrackPointExtension>
</extensions>
</trkpt>
<trkpt lat="35.1742128783" lon="129.2008909507">
<ele>0</ele>
<time>2026-05-19T06:50:47.000Z</time><extensions>
<ns3:TrackPointExtension>
<ns3:hr>158</ns3:hr>
</ns3:TrackPointExtension>
</extensions>
</trkpt>
<trkpt lat="35.1741750533" lon="129.2009847452">
<ele>0</ele>
<time>2026-05-19T06:50:48.000Z</time><extensions>
<ns3:TrackPointExtension>
<ns3:hr>158</ns3:hr>
</ns3:TrackPointExtension>
</extensions>
</trkpt>
<trkpt lat="35.1741349576" lon="129.2010810666">
<ele>0</ele>
<time>2026-05-19T06:50:49.000Z</time><extensions>
<ns3:TrackPointExtension>
<ns3:hr>158</ns3:hr>
</ns3:TrackPointExtension>
</extensions>
</trkpt>
<trkpt lat="35.1740916333" lon="129.2011745688">
<ele>0</ele>
<time>2026-05-19T06:50:50.000Z</time><extensions>
<ns3:TrackPointExtension>
<ns3:hr>158</ns3:hr>
</ns3:TrackPointExtension>
</extensions>
</trkpt>
<trkpt lat="35.174045419" lon="129.2012643564">
<ele>0</ele>
<time>2026-05-19T06:50:51.000Z</time><extensions>
<ns3:TrackPointExtension>
<ns3:hr>161</ns3:hr>
</ns3:TrackPointExtension>
</extensions>
</trkpt>
<trkpt lat="35.1739961583" lon="129.2013524371">
<ele>0</ele>
<time>2026-05-19T06:50:52.000Z</time><extensions>
<ns3:TrackPointExtension>
<ns3:hr>161</ns3:hr>
</ns3:TrackPointExtension>
</extensions>
</trkpt>
<trkpt lat="35.1739469407" lon="129.2014408215">
<ele>0</ele>
<time>2026-05-19T06:50:53.000Z</time><extensions>
<ns3:TrackPointExtension>
<ns3:hr>161</ns3:hr>
</ns3:TrackPointExtension>
</extensions>
</trkpt>
<trkpt lat="35.1738962686" lon="129.2015291036">
<ele>0</ele>
<time>2026-05-19T06:50:54.000Z</time><extensions>
<ns3:TrackPointExtension>
<ns3:hr>161</ns3:hr>
</ns3:TrackPointExtension>
</extensions>
</trkpt>
<trkpt lat="35.1738442459" lon="129.2016164304">
<ele>0</ele>
<time>2026-05-19T06:50:55.000Z</time><extensions>
<ns3:TrackPointExtension>
<ns3:hr>161</ns3:hr>
</ns3:TrackPointExtension>
</extensions>
</trkpt>
<trkpt lat="35.1737946357" lon="129.2017037991">
<ele>0</ele>
<time>2026-05-19T06:50:56.000Z</time><extensions>
<ns3:TrackPointExtension>
<ns3:hr>161</ns3:hr>
</ns3:TrackPointExtension>
</extensions>
</trkpt>
<trkpt lat="35.1737495314" lon="129.2017934651">
<ele>0</ele>
<time>2026-05-19T06:50:57.000Z</time><extensions>
<ns3:TrackPointExtension>
<ns3:hr>161</ns3:hr>
</ns3:TrackPointExtension>
</extensions>
</trkpt>
<trkpt lat="35.1737103757" lon="129.2018887663">
<ele>0</ele>
<time>2026-05-19T06:50:58.000Z</time><extensions>
<ns3:TrackPointExtension>
<ns3:hr>161</ns3:hr>
</ns3:TrackPointExtension>
</extensions>
</trkpt>
<trkpt lat="35.1736786191" lon="129.2019918002">
<ele>0</ele>
<time>2026-05-19T06:50:59.000Z</time><extensions>
<ns3:TrackPointExtension>
<ns3:hr>161</ns3:hr>
</ns3:TrackPointExtension>
</extensions>
</trkpt>
<trkpt lat="35.173654089" lon="129.2020946894">
<ele>0</ele>
<time>2026-05-19T06:51:00.000Z</time><extensions>
<ns3:TrackPointExtension>
<ns3:hr>161</ns3:hr>
</ns3:TrackPointExtension>
</extensions>
</trkpt>
<trkpt lat="35.173658981" lon="129.2022107074">
<ele>0</ele>
<time>2026-05-19T06:51:01.000Z</time><extensions>
<ns3:TrackPointExtension>
<ns3:hr>161</ns3:hr>
</ns3:TrackPointExtension>
</extensions>
</trkpt>
<trkpt lat="35.1736718885" lon="129.2023284894">
<ele>0</ele>
<time>2026-05-19T06:51:02.000Z</time><extensions>
<ns3:TrackPointExtension>
<ns3:hr>160</ns3:hr>
</ns3:TrackPointExtension>
</extensions>
</trkpt>
<trkpt lat="35.1737046774" lon="129.2024240869">
<ele>0</ele>
<time>2026-05-19T06:51:03.000Z</time><extensions>
<ns3:TrackPointExtension>
<ns3:hr>160</ns3:hr>
</ns3:TrackPointExtension>
</extensions>
</trkpt>
<trkpt lat="35.1737524962" lon="129.2025082457">
<ele>0</ele>
<time>2026-05-19T06:51:04.000Z</time><extensions>
<ns3:TrackPointExtension>
<ns3:hr>160</ns3:hr>
</ns3:TrackPointExtension>
</extensions>
</trkpt>
<trkpt lat="35.1738193513" lon="129.2025500059">
<ele>0</ele>
<time>2026-05-19T06:51:05.000Z</time><extensions>
<ns3:TrackPointExtension>
<ns3:hr>160</ns3:hr>
</ns3:TrackPointExtension>
</extensions>
</trkpt>
<trkpt lat="35.173887636" lon="129.2025304369">
<ele>0</ele>
<time>2026-05-19T06:51:06.000Z</time><extensions>
<ns3:TrackPointExtension>
<ns3:hr>161</ns3:hr>
</ns3:TrackPointExtension>
</extensions>
</trkpt>
<trkpt lat="35.1739403635" lon="129.2024628019">
<ele>0</ele>
<time>2026-05-19T06:51:07.000Z</time><extensions>
<ns3:TrackPointExtension>
<ns3:hr>161</ns3:hr>
</ns3:TrackPointExtension>
</extensions>
</trkpt>
<trkpt lat="35.1739559957" lon="129.2023665257">
<ele>0</ele>
<time>2026-05-19T06:51:08.000Z</time><extensions>
<ns3:TrackPointExtension>
<ns3:hr>161</ns3:hr>
</ns3:TrackPointExtension>
</extensions>
</trkpt>
<trkpt lat="35.1739482035" lon="129.2022617286">
<ele>0</ele>
<time>2026-05-19T06:51:09.000Z</time><extensions>
<ns3:TrackPointExtension>
<ns3:hr>161</ns3:hr>
</ns3:TrackPointExtension>
</extensions>
</trkpt>
<trkpt lat="35.1739396255" lon="129.2021516454">
<ele>0</ele>
<time>2026-05-19T06:51:10.000Z</time><extensions>
<ns3:TrackPointExtension>
<ns3:hr>161</ns3:hr>
</ns3:TrackPointExtension>
</extensions>
</trkpt>
<trkpt lat="35.1739340101" lon="129.2020533732">
<ele>0</ele>
<time>2026-05-19T06:51:11.000Z</time><extensions>
<ns3:TrackPointExtension>
<ns3:hr>161</ns3:hr>
</ns3:TrackPointExtension>
</extensions>
</trkpt>
<trkpt lat="35.1739307394" lon="129.2019526693">
<ele>0</ele>
<time>2026-05-19T06:51:12.000Z</time><extensions>
<ns3:TrackPointExtension>
<ns3:hr>161</ns3:hr>
</ns3:TrackPointExtension>
</extensions>
</trkpt>
<trkpt lat="35.1739273024" lon="129.2018511629">
<ele>0</ele>
<time>2026-05-19T06:51:13.000Z</time><extensions>
<ns3:TrackPointExtension>
<ns3:hr>161</ns3:hr>
</ns3:TrackPointExtension>
</extensions>
</trkpt>
<trkpt lat="35.1739232123" lon="129.2017559122">
<ele>0</ele>
<time>2026-05-19T06:51:14.000Z</time><extensions>
<ns3:TrackPointExtension>
<ns3:hr>161</ns3:hr>
</ns3:TrackPointExtension>
</extensions>
</trkpt>
<trkpt lat="35.1739145033" lon="129.2016586385">
<ele>0</ele>
<time>2026-05-19T06:51:15.000Z</time><extensions>
<ns3:TrackPointExtension>
<ns3:hr>161</ns3:hr>
</ns3:TrackPointExtension>
</extensions>
</trkpt>
<trkpt lat="35.1739072716" lon="129.2015615403">
<ele>0</ele>
<time>2026-05-19T06:51:16.000Z</time><extensions>
<ns3:TrackPointExtension>
<ns3:hr>161</ns3:hr>
</ns3:TrackPointExtension>
</extensions>
</trkpt>
<trkpt lat="35.1739031641" lon="129.2014586707">
<ele>0</ele>
<time>2026-05-19T06:51:17.000Z</time><extensions>
<ns3:TrackPointExtension>
<ns3:hr>161</ns3:hr>
</ns3:TrackPointExtension>
</extensions>
</trkpt>
<trkpt lat="35.173896017" lon="129.2013533797">
<ele>0</ele>
<time>2026-05-19T06:51:18.000Z</time><extensions>
<ns3:TrackPointExtension>
<ns3:hr>161</ns3:hr>
</ns3:TrackPointExtension>
</extensions>
</trkpt>
<trkpt lat="35.1738828337" lon="129.2012472052">
<ele>0</ele>
<time>2026-05-19T06:51:19.000Z</time><extensions>
<ns3:TrackPointExtension>
<ns3:hr>161</ns3:hr>
</ns3:TrackPointExtension>
</extensions>
</trkpt>
<trkpt lat="35.1738625135" lon="129.2011399997">
<ele>0</ele>
<time>2026-05-19T06:51:20.000Z</time><extensions>
<ns3:TrackPointExtension>
<ns3:hr>161</ns3:hr>
</ns3:TrackPointExtension>
</extensions>
</trkpt>
<trkpt lat="35.1738402364" lon="129.2010341443">
<ele>0</ele>
<time>2026-05-19T06:51:21.000Z</time><extensions>
<ns3:TrackPointExtension>
<ns3:hr>161</ns3:hr>
</ns3:TrackPointExtension>
</extensions>
</trkpt>
<trkpt lat="35.1738201731" lon="129.2009291757">
<ele>0</ele>
<time>2026-05-19T06:51:22.000Z</time><extensions>
<ns3:TrackPointExtension>
<ns3:hr>161</ns3:hr>
</ns3:TrackPointExtension>
</extensions>
</trkpt>
<trkpt lat="35.1737999964" lon="129.2008217811">
<ele>0</ele>
<time>2026-05-19T06:51:23.000Z</time><extensions>
<ns3:TrackPointExtension>
<ns3:hr>161</ns3:hr>
</ns3:TrackPointExtension>
</extensions>
</trkpt>
<trkpt lat="35.1737847819" lon="129.2007188095">
<ele>0</ele>
<time>2026-05-19T06:51:24.000Z</time><extensions>
<ns3:TrackPointExtension>
<ns3:hr>161</ns3:hr>
</ns3:TrackPointExtension>
</extensions>
</trkpt>
<trkpt lat="35.1737671295" lon="129.2006116551">
<ele>0</ele>
<time>2026-05-19T06:51:25.000Z</time><extensions>
<ns3:TrackPointExtension>
<ns3:hr>161</ns3:hr>
</ns3:TrackPointExtension>
</extensions>
</trkpt>
<trkpt lat="35.1737492323" lon="129.2005051249">
<ele>0</ele>
<time>2026-05-19T06:51:26.000Z</time><extensions>
<ns3:TrackPointExtension>
<ns3:hr>162</ns3:hr>
</ns3:TrackPointExtension>
</extensions>
</trkpt>
<trkpt lat="35.1737338616" lon="129.2003961696">
<ele>0</ele>
<time>2026-05-19T06:51:27.000Z</time><extensions>
<ns3:TrackPointExtension>
<ns3:hr>162</ns3:hr>
</ns3:TrackPointExtension>
</extensions>
</trkpt>
<trkpt lat="35.1737259521" lon="129.2002877614">
<ele>0</ele>
<time>2026-05-19T06:51:28.000Z</time><extensions>
<ns3:TrackPointExtension>
<ns3:hr>162</ns3:hr>
</ns3:TrackPointExtension>
</extensions>
</trkpt>
<trkpt lat="35.1737225931" lon="129.2001792843">
<ele>0</ele>
<time>2026-05-19T06:51:29.000Z</time><extensions>
<ns3:TrackPointExtension>
<ns3:hr>162</ns3:hr>
</ns3:TrackPointExtension>
</extensions>
</trkpt>
<trkpt lat="35.1737250028" lon="129.2000656562">
<ele>0</ele>
<time>2026-05-19T06:51:30.000Z</time><extensions>
<ns3:TrackPointExtension>
<ns3:hr>162</ns3:hr>
</ns3:TrackPointExtension>
</extensions>
</trkpt>
<trkpt lat="35.1737292447" lon="129.199948045">
<ele>0</ele>
<time>2026-05-19T06:51:31.000Z</time><extensions>
<ns3:TrackPointExtension>
<ns3:hr>162</ns3:hr>
</ns3:TrackPointExtension>
</extensions>
</trkpt>
<trkpt lat="35.1737305874" lon="129.1998284827">
<ele>0</ele>
<time>2026-05-19T06:51:32.000Z</time><extensions>
<ns3:TrackPointExtension>
<ns3:hr>156</ns3:hr>
</ns3:TrackPointExtension>
</extensions>
</trkpt>
<trkpt lat="35.1737292892" lon="129.1997083661">
<ele>0</ele>
<time>2026-05-19T06:51:33.000Z</time><extensions>
<ns3:TrackPointExtension>
<ns3:hr>156</ns3:hr>
</ns3:TrackPointExtension>
</extensions>
</trkpt>
<trkpt lat="35.1737297069" lon="129.1995864742">
<ele>0</ele>
<time>2026-05-19T06:51:34.000Z</time><extensions>
<ns3:TrackPointExtension>
<ns3:hr>156</ns3:hr>
</ns3:TrackPointExtension>
</extensions>
</trkpt>
<trkpt lat="35.1737233457" lon="129.1994626905">
<ele>0</ele>
<time>2026-05-19T06:51:35.000Z</time><extensions>
<ns3:TrackPointExtension>
<ns3:hr>156</ns3:hr>
</ns3:TrackPointExtension>
</extensions>
</trkpt>
<trkpt lat="35.1737111521" lon="129.1993478647">
<ele>0</ele>
<time>2026-05-19T06:51:36.000Z</time><extensions>
<ns3:TrackPointExtension>
<ns3:hr>156</ns3:hr>
</ns3:TrackPointExtension>
</extensions>
</trkpt>
<trkpt lat="35.1736722004" lon="129.1992499815">
<ele>0</ele>
<time>2026-05-19T06:51:37.000Z</time><extensions>
<ns3:TrackPointExtension>
<ns3:hr>156</ns3:hr>
</ns3:TrackPointExtension>
</extensions>
</trkpt>
<trkpt lat="35.1736147235" lon="129.1991934812">
<ele>0</ele>
<time>2026-05-19T06:51:38.000Z</time><extensions>
<ns3:TrackPointExtension>
<ns3:hr>156</ns3:hr>
</ns3:TrackPointExtension>
</extensions>
</trkpt>
<trkpt lat="35.1735523158" lon="129.1992036091">
<ele>0</ele>
<time>2026-05-19T06:51:39.000Z</time><extensions>
<ns3:TrackPointExtension>
<ns3:hr>156</ns3:hr>
</ns3:TrackPointExtension>
</extensions>
</trkpt>
<trkpt lat="35.173494371" lon="129.1992578592">
<ele>0</ele>
<time>2026-05-19T06:51:40.000Z</time><extensions>
<ns3:TrackPointExtension>
<ns3:hr>156</ns3:hr>
</ns3:TrackPointExtension>
</extensions>
</trkpt>
<trkpt lat="35.1734657352" lon="129.1993351778">
<ele>0</ele>
<time>2026-05-19T06:51:41.000Z</time><extensions>
<ns3:TrackPointExtension>
<ns3:hr>156</ns3:hr>
</ns3:TrackPointExtension>
</extensions>
</trkpt>
<trkpt lat="35.1734532076" lon="129.1994275912">
<ele>0</ele>
<time>2026-05-19T06:51:42.000Z</time><extensions>
<ns3:TrackPointExtension>
<ns3:hr>156</ns3:hr>
</ns3:TrackPointExtension>
</extensions>
</trkpt>
<trkpt lat="35.1734319187" lon="129.1995036912">
<ele>0</ele>
<time>2026-05-19T06:51:43.000Z</time><extensions>
<ns3:TrackPointExtension>
<ns3:hr>156</ns3:hr>
</ns3:TrackPointExtension>
</extensions>
</trkpt>
<trkpt lat="35.1733988906" lon="129.1995639693">
<ele>0</ele>
<time>2026-05-19T06:51:44.000Z</time><extensions>
<ns3:TrackPointExtension>
<ns3:hr>156</ns3:hr>
</ns3:TrackPointExtension>
</extensions>
</trkpt>
<trkpt lat="35.1733662881" lon="129.1996274224">
<ele>0</ele>
<time>2026-05-19T06:51:45.000Z</time><extensions>
<ns3:TrackPointExtension>
<ns3:hr>156</ns3:hr>
</ns3:TrackPointExtension>
</extensions>
</trkpt>
<trkpt lat="35.1733376001" lon="129.1997004225">
<ele>0</ele>
<time>2026-05-19T06:51:46.000Z</time><extensions>
<ns3:TrackPointExtension>
<ns3:hr>156</ns3:hr>
</ns3:TrackPointExtension>
</extensions>
</trkpt>
<trkpt lat="35.1733147495" lon="129.1997820617">
<ele>0</ele>
<time>2026-05-19T06:51:47.000Z</time><extensions>
<ns3:TrackPointExtension>
<ns3:hr>156</ns3:hr>
</ns3:TrackPointExtension>
</extensions>
</trkpt>
<trkpt lat="35.1732903929" lon="129.199867059">
<ele>0</ele>
<time>2026-05-19T06:51:48.000Z</time><extensions>
<ns3:TrackPointExtension>
<ns3:hr>156</ns3:hr>
</ns3:TrackPointExtension>
</extensions>
</trkpt>
<trkpt lat="35.1732616279" lon="129.199952091">
<ele>0</ele>
<time>2026-05-19T06:51:49.000Z</time><extensions>
<ns3:TrackPointExtension>
<ns3:hr>156</ns3:hr>
</ns3:TrackPointExtension>
</extensions>
</trkpt>
<trkpt lat="35.1732260271" lon="129.2000356695">
<ele>0</ele>
<time>2026-05-19T06:51:50.000Z</time><extensions>
<ns3:TrackPointExtension>
<ns3:hr>156</ns3:hr>
</ns3:TrackPointExtension>
</extensions>
</trkpt>
<trkpt lat="35.1731866588" lon="129.2001160031">
<ele>0</ele>
<time>2026-05-19T06:51:51.000Z</time><extensions>
<ns3:TrackPointExtension>
<ns3:hr>156</ns3:hr>
</ns3:TrackPointExtension>
</extensions>
</trkpt>
<trkpt lat="35.1731448715" lon="129.2001981655">
<ele>0</ele>
<time>2026-05-19T06:51:52.000Z</time><extensions>
<ns3:TrackPointExtension>
<ns3:hr>156</ns3:hr>
</ns3:TrackPointExtension>
</extensions>
</trkpt>
<trkpt lat="35.173105172" lon="129.2002830702">
<ele>0</ele>
<time>2026-05-19T06:51:53.000Z</time><extensions>
<ns3:TrackPointExtension>
<ns3:hr>156</ns3:hr>
</ns3:TrackPointExtension>
</extensions>
</trkpt>
<trkpt lat="35.1730651106" lon="129.2003696367">
<ele>0</ele>
<time>2026-05-19T06:51:54.000Z</time><extensions>
<ns3:TrackPointExtension>
<ns3:hr>156</ns3:hr>
</ns3:TrackPointExtension>
</extensions>
</trkpt>
<trkpt lat="35.1730165897" lon="129.2004530162">
<ele>0</ele>
<time>2026-05-19T06:51:55.000Z</time><extensions>
<ns3:TrackPointExtension>
<ns3:hr>156</ns3:hr>
</ns3:TrackPointExtension>
</extensions>
</trkpt>
<trkpt lat="35.1729620305" lon="129.2005294212">
<ele>0</ele>
<time>2026-05-19T06:51:56.000Z</time><extensions>
<ns3:TrackPointExtension>
<ns3:hr>156</ns3:hr>
</ns3:TrackPointExtension>
</extensions>
</trkpt>
<trkpt lat="35.1729056815" lon="129.2006039493">
<ele>0</ele>
<time>2026-05-19T06:51:57.000Z</time><extensions>
<ns3:TrackPointExtension>
<ns3:hr>159</ns3:hr>
</ns3:TrackPointExtension>
</extensions>
</trkpt>
<trkpt lat="35.1728445741" lon="129.2006730696">
<ele>0</ele>
<time>2026-05-19T06:51:58.000Z</time><extensions>
<ns3:TrackPointExtension>
<ns3:hr>159</ns3:hr>
</ns3:TrackPointExtension>
</extensions>
</trkpt>
<trkpt lat="35.1727815049" lon="129.2007382209">
<ele>0</ele>
<time>2026-05-19T06:51:59.000Z</time><extensions>
<ns3:TrackPointExtension>
<ns3:hr>159</ns3:hr>
</ns3:TrackPointExtension>
</extensions>
</trkpt>
<trkpt lat="35.1727223122" lon="129.2008059435">
<ele>0</ele>
<time>2026-05-19T06:52:00.000Z</time><extensions>
<ns3:TrackPointExtension>
<ns3:hr>159</ns3:hr>
</ns3:TrackPointExtension>
</extensions>
</trkpt>
<trkpt lat="35.172666491" lon="129.2008749704">
<ele>0</ele>
<time>2026-05-19T06:52:01.000Z</time><extensions>
<ns3:TrackPointExtension>
<ns3:hr>159</ns3:hr>
</ns3:TrackPointExtension>
</extensions>
</trkpt>
<trkpt lat="35.1726079148" lon="129.2009412925">
<ele>0</ele>
<time>2026-05-19T06:52:02.000Z</time><extensions>
<ns3:TrackPointExtension>
<ns3:hr>161</ns3:hr>
</ns3:TrackPointExtension>
</extensions>
</trkpt>
<trkpt lat="35.1725478668" lon="129.2010048362">
<ele>0</ele>
<time>2026-05-19T06:52:03.000Z</time><extensions>
<ns3:TrackPointExtension>
<ns3:hr>161</ns3:hr>
</ns3:TrackPointExtension>
</extensions>
</trkpt>
<trkpt lat="35.1724912522" lon="129.2010717585">
<ele>0</ele>
<time>2026-05-19T06:52:04.000Z</time><extensions>
<ns3:TrackPointExtension>
<ns3:hr>161</ns3:hr>
</ns3:TrackPointExtension>
</extensions>
</trkpt>
<trkpt lat="35.1724351802" lon="129.2011421121">
<ele>0</ele>
<time>2026-05-19T06:52:05.000Z</time><extensions>
<ns3:TrackPointExtension>
<ns3:hr>161</ns3:hr>
</ns3:TrackPointExtension>
</extensions>
</trkpt>
<trkpt lat="35.1723794677" lon="129.2012147697">
<ele>0</ele>
<time>2026-05-19T06:52:06.000Z</time><extensions>
<ns3:TrackPointExtension>
<ns3:hr>161</ns3:hr>
</ns3:TrackPointExtension>
</extensions>
</trkpt>
<trkpt lat="35.1723240992" lon="129.201288367">
<ele>0</ele>
<time>2026-05-19T06:52:07.000Z</time><extensions>
<ns3:TrackPointExtension>
<ns3:hr>161</ns3:hr>
</ns3:TrackPointExtension>
</extensions>
</trkpt>
<trkpt lat="35.1722707107" lon="129.2013668838">
<ele>0</ele>
<time>2026-05-19T06:52:08.000Z</time><extensions>
<ns3:TrackPointExtension>
<ns3:hr>161</ns3:hr>
</ns3:TrackPointExtension>
</extensions>
</trkpt>
<trkpt lat="35.1722154059" lon="129.2014475977">
<ele>0</ele>
<time>2026-05-19T06:52:09.000Z</time><extensions>
<ns3:TrackPointExtension>
<ns3:hr>161</ns3:hr>
</ns3:TrackPointExtension>
</extensions>
</trkpt>
<trkpt lat="35.1721583751" lon="129.2015299293">
<ele>0</ele>
<time>2026-05-19T06:52:10.000Z</time><extensions>
<ns3:TrackPointExtension>
<ns3:hr>161</ns3:hr>
</ns3:TrackPointExtension>
</extensions>
</trkpt>
<trkpt lat="35.1720991044" lon="129.2016095779">
<ele>0</ele>
<time>2026-05-19T06:52:11.000Z</time><extensions>
<ns3:TrackPointExtension>
<ns3:hr>162</ns3:hr>
</ns3:TrackPointExtension>
</extensions>
</trkpt>
<trkpt lat="35.172040631" lon="129.2016882261">
<ele>0</ele>
<time>2026-05-19T06:52:12.000Z</time><extensions>
<ns3:TrackPointExtension>
<ns3:hr>162</ns3:hr>
</ns3:TrackPointExtension>
</extensions>
</trkpt>
<trkpt lat="35.1719815819" lon="129.2017697887">
<ele>0</ele>
<time>2026-05-19T06:52:13.000Z</time><extensions>
<ns3:TrackPointExtension>
<ns3:hr>162</ns3:hr>
</ns3:TrackPointExtension>
</extensions>
</trkpt>
<trkpt lat="35.17192235" lon="129.20184798">
<ele>0</ele>
<time>2026-05-19T06:52:14.000Z</time><extensions>
<ns3:TrackPointExtension>
<ns3:hr>162</ns3:hr>
</ns3:TrackPointExtension>
</extensions>
</trkpt>
<trkpt lat="35.1718681326" lon="129.2019286878">
<ele>0</ele>
<time>2026-05-19T06:52:15.000Z</time><extensions>
<ns3:TrackPointExtension>
<ns3:hr>162</ns3:hr>
</ns3:TrackPointExtension>
</extensions>
</trkpt>
<trkpt lat="35.1718261984" lon="129.202015463">
<ele>0</ele>
<time>2026-05-19T06:52:16.000Z</time><extensions>
<ns3:TrackPointExtension>
<ns3:hr>162</ns3:hr>
</ns3:TrackPointExtension>
</extensions>
</trkpt>
<trkpt lat="35.1717899615" lon="129.20210563">
<ele>0</ele>
<time>2026-05-19T06:52:17.000Z</time><extensions>
<ns3:TrackPointExtension>
<ns3:hr>162</ns3:hr>
</ns3:TrackPointExtension>
</extensions>
</trkpt>
<trkpt lat="35.1717591403" lon="129.2022006285">
<ele>0</ele>
<time>2026-05-19T06:52:18.000Z</time><extensions>
<ns3:TrackPointExtension>
<ns3:hr>162</ns3:hr>
</ns3:TrackPointExtension>
</extensions>
</trkpt>
<trkpt lat="35.1717304496" lon="129.202298983">
<ele>0</ele>
<time>2026-05-19T06:52:19.000Z</time><extensions>
<ns3:TrackPointExtension>
<ns3:hr>162</ns3:hr>
</ns3:TrackPointExtension>
</extensions>
</trkpt>
<trkpt lat="35.1717028514" lon="129.2023966878">
<ele>0</ele>
<time>2026-05-19T06:52:20.000Z</time><extensions>
<ns3:TrackPointExtension>
<ns3:hr>162</ns3:hr>
</ns3:TrackPointExtension>
</extensions>
</trkpt>
<trkpt lat="35.1716727078" lon="129.2024921025">
<ele>0</ele>
<time>2026-05-19T06:52:21.000Z</time><extensions>
<ns3:TrackPointExtension>
<ns3:hr>161</ns3:hr>
</ns3:TrackPointExtension>
</extensions>
</trkpt>
<trkpt lat="35.1716368676" lon="129.2025808766">
<ele>0</ele>
<time>2026-05-19T06:52:22.000Z</time><extensions>
<ns3:TrackPointExtension>
<ns3:hr>161</ns3:hr>
</ns3:TrackPointExtension>
</extensions>
</trkpt>
<trkpt lat="35.1715935287" lon="129.2026612538">
<ele>0</ele>
<time>2026-05-19T06:52:23.000Z</time><extensions>
<ns3:TrackPointExtension>
<ns3:hr>161</ns3:hr>
</ns3:TrackPointExtension>
</extensions>
</trkpt>
<trkpt lat="35.1715348584" lon="129.2027232426">
<ele>0</ele>
<time>2026-05-19T06:52:24.000Z</time><extensions>
<ns3:TrackPointExtension>
<ns3:hr>161</ns3:hr>
</ns3:TrackPointExtension>
</extensions>
</trkpt>
<trkpt lat="35.1714751355" lon="129.2027271625">
<ele>0</ele>
<time>2026-05-19T06:52:25.000Z</time><extensions>
<ns3:TrackPointExtension>
<ns3:hr>161</ns3:hr>
</ns3:TrackPointExtension>
</extensions>
</trkpt>
<trkpt lat="35.1714382093" lon="129.2026752565">
<ele>0</ele>
<time>2026-05-19T06:52:26.000Z</time><extensions>
<ns3:TrackPointExtension>
<ns3:hr>161</ns3:hr>
</ns3:TrackPointExtension>
</extensions>
</trkpt>
<trkpt lat="35.1714414596" lon="129.202593147">
<ele>0</ele>
<time>2026-05-19T06:52:27.000Z</time><extensions>
<ns3:TrackPointExtension>
<ns3:hr>161</ns3:hr>
</ns3:TrackPointExtension>
</extensions>
</trkpt>
<trkpt lat="35.1714605241" lon="129.2024986924">
<ele>0</ele>
<time>2026-05-19T06:52:28.000Z</time><extensions>
<ns3:TrackPointExtension>
<ns3:hr>161</ns3:hr>
</ns3:TrackPointExtension>
</extensions>
</trkpt>
<trkpt lat="35.1714850023" lon="129.2024176542">
<ele>0</ele>
<time>2026-05-19T06:52:29.000Z</time><extensions>
<ns3:TrackPointExtension>
<ns3:hr>161</ns3:hr>
</ns3:TrackPointExtension>
</extensions>
</trkpt>
<trkpt lat="35.1715049142" lon="129.2023469633">
<ele>0</ele>
<time>2026-05-19T06:52:30.000Z</time><extensions>
<ns3:TrackPointExtension>
<ns3:hr>161</ns3:hr>
</ns3:TrackPointExtension>
</extensions>
</trkpt>
<trkpt lat="35.1715247621" lon="129.2022774302">
<ele>0</ele>
<time>2026-05-19T06:52:31.000Z</time><extensions>
<ns3:TrackPointExtension>
<ns3:hr>161</ns3:hr>
</ns3:TrackPointExtension>
</extensions>
</trkpt>
<trkpt lat="35.1715466591" lon="129.2022040626">
<ele>0</ele>
<time>2026-05-19T06:52:32.000Z</time><extensions>
<ns3:TrackPointExtension>
<ns3:hr>161</ns3:hr>
</ns3:TrackPointExtension>
</extensions>
</trkpt>
<trkpt lat="35.171571845" lon="129.2021305515">
<ele>0</ele>
<time>2026-05-19T06:52:33.000Z</time><extensions>
<ns3:TrackPointExtension>
<ns3:hr>161</ns3:hr>
</ns3:TrackPointExtension>
</extensions>
</trkpt>
<trkpt lat="35.1716006723" lon="129.2020564526">
<ele>0</ele>
<time>2026-05-19T06:52:34.000Z</time><extensions>
<ns3:TrackPointExtension>
<ns3:hr>161</ns3:hr>
</ns3:TrackPointExtension>
</extensions>
</trkpt>
<trkpt lat="35.171631169" lon="129.2019798028">
<ele>0</ele>
<time>2026-05-19T06:52:35.000Z</time><extensions>
<ns3:TrackPointExtension>
<ns3:hr>161</ns3:hr>
</ns3:TrackPointExtension>
</extensions>
</trkpt>
<trkpt lat="35.1716611615" lon="129.2019027593">
<ele>0</ele>
<time>2026-05-19T06:52:36.000Z</time><extensions>
<ns3:TrackPointExtension>
<ns3:hr>163</ns3:hr>
</ns3:TrackPointExtension>
</extensions>
</trkpt>
<trkpt lat="35.1716893639" lon="129.201822011">
<ele>0</ele>
<time>2026-05-19T06:52:37.000Z</time><extensions>
<ns3:TrackPointExtension>
<ns3:hr>163</ns3:hr>
</ns3:TrackPointExtension>
</extensions>
</trkpt>
<trkpt lat="35.1717129685" lon="129.2017360952">
<ele>0</ele>
<time>2026-05-19T06:52:38.000Z</time><extensions>
<ns3:TrackPointExtension>
<ns3:hr>163</ns3:hr>
</ns3:TrackPointExtension>
</extensions>
</trkpt>
<trkpt lat="35.1717351239" lon="129.2016502868">
<ele>0</ele>
<time>2026-05-19T06:52:39.000Z</time><extensions>
<ns3:TrackPointExtension>
<ns3:hr>163</ns3:hr>
</ns3:TrackPointExtension>
</extensions>
</trkpt>
<trkpt lat="35.1717559969" lon="129.2015607288">
<ele>0</ele>
<time>2026-05-19T06:52:40.000Z</time><extensions>
<ns3:TrackPointExtension>
<ns3:hr>163</ns3:hr>
</ns3:TrackPointExtension>
</extensions>
</trkpt>
<trkpt lat="35.1717743922" lon="129.201471308">
<ele>0</ele>
<time>2026-05-19T06:52:41.000Z</time><extensions>
<ns3:TrackPointExtension>
<ns3:hr>163</ns3:hr>
</ns3:TrackPointExtension>
</extensions>
</trkpt>
<trkpt lat="35.1717963906" lon="129.2013810191">
<ele>0</ele>
<time>2026-05-19T06:52:42.000Z</time><extensions>
<ns3:TrackPointExtension>
<ns3:hr>163</ns3:hr>
</ns3:TrackPointExtension>
</extensions>
</trkpt>
<trkpt lat="35.1718174787" lon="129.2012914801">
<ele>0</ele>
<time>2026-05-19T06:52:43.000Z</time><extensions>
<ns3:TrackPointExtension>
<ns3:hr>163</ns3:hr>
</ns3:TrackPointExtension>
</extensions>
</trkpt>
<trkpt lat="35.1718401116" lon="129.2011976472">
<ele>0</ele>
<time>2026-05-19T06:52:44.000Z</time><extensions>
<ns3:TrackPointExtension>
<ns3:hr>163</ns3:hr>
</ns3:TrackPointExtension>
</extensions>
</trkpt>
<trkpt lat="35.1718605957" lon="129.2010993408">
<ele>0</ele>
<time>2026-05-19T06:52:45.000Z</time><extensions>
<ns3:TrackPointExtension>
<ns3:hr>163</ns3:hr>
</ns3:TrackPointExtension>
</extensions>
</trkpt>
<trkpt lat="35.171872524" lon="129.2009975226">
<ele>0</ele>
<time>2026-05-19T06:52:46.000Z</time><extensions>
<ns3:TrackPointExtension>
<ns3:hr>162</ns3:hr>
</ns3:TrackPointExtension>
</extensions>
</trkpt>
<trkpt lat="35.1718874999" lon="129.2008912924">
<ele>0</ele>
<time>2026-05-19T06:52:47.000Z</time><extensions>
<ns3:TrackPointExtension>
<ns3:hr>162</ns3:hr>
</ns3:TrackPointExtension>
</extensions>
</trkpt>
<trkpt lat="35.1719006451" lon="129.200782574">
<ele>0</ele>
<time>2026-05-19T06:52:48.000Z</time><extensions>
<ns3:TrackPointExtension>
<ns3:hr>162</ns3:hr>
</ns3:TrackPointExtension>
</extensions>
</trkpt>
<trkpt lat="35.1719141446" lon="129.2006717578">
<ele>0</ele>
<time>2026-05-19T06:52:49.000Z</time><extensions>
<ns3:TrackPointExtension>
<ns3:hr>162</ns3:hr>
</ns3:TrackPointExtension>
</extensions>
</trkpt>
<trkpt lat="35.1719252574" lon="129.2005559413">
<ele>0</ele>
<time>2026-05-19T06:52:50.000Z</time><extensions>
<ns3:TrackPointExtension>
<ns3:hr>162</ns3:hr>
</ns3:TrackPointExtension>
</extensions>
</trkpt>
<trkpt lat="35.1719364123" lon="129.2004402125">
<ele>0</ele>
<time>2026-05-19T06:52:51.000Z</time><extensions>
<ns3:TrackPointExtension>
<ns3:hr>161</ns3:hr>
</ns3:TrackPointExtension>
</extensions>
</trkpt>
<trkpt lat="35.1719473955" lon="129.2003271887">
<ele>0</ele>
<time>2026-05-19T06:52:52.000Z</time><extensions>
<ns3:TrackPointExtension>
<ns3:hr>161</ns3:hr>
</ns3:TrackPointExtension>
</extensions>
</trkpt>
<trkpt lat="35.1719582471" lon="129.2002106723">
<ele>0</ele>
<time>2026-05-19T06:52:53.000Z</time><extensions>
<ns3:TrackPointExtension>
<ns3:hr>161</ns3:hr>
</ns3:TrackPointExtension>
</extensions>
</trkpt>
<trkpt lat="35.1719640784" lon="129.2000950374">
<ele>0</ele>
<time>2026-05-19T06:52:54.000Z</time><extensions>
<ns3:TrackPointExtension>
<ns3:hr>161</ns3:hr>
</ns3:TrackPointExtension>
</extensions>
</trkpt>
<trkpt lat="35.1719738104" lon="129.199977552">
<ele>0</ele>
<time>2026-05-19T06:52:55.000Z</time><extensions>
<ns3:TrackPointExtension>
<ns3:hr>161</ns3:hr>
</ns3:TrackPointExtension>
</extensions>
</trkpt>
<trkpt lat="35.1719845356" lon="129.1998615202">
<ele>0</ele>
<time>2026-05-19T06:52:56.000Z</time><extensions>
<ns3:TrackPointExtension>
<ns3:hr>161</ns3:hr>
</ns3:TrackPointExtension>
</extensions>
</trkpt>
<trkpt lat="35.1720002983" lon="129.1997469818">
<ele>0</ele>
<time>2026-05-19T06:52:57.000Z</time><extensions>
<ns3:TrackPointExtension>
<ns3:hr>161</ns3:hr>
</ns3:TrackPointExtension>
</extensions>
</trkpt>
<trkpt lat="35.1720183785" lon="129.1996339764">
<ele>0</ele>
<time>2026-05-19T06:52:58.000Z</time><extensions>
<ns3:TrackPointExtension>
<ns3:hr>161</ns3:hr>
</ns3:TrackPointExtension>
</extensions>
</trkpt>
<trkpt lat="35.1720518003" lon="129.1995249201">
<ele>0</ele>
<time>2026-05-19T06:52:59.000Z</time><extensions>
<ns3:TrackPointExtension>
<ns3:hr>161</ns3:hr>
</ns3:TrackPointExtension>
</extensions>
</trkpt>
<trkpt lat="35.1720918125" lon="129.1994238044">
<ele>0</ele>
<time>2026-05-19T06:53:00.000Z</time><extensions>
<ns3:TrackPointExtension>
<ns3:hr>161</ns3:hr>
</ns3:TrackPointExtension>
</extensions>
</trkpt>
<trkpt lat="35.1721530941" lon="129.1993377581">
<ele>0</ele>
<time>2026-05-19T06:53:01.000Z</time><extensions>
<ns3:TrackPointExtension>
<ns3:hr>161</ns3:hr>
</ns3:TrackPointExtension>
</extensions>
</trkpt>
<trkpt lat="35.1722206826" lon="129.1992658864">
<ele>0</ele>
<time>2026-05-19T06:53:02.000Z</time><extensions>
<ns3:TrackPointExtension>
<ns3:hr>161</ns3:hr>
</ns3:TrackPointExtension>
</extensions>
</trkpt>
<trkpt lat="35.1722925961" lon="129.1992150392">
<ele>0</ele>
<time>2026-05-19T06:53:03.000Z</time><extensions>
<ns3:TrackPointExtension>
<ns3:hr>161</ns3:hr>
</ns3:TrackPointExtension>
</extensions>
</trkpt>
<trkpt lat="35.1723732403" lon="129.1992109948">
<ele>0</ele>
<time>2026-05-19T06:53:04.000Z</time><extensions>
<ns3:TrackPointExtension>
<ns3:hr>161</ns3:hr>
</ns3:TrackPointExtension>
</extensions>
</trkpt>
<trkpt lat="35.1724446819" lon="129.1992501701">
<ele>0</ele>
<time>2026-05-19T06:53:05.000Z</time><extensions>
<ns3:TrackPointExtension>
<ns3:hr>161</ns3:hr>
</ns3:TrackPointExtension>
</extensions>
</trkpt>
<trkpt lat="35.17249438" lon="129.1993065151">
<ele>0</ele>
<time>2026-05-19T06:53:06.000Z</time><extensions>
<ns3:TrackPointExtension>
<ns3:hr>161</ns3:hr>
</ns3:TrackPointExtension>
</extensions>
</trkpt>
<trkpt lat="35.172514393" lon="129.1993823092">
<ele>0</ele>
<time>2026-05-19T06:53:07.000Z</time><extensions>
<ns3:TrackPointExtension>
<ns3:hr>161</ns3:hr>
</ns3:TrackPointExtension>
</extensions>
</trkpt>
<trkpt lat="35.1725071702" lon="129.1994697">
<ele>0</ele>
<time>2026-05-19T06:53:08.000Z</time><extensions>
<ns3:TrackPointExtension>
<ns3:hr>161</ns3:hr>
</ns3:TrackPointExtension>
</extensions>
</trkpt>
<trkpt lat="35.1724964416" lon="129.1995493565">
<ele>0</ele>
<time>2026-05-19T06:53:09.000Z</time><extensions>
<ns3:TrackPointExtension>
<ns3:hr>161</ns3:hr>
</ns3:TrackPointExtension>
</extensions>
</trkpt>
<trkpt lat="35.1724844061" lon="129.1996278699">
<ele>0</ele>
<time>2026-05-19T06:53:10.000Z</time><extensions>
<ns3:TrackPointExtension>
<ns3:hr>161</ns3:hr>
</ns3:TrackPointExtension>
</extensions>
</trkpt>
<trkpt lat="35.1724766775" lon="129.199702539">
<ele>0</ele>
<time>2026-05-19T06:53:11.000Z</time><extensions>
<ns3:TrackPointExtension>
<ns3:hr>161</ns3:hr>
</ns3:TrackPointExtension>
</extensions>
</trkpt>
<trkpt lat="35.1724665887" lon="129.199779664">
<ele>0</ele>
<time>2026-05-19T06:53:12.000Z</time><extensions>
<ns3:TrackPointExtension>
<ns3:hr>161</ns3:hr>
</ns3:TrackPointExtension>
</extensions>
</trkpt>
<trkpt lat="35.1724640002" lon="129.1998554127">
<ele>0</ele>
<time>2026-05-19T06:53:13.000Z</time><extensions>
<ns3:TrackPointExtension>
<ns3:hr>161</ns3:hr>
</ns3:TrackPointExtension>
</extensions>
</trkpt>
<trkpt lat="35.1724644867" lon="129.1999310756">
<ele>0</ele>
<time>2026-05-19T06:53:14.000Z</time><extensions>
<ns3:TrackPointExtension>
<ns3:hr>161</ns3:hr>
</ns3:TrackPointExtension>
</extensions>
</trkpt>
<trkpt lat="35.1724619559" lon="129.2000109986">
<ele>0</ele>
<time>2026-05-19T06:53:15.000Z</time><extensions>
<ns3:TrackPointExtension>
<ns3:hr>161</ns3:hr>
</ns3:TrackPointExtension>
</extensions>
</trkpt>
<trkpt lat="35.1724583059" lon="129.2000967657">
<ele>0</ele>
<time>2026-05-19T06:53:16.000Z</time><extensions>
<ns3:TrackPointExtension>
<ns3:hr>161</ns3:hr>
</ns3:TrackPointExtension>
</extensions>
</trkpt>
<trkpt lat="35.1724492277" lon="129.2001811728">
<ele>0</ele>
<time>2026-05-19T06:53:17.000Z</time><extensions>
<ns3:TrackPointExtension>
<ns3:hr>162</ns3:hr>
</ns3:TrackPointExtension>
</extensions>
</trkpt>
<trkpt lat="35.1724360225" lon="129.2002687633">
<ele>0</ele>
<time>2026-05-19T06:53:18.000Z</time><extensions>
<ns3:TrackPointExtension>
<ns3:hr>162</ns3:hr>
</ns3:TrackPointExtension>
</extensions>
</trkpt>
<trkpt lat="35.1724205414" lon="129.2003606291">
<ele>0</ele>
<time>2026-05-19T06:53:19.000Z</time><extensions>
<ns3:TrackPointExtension>
<ns3:hr>162</ns3:hr>
</ns3:TrackPointExtension>
</extensions>
</trkpt>
<trkpt lat="35.172402855" lon="129.2004539812">
<ele>0</ele>
<time>2026-05-19T06:53:20.000Z</time><extensions>
<ns3:TrackPointExtension>
<ns3:hr>162</ns3:hr>
</ns3:TrackPointExtension>
</extensions>
</trkpt>
<trkpt lat="35.1723870593" lon="129.2005552549">
<ele>0</ele>
<time>2026-05-19T06:53:21.000Z</time><extensions>
<ns3:TrackPointExtension>
<ns3:hr>162</ns3:hr>
</ns3:TrackPointExtension>
</extensions>
</trkpt>
<trkpt lat="35.1723736221" lon="129.2006610478">
<ele>0</ele>
<time>2026-05-19T06:53:22.000Z</time><extensions>
<ns3:TrackPointExtension>
<ns3:hr>163</ns3:hr>
</ns3:TrackPointExtension>
</extensions>
</trkpt>
<trkpt lat="35.1723581429" lon="129.2007715387">
<ele>0</ele>
<time>2026-05-19T06:53:23.000Z</time><extensions>
<ns3:TrackPointExtension>
<ns3:hr>163</ns3:hr>
</ns3:TrackPointExtension>
</extensions>
</trkpt>
<trkpt lat="35.1723345023" lon="129.2008824732">
<ele>0</ele>
<time>2026-05-19T06:53:24.000Z</time><extensions>
<ns3:TrackPointExtension>
<ns3:hr>163</ns3:hr>
</ns3:TrackPointExtension>
</extensions>
</trkpt>
<trkpt lat="35.172306074" lon="129.2009891948">
<ele>0</ele>
<time>2026-05-19T06:53:25.000Z</time><extensions>
<ns3:TrackPointExtension>
<ns3:hr>163</ns3:hr>
</ns3:TrackPointExtension>
</extensions>
</trkpt>
<trkpt lat="35.172267383" lon="129.2010927226">
<ele>0</ele>
<time>2026-05-19T06:53:26.000Z</time><extensions>
<ns3:TrackPointExtension>
<ns3:hr>163</ns3:hr>
</ns3:TrackPointExtension>
</extensions>
</trkpt>
<trkpt lat="35.1722263561" lon="129.2011940757">
<ele>0</ele>
<time>2026-05-19T06:53:27.000Z</time><extensions>
<ns3:TrackPointExtension>
<ns3:hr>163</ns3:hr>
</ns3:TrackPointExtension>
</extensions>
</trkpt>
<trkpt lat="35.1721871837" lon="129.2012955138">
<ele>0</ele>
<time>2026-05-19T06:53:28.000Z</time><extensions>
<ns3:TrackPointExtension>
<ns3:hr>163</ns3:hr>
</ns3:TrackPointExtension>
</extensions>
</trkpt>
<trkpt lat="35.1721510322" lon="129.2013969182">
<ele>0</ele>
<time>2026-05-19T06:53:29.000Z</time><extensions>
<ns3:TrackPointExtension>
<ns3:hr>163</ns3:hr>
</ns3:TrackPointExtension>
</extensions>
</trkpt>
<trkpt lat="35.172121014" lon="129.201499979">
<ele>0</ele>
<time>2026-05-19T06:53:30.000Z</time><extensions>
<ns3:TrackPointExtension>
<ns3:hr>163</ns3:hr>
</ns3:TrackPointExtension>
</extensions>
</trkpt>
<trkpt lat="35.1720943936" lon="129.2016041002">
<ele>0</ele>
<time>2026-05-19T06:53:31.000Z</time><extensions>
<ns3:TrackPointExtension>
<ns3:hr>163</ns3:hr>
</ns3:TrackPointExtension>
</extensions>
</trkpt>
<trkpt lat="35.1720839699" lon="129.2017105357">
<ele>0</ele>
<time>2026-05-19T06:53:32.000Z</time><extensions>
<ns3:TrackPointExtension>
<ns3:hr>163</ns3:hr>
</ns3:TrackPointExtension>
</extensions>
</trkpt>
<trkpt lat="35.1720855146" lon="129.2018080275">
<ele>0</ele>
<time>2026-05-19T06:53:33.000Z</time><extensions>
<ns3:TrackPointExtension>
<ns3:hr>163</ns3:hr>
</ns3:TrackPointExtension>
</extensions>
</trkpt>
<trkpt lat="35.1721262359" lon="129.2018903693">
<ele>0</ele>
<time>2026-05-19T06:53:34.000Z</time><extensions>
<ns3:TrackPointExtension>
<ns3:hr>163</ns3:hr>
</ns3:TrackPointExtension>
</extensions>
</trkpt>
<trkpt lat="35.1721866139" lon="129.201932796">
<ele>0</ele>
<time>2026-05-19T06:53:35.000Z</time><extensions>
<ns3:TrackPointExtension>
<ns3:hr>163</ns3:hr>
</ns3:TrackPointExtension>
</extensions>
</trkpt>
<trkpt lat="35.1722486263" lon="129.2018860594">
<ele>0</ele>
<time>2026-05-19T06:53:36.000Z</time><extensions>
<ns3:TrackPointExtension>
<ns3:hr>163</ns3:hr>
</ns3:TrackPointExtension>
</extensions>
</trkpt>
<trkpt lat="35.1723094671" lon="129.201836758">
<ele>0</ele>
<time>2026-05-19T06:53:37.000Z</time><extensions>
<ns3:TrackPointExtension>
<ns3:hr>163</ns3:hr>
</ns3:TrackPointExtension>
</extensions>
</trkpt>
<trkpt lat="35.1723538864" lon="129.2017745584">
<ele>0</ele>
<time>2026-05-19T06:53:38.000Z</time><extensions>
<ns3:TrackPointExtension>
<ns3:hr>163</ns3:hr>
</ns3:TrackPointExtension>
</extensions>
</trkpt>
<trkpt lat="35.1723748468" lon="129.2016923542">
<ele>0</ele>
<time>2026-05-19T06:53:39.000Z</time><extensions>
<ns3:TrackPointExtension>
<ns3:hr>163</ns3:hr>
</ns3:TrackPointExtension>
</extensions>
</trkpt>
<trkpt lat="35.1723889185" lon="129.201603632">
<ele>0</ele>
<time>2026-05-19T06:53:40.000Z</time><extensions>
<ns3:TrackPointExtension>
<ns3:hr>163</ns3:hr>
</ns3:TrackPointExtension>
</extensions>
</trkpt>
<trkpt lat="35.1724074959" lon="129.2015159345">
<ele>0</ele>
<time>2026-05-19T06:53:41.000Z</time><extensions>
<ns3:TrackPointExtension>
<ns3:hr>163</ns3:hr>
</ns3:TrackPointExtension>
</extensions>
</trkpt>
<trkpt lat="35.1724352849" lon="129.2014315547">
<ele>0</ele>
<time>2026-05-19T06:53:42.000Z</time><extensions>
<ns3:TrackPointExtension>
<ns3:hr>163</ns3:hr>
</ns3:TrackPointExtension>
</extensions>
</trkpt>
<trkpt lat="35.1724642929" lon="129.2013493483">
<ele>0</ele>
<time>2026-05-19T06:53:43.000Z</time><extensions>
<ns3:TrackPointExtension>
<ns3:hr>163</ns3:hr>
</ns3:TrackPointExtension>
</extensions>
</trkpt>
<trkpt lat="35.1724957073" lon="129.2012691058">
<ele>0</ele>
<time>2026-05-19T06:53:44.000Z</time><extensions>
<ns3:TrackPointExtension>
<ns3:hr>163</ns3:hr>
</ns3:TrackPointExtension>
</extensions>
</trkpt>
<trkpt lat="35.1725252241" lon="129.2011809866">
<ele>0</ele>
<time>2026-05-19T06:53:45.000Z</time><extensions>
<ns3:TrackPointExtension>
<ns3:hr>163</ns3:hr>
</ns3:TrackPointExtension>
</extensions>
</trkpt>
<trkpt lat="35.1725486982" lon="129.2010824637">
<ele>0</ele>
<time>2026-05-19T06:53:46.000Z</time><extensions>
<ns3:TrackPointExtension>
<ns3:hr>163</ns3:hr>
</ns3:TrackPointExtension>
</extensions>
</trkpt>
<trkpt lat="35.1725642047" lon="129.2009806142">
<ele>0</ele>
<time>2026-05-19T06:53:47.000Z</time><extensions>
<ns3:TrackPointExtension>
<ns3:hr>162</ns3:hr>
</ns3:TrackPointExtension>
</extensions>
</trkpt>
<trkpt lat="35.1725748274" lon="129.2008770031">
<ele>0</ele>
<time>2026-05-19T06:53:48.000Z</time><extensions>
<ns3:TrackPointExtension>
<ns3:hr>162</ns3:hr>
</ns3:TrackPointExtension>
</extensions>
</trkpt>
<trkpt lat="35.1725691756" lon="129.2007710588">
<ele>0</ele>
<time>2026-05-19T06:53:49.000Z</time><extensions>
<ns3:TrackPointExtension>
<ns3:hr>162</ns3:hr>
</ns3:TrackPointExtension>
</extensions>
</trkpt>
<trkpt lat="35.1725596133" lon="129.2006662555">
<ele>0</ele>
<time>2026-05-19T06:53:50.000Z</time><extensions>
<ns3:TrackPointExtension>
<ns3:hr>162</ns3:hr>
</ns3:TrackPointExtension>
</extensions>
</trkpt>
<trkpt lat="35.1725479925" lon="129.2005617937">
<ele>0</ele>
<time>2026-05-19T06:53:51.000Z</time><extensions>
<ns3:TrackPointExtension>
<ns3:hr>162</ns3:hr>
</ns3:TrackPointExtension>
</extensions>
</trkpt>
<trkpt lat="35.1725333843" lon="129.2004529139">
<ele>0</ele>
<time>2026-05-19T06:53:52.000Z</time><extensions>
<ns3:TrackPointExtension>
<ns3:hr>162</ns3:hr>
</ns3:TrackPointExtension>
</extensions>
</trkpt>
<trkpt lat="35.1725185606" lon="129.200349548">
<ele>0</ele>
<time>2026-05-19T06:53:53.000Z</time><extensions>
<ns3:TrackPointExtension>
<ns3:hr>162</ns3:hr>
</ns3:TrackPointExtension>
</extensions>
</trkpt>
<trkpt lat="35.1725009961" lon="129.2002441345">
<ele>0</ele>
<time>2026-05-19T06:53:54.000Z</time><extensions>
<ns3:TrackPointExtension>
<ns3:hr>162</ns3:hr>
</ns3:TrackPointExtension>
</extensions>
</trkpt>
<trkpt lat="35.1724832341" lon="129.2001432983">
<ele>0</ele>
<time>2026-05-19T06:53:55.000Z</time><extensions>
<ns3:TrackPointExtension>
<ns3:hr>162</ns3:hr>
</ns3:TrackPointExtension>
</extensions>
</trkpt>
<trkpt lat="35.1724646426" lon="129.2000357905">
<ele>0</ele>
<time>2026-05-19T06:53:56.000Z</time><extensions>
<ns3:TrackPointExtension>
<ns3:hr>163</ns3:hr>
</ns3:TrackPointExtension>
</extensions>
</trkpt>
<trkpt lat="35.1724492089" lon="129.1999279741">
<ele>0</ele>
<time>2026-05-19T06:53:57.000Z</time><extensions>
<ns3:TrackPointExtension>
<ns3:hr>163</ns3:hr>
</ns3:TrackPointExtension>
</extensions>
</trkpt>
<trkpt lat="35.1724429346" lon="129.1998142252">
<ele>0</ele>
<time>2026-05-19T06:53:58.000Z</time><extensions>
<ns3:TrackPointExtension>
<ns3:hr>163</ns3:hr>
</ns3:TrackPointExtension>
</extensions>
</trkpt>
<trkpt lat="35.1724537191" lon="129.1996975857">
<ele>0</ele>
<time>2026-05-19T06:53:59.000Z</time><extensions>
<ns3:TrackPointExtension>
<ns3:hr>163</ns3:hr>
</ns3:TrackPointExtension>
</extensions>
</trkpt>
<trkpt lat="35.1724736888" lon="129.199585385">
<ele>0</ele>
<time>2026-05-19T06:54:00.000Z</time><extensions>
<ns3:TrackPointExtension>
<ns3:hr>163</ns3:hr>
</ns3:TrackPointExtension>
</extensions>
</trkpt>
<trkpt lat="35.1725028845" lon="129.1994778118">
<ele>0</ele>
<time>2026-05-19T06:54:01.000Z</time><extensions>
<ns3:TrackPointExtension>
<ns3:hr>162</ns3:hr>
</ns3:TrackPointExtension>
</extensions>
</trkpt>
<trkpt lat="35.1725525097" lon="129.1993796924">
<ele>0</ele>
<time>2026-05-19T06:54:02.000Z</time><extensions>
<ns3:TrackPointExtension>
<ns3:hr>162</ns3:hr>
</ns3:TrackPointExtension>
</extensions>
</trkpt>
<trkpt lat="35.1726192746" lon="129.1992990402">
<ele>0</ele>
<time>2026-05-19T06:54:03.000Z</time><extensions>
<ns3:TrackPointExtension>
<ns3:hr>162</ns3:hr>
</ns3:TrackPointExtension>
</extensions>
</trkpt>
<trkpt lat="35.1726973771" lon="129.1992556493">
<ele>0</ele>
<time>2026-05-19T06:54:04.000Z</time><extensions>
<ns3:TrackPointExtension>
<ns3:hr>162</ns3:hr>
</ns3:TrackPointExtension>
</extensions>
</trkpt>
<trkpt lat="35.1727722082" lon="129.1992331769">
<ele>0</ele>
<time>2026-05-19T06:54:05.000Z</time><extensions>
<ns3:TrackPointExtension>
<ns3:hr>162</ns3:hr>
</ns3:TrackPointExtension>
</extensions>
</trkpt>
<trkpt lat="35.1728348722" lon="129.1992657235">
<ele>0</ele>
<time>2026-05-19T06:54:06.000Z</time><extensions>
<ns3:TrackPointExtension>
<ns3:hr>162</ns3:hr>
</ns3:TrackPointExtension>
</extensions>
</trkpt>
<trkpt lat="35.1728956502" lon="129.199313591">
<ele>0</ele>
<time>2026-05-19T06:54:07.000Z</time><extensions>
<ns3:TrackPointExtension>
<ns3:hr>162</ns3:hr>
</ns3:TrackPointExtension>
</extensions>
</trkpt>
<trkpt lat="35.1729251342" lon="129.1993899046">
<ele>0</ele>
<time>2026-05-19T06:54:08.000Z</time><extensions>
<ns3:TrackPointExtension>
<ns3:hr>162</ns3:hr>
</ns3:TrackPointExtension>
</extensions>
</trkpt>
<trkpt lat="35.1729306731" lon="129.1994735292">
<ele>0</ele>
<time>2026-05-19T06:54:09.000Z</time><extensions>
<ns3:TrackPointExtension>
<ns3:hr>162</ns3:hr>
</ns3:TrackPointExtension>
</extensions>
</trkpt>
<trkpt lat="35.1729271034" lon="129.1995576813">
<ele>0</ele>
<time>2026-05-19T06:54:10.000Z</time><extensions>
<ns3:TrackPointExtension>
<ns3:hr>162</ns3:hr>
</ns3:TrackPointExtension>
</extensions>
</trkpt>
<trkpt lat="35.1729204384" lon="129.1996381681">
<ele>0</ele>
<time>2026-05-19T06:54:11.000Z</time><extensions>
<ns3:TrackPointExtension>
<ns3:hr>161</ns3:hr>
</ns3:TrackPointExtension>
</extensions>
</trkpt>
<trkpt lat="35.1729129266" lon="129.1997225782">
<ele>0</ele>
<time>2026-05-19T06:54:12.000Z</time><extensions>
<ns3:TrackPointExtension>
<ns3:hr>161</ns3:hr>
</ns3:TrackPointExtension>
</extensions>
</trkpt>
<trkpt lat="35.172905071" lon="129.1998072313">
<ele>0</ele>
<time>2026-05-19T06:54:13.000Z</time><extensions>
<ns3:TrackPointExtension>
<ns3:hr>161</ns3:hr>
</ns3:TrackPointExtension>
</extensions>
</trkpt>
<trkpt lat="35.1728930029" lon="129.1998935998">
<ele>0</ele>
<time>2026-05-19T06:54:14.000Z</time><extensions>
<ns3:TrackPointExtension>
<ns3:hr>161</ns3:hr>
</ns3:TrackPointExtension>
</extensions>
</trkpt>
<trkpt lat="35.172879387" lon="129.1999881273">
<ele>0</ele>
<time>2026-05-19T06:54:15.000Z</time><extensions>
<ns3:TrackPointExtension>
<ns3:hr>161</ns3:hr>
</ns3:TrackPointExtension>
</extensions>
</trkpt>
<trkpt lat="35.1728633629" lon="129.2000819342">
<ele>0</ele>
<time>2026-05-19T06:54:16.000Z</time><extensions>
<ns3:TrackPointExtension>
<ns3:hr>161</ns3:hr>
</ns3:TrackPointExtension>
</extensions>
</trkpt>
<trkpt lat="35.172844802" lon="129.2001774408">
<ele>0</ele>
<time>2026-05-19T06:54:17.000Z</time><extensions>
<ns3:TrackPointExtension>
<ns3:hr>162</ns3:hr>
</ns3:TrackPointExtension>
</extensions>
</trkpt>
<trkpt lat="35.1728294502" lon="129.2002797988">
<ele>0</ele>
<time>2026-05-19T06:54:18.000Z</time><extensions>
<ns3:TrackPointExtension>
<ns3:hr>162</ns3:hr>
</ns3:TrackPointExtension>
</extensions>
</trkpt>
<trkpt lat="35.1728143465" lon="129.2003825607">
<ele>0</ele>
<time>2026-05-19T06:54:19.000Z</time><extensions>
<ns3:TrackPointExtension>
<ns3:hr>162</ns3:hr>
</ns3:TrackPointExtension>
</extensions>
</trkpt>
<trkpt lat="35.1728040187" lon="129.2004911115">
<ele>0</ele>
<time>2026-05-19T06:54:20.000Z</time><extensions>
<ns3:TrackPointExtension>
<ns3:hr>162</ns3:hr>
</ns3:TrackPointExtension>
</extensions>
</trkpt>
<trkpt lat="35.1727929015" lon="129.2006039477">
<ele>0</ele>
<time>2026-05-19T06:54:21.000Z</time><extensions>
<ns3:TrackPointExtension>
<ns3:hr>162</ns3:hr>
</ns3:TrackPointExtension>
</extensions>
</trkpt>
<trkpt lat="35.1727781742" lon="129.2007179156">
<ele>0</ele>
<time>2026-05-19T06:54:22.000Z</time><extensions>
<ns3:TrackPointExtension>
<ns3:hr>160</ns3:hr>
</ns3:TrackPointExtension>
</extensions>
</trkpt>
<trkpt lat="35.1727541973" lon="129.2008310444">
<ele>0</ele>
<time>2026-05-19T06:54:23.000Z</time><extensions>
<ns3:TrackPointExtension>
<ns3:hr>160</ns3:hr>
</ns3:TrackPointExtension>
</extensions>
</trkpt>
<trkpt lat="35.172719689" lon="129.2009420488">
<ele>0</ele>
<time>2026-05-19T06:54:24.000Z</time><extensions>
<ns3:TrackPointExtension>
<ns3:hr>160</ns3:hr>
</ns3:TrackPointExtension>
</extensions>
</trkpt>
<trkpt lat="35.1726772096" lon="129.2010492176">
<ele>0</ele>
<time>2026-05-19T06:54:25.000Z</time><extensions>
<ns3:TrackPointExtension>
<ns3:hr>160</ns3:hr>
</ns3:TrackPointExtension>
</extensions>
</trkpt>
<trkpt lat="35.1726227148" lon="129.2011466326">
<ele>0</ele>
<time>2026-05-19T06:54:26.000Z</time><extensions>
<ns3:TrackPointExtension>
<ns3:hr>160</ns3:hr>
</ns3:TrackPointExtension>
</extensions>
</trkpt>
<trkpt lat="35.1725605505" lon="129.2012311988">
<ele>0</ele>
<time>2026-05-19T06:54:27.000Z</time><extensions>
<ns3:TrackPointExtension>
<ns3:hr>159</ns3:hr>
</ns3:TrackPointExtension>
</extensions>
</trkpt>
<trkpt lat="35.172499256" lon="129.2013121254">
<ele>0</ele>
<time>2026-05-19T06:54:28.000Z</time><extensions>
<ns3:TrackPointExtension>
<ns3:hr>159</ns3:hr>
</ns3:TrackPointExtension>
</extensions>
</trkpt>
<trkpt lat="35.1724347032" lon="129.2013897076">
<ele>0</ele>
<time>2026-05-19T06:54:29.000Z</time><extensions>
<ns3:TrackPointExtension>
<ns3:hr>159</ns3:hr>
</ns3:TrackPointExtension>
</extensions>
</trkpt>
<trkpt lat="35.1723698078" lon="129.2014630875">
<ele>0</ele>
<time>2026-05-19T06:54:30.000Z</time><extensions>
<ns3:TrackPointExtension>
<ns3:hr>159</ns3:hr>
</ns3:TrackPointExtension>
</extensions>
</trkpt>
<trkpt lat="35.1723065619" lon="129.2015340786">
<ele>0</ele>
<time>2026-05-19T06:54:31.000Z</time><extensions>
<ns3:TrackPointExtension>
<ns3:hr>159</ns3:hr>
</ns3:TrackPointExtension>
</extensions>
</trkpt>
<trkpt lat="35.1722416374" lon="129.2015996371">
<ele>0</ele>
<time>2026-05-19T06:54:32.000Z</time><extensions>
<ns3:TrackPointExtension>
<ns3:hr>159</ns3:hr>
</ns3:TrackPointExtension>
</extensions>
</trkpt>
<trkpt lat="35.1721749616" lon="129.2016400502">
<ele>0</ele>
<time>2026-05-19T06:54:33.000Z</time><extensions>
<ns3:TrackPointExtension>
<ns3:hr>159</ns3:hr>
</ns3:TrackPointExtension>
</extensions>
</trkpt>
<trkpt lat="35.1721064463" lon="129.2016681243">
<ele>0</ele>
<time>2026-05-19T06:54:34.000Z</time><extensions>
<ns3:TrackPointExtension>
<ns3:hr>159</ns3:hr>
</ns3:TrackPointExtension>
</extensions>
</trkpt>
<trkpt lat="35.1720499876" lon="129.2016571725">
<ele>0</ele>
<time>2026-05-19T06:54:35.000Z</time><extensions>
<ns3:TrackPointExtension>
<ns3:hr>159</ns3:hr>
</ns3:TrackPointExtension>
</extensions>
</trkpt>
<trkpt lat="35.1720285235" lon="129.2016045006">
<ele>0</ele>
<time>2026-05-19T06:54:36.000Z</time><extensions>
<ns3:TrackPointExtension>
<ns3:hr>159</ns3:hr>
</ns3:TrackPointExtension>
</extensions>
</trkpt>
<trkpt lat="35.1720560555" lon="129.2015432793">
<ele>0</ele>
<time>2026-05-19T06:54:37.000Z</time><extensions>
<ns3:TrackPointExtension>
<ns3:hr>159</ns3:hr>
</ns3:TrackPointExtension>
</extensions>
</trkpt>
<trkpt lat="35.1720948752" lon="129.2014962184">
<ele>0</ele>
<time>2026-05-19T06:54:38.000Z</time><extensions>
<ns3:TrackPointExtension>
<ns3:hr>159</ns3:hr>
</ns3:TrackPointExtension>
</extensions>
</trkpt>
<trkpt lat="35.17212548" lon="129.2014608975">
<ele>0</ele>
<time>2026-05-19T06:54:39.000Z</time><extensions>
<ns3:TrackPointExtension>
<ns3:hr>159</ns3:hr>
</ns3:TrackPointExtension>
</extensions>
</trkpt>
<trkpt lat="35.1721461164" lon="129.2014272232">
<ele>0</ele>
<time>2026-05-19T06:54:40.000Z</time><extensions>
<ns3:TrackPointExtension>
<ns3:hr>159</ns3:hr>
</ns3:TrackPointExtension>
</extensions>
</trkpt>
<trkpt lat="35.1721652122" lon="129.2013893296">
<ele>0</ele>
<time>2026-05-19T06:54:41.000Z</time><extensions>
<ns3:TrackPointExtension>
<ns3:hr>159</ns3:hr>
</ns3:TrackPointExtension>
</extensions>
</trkpt>
<trkpt lat="35.1721790425" lon="129.2013439211">
<ele>0</ele>
<time>2026-05-19T06:54:42.000Z</time><extensions>
<ns3:TrackPointExtension>
<ns3:hr>159</ns3:hr>
</ns3:TrackPointExtension>
</extensions>
</trkpt>
<trkpt lat="35.1721948743" lon="129.2012991345">
<ele>0</ele>
<time>2026-05-19T06:54:43.000Z</time><extensions>
<ns3:TrackPointExtension>
<ns3:hr>159</ns3:hr>
</ns3:TrackPointExtension>
</extensions>
</trkpt>
<trkpt lat="35.1722176075" lon="129.2012485831">
<ele>0</ele>
<time>2026-05-19T06:54:44.000Z</time><extensions>
<ns3:TrackPointExtension>
<ns3:hr>159</ns3:hr>
</ns3:TrackPointExtension>
</extensions>
</trkpt>
<trkpt lat="35.1722455412" lon="129.2011963109">
<ele>0</ele>
<time>2026-05-19T06:54:45.000Z</time><extensions>
<ns3:TrackPointExtension>
<ns3:hr>159</ns3:hr>
</ns3:TrackPointExtension>
</extensions>
</trkpt>
<trkpt lat="35.1722779578" lon="129.2011465335">
<ele>0</ele>
<time>2026-05-19T06:54:46.000Z</time><extensions>
<ns3:TrackPointExtension>
<ns3:hr>161</ns3:hr>
</ns3:TrackPointExtension>
</extensions>
</trkpt>
<trkpt lat="35.1723145273" lon="129.2010979062">
<ele>0</ele>
<time>2026-05-19T06:54:47.000Z</time><extensions>
<ns3:TrackPointExtension>
<ns3:hr>161</ns3:hr>
</ns3:TrackPointExtension>
</extensions>
</trkpt>
<trkpt lat="35.1723460404" lon="129.2010422814">
<ele>0</ele>
<time>2026-05-19T06:54:48.000Z</time><extensions>
<ns3:TrackPointExtension>
<ns3:hr>161</ns3:hr>
</ns3:TrackPointExtension>
</extensions>
</trkpt>
<trkpt lat="35.1723683296" lon="129.2009767143">
<ele>0</ele>
<time>2026-05-19T06:54:49.000Z</time><extensions>
<ns3:TrackPointExtension>
<ns3:hr>161</ns3:hr>
</ns3:TrackPointExtension>
</extensions>
</trkpt>
<trkpt lat="35.172396561" lon="129.2009110679">
<ele>0</ele>
<time>2026-05-19T06:54:50.000Z</time><extensions>
<ns3:TrackPointExtension>
<ns3:hr>161</ns3:hr>
</ns3:TrackPointExtension>
</extensions>
</trkpt>
<trkpt lat="35.1724307134" lon="129.2008439808">
<ele>0</ele>
<time>2026-05-19T06:54:51.000Z</time><extensions>
<ns3:TrackPointExtension>
<ns3:hr>163</ns3:hr>
</ns3:TrackPointExtension>
</extensions>
</trkpt>
<trkpt lat="35.1724732803" lon="129.2007837317">
<ele>0</ele>
<time>2026-05-19T06:54:52.000Z</time><extensions>
<ns3:TrackPointExtension>
<ns3:hr>163</ns3:hr>
</ns3:TrackPointExtension>
</extensions>
</trkpt>
<trkpt lat="35.1725178936" lon="129.2007195834">
<ele>0</ele>
<time>2026-05-19T06:54:53.000Z</time><extensions>
<ns3:TrackPointExtension>
<ns3:hr>163</ns3:hr>
</ns3:TrackPointExtension>
</extensions>
</trkpt>
<trkpt lat="35.1725546988" lon="129.2006543435">
<ele>0</ele>
<time>2026-05-19T06:54:54.000Z</time><extensions>
<ns3:TrackPointExtension>
<ns3:hr>163</ns3:hr>
</ns3:TrackPointExtension>
</extensions>
</trkpt>
<trkpt lat="35.1725926543" lon="129.2005835333">
<ele>0</ele>
<time>2026-05-19T06:54:55.000Z</time><extensions>
<ns3:TrackPointExtension>
<ns3:hr>163</ns3:hr>
</ns3:TrackPointExtension>
</extensions>
</trkpt>
<trkpt lat="35.1726258286" lon="129.2005086719">
<ele>0</ele>
<time>2026-05-19T06:54:56.000Z</time><extensions>
<ns3:TrackPointExtension>
<ns3:hr>166</ns3:hr>
</ns3:TrackPointExtension>
</extensions>
</trkpt>
<trkpt lat="35.1726607297" lon="129.2004332745">
<ele>0</ele>
<time>2026-05-19T06:54:57.000Z</time><extensions>
<ns3:TrackPointExtension>
<ns3:hr>166</ns3:hr>
</ns3:TrackPointExtension>
</extensions>
</trkpt>
<trkpt lat="35.1726952258" lon="129.2003574998">
<ele>0</ele>
<time>2026-05-19T06:54:58.000Z</time><extensions>
<ns3:TrackPointExtension>
<ns3:hr>166</ns3:hr>
</ns3:TrackPointExtension>
</extensions>
</trkpt>
<trkpt lat="35.1727302131" lon="129.2002804065">
<ele>0</ele>
<time>2026-05-19T06:54:59.000Z</time><extensions>
<ns3:TrackPointExtension>
<ns3:hr>166</ns3:hr>
</ns3:TrackPointExtension>
</extensions>
</trkpt>
<trkpt lat="35.1727681939" lon="129.2002044623">
<ele>0</ele>
<time>2026-05-19T06:55:00.000Z</time><extensions>
<ns3:TrackPointExtension>
<ns3:hr>166</ns3:hr>
</ns3:TrackPointExtension>
</extensions>
</trkpt>
<trkpt lat="35.1728105803" lon="129.2001260157">
<ele>0</ele>
<time>2026-05-19T06:55:01.000Z</time><extensions>
<ns3:TrackPointExtension>
<ns3:hr>170</ns3:hr>
</ns3:TrackPointExtension>
</extensions>
</trkpt>
<trkpt lat="35.1728558605" lon="129.2000506155">
<ele>0</ele>
<time>2026-05-19T06:55:02.000Z</time><extensions>
<ns3:TrackPointExtension>
<ns3:hr>170</ns3:hr>
</ns3:TrackPointExtension>
</extensions>
</trkpt>
<trkpt lat="35.172908433" lon="129.1999771468">
<ele>0</ele>
<time>2026-05-19T06:55:03.000Z</time><extensions>
<ns3:TrackPointExtension>
<ns3:hr>170</ns3:hr>
</ns3:TrackPointExtension>
</extensions>
</trkpt>
<trkpt lat="35.1729622033" lon="129.1998981037">
<ele>0</ele>
<time>2026-05-19T06:55:04.000Z</time><extensions>
<ns3:TrackPointExtension>
<ns3:hr>170</ns3:hr>
</ns3:TrackPointExtension>
</extensions>
</trkpt>
<trkpt lat="35.1730136682" lon="129.1998143067">
<ele>0</ele>
<time>2026-05-19T06:55:05.000Z</time><extensions>
<ns3:TrackPointExtension>
<ns3:hr>170</ns3:hr>
</ns3:TrackPointExtension>
</extensions>
</trkpt>
<trkpt lat="35.1730662588" lon="129.1997330138">
<ele>0</ele>
<time>2026-05-19T06:55:06.000Z</time><extensions>
<ns3:TrackPointExtension>
<ns3:hr>170</ns3:hr>
</ns3:TrackPointExtension>
</extensions>
</trkpt>
<trkpt lat="35.1731291642" lon="129.1996589608">
<ele>0</ele>
<time>2026-05-19T06:55:07.000Z</time><extensions>
<ns3:TrackPointExtension>
<ns3:hr>170</ns3:hr>
</ns3:TrackPointExtension>
</extensions>
</trkpt>
<trkpt lat="35.1731954081" lon="129.1995847197">
<ele>0</ele>
<time>2026-05-19T06:55:08.000Z</time><extensions>
<ns3:TrackPointExtension>
<ns3:hr>170</ns3:hr>
</ns3:TrackPointExtension>
</extensions>
</trkpt>
<trkpt lat="35.1732706609" lon="129.1995128486">
<ele>0</ele>
<time>2026-05-19T06:55:09.000Z</time><extensions>
<ns3:TrackPointExtension>
<ns3:hr>170</ns3:hr>
</ns3:TrackPointExtension>
</extensions>
</trkpt>
<trkpt lat="35.1733376609" lon="129.1994487893">
<ele>0</ele>
<time>2026-05-19T06:55:10.000Z</time><extensions>
<ns3:TrackPointExtension>
<ns3:hr>170</ns3:hr>
</ns3:TrackPointExtension>
</extensions>
</trkpt>
<trkpt lat="35.1734135883" lon="129.1994085549">
<ele>0</ele>
<time>2026-05-19T06:55:11.000Z</time><extensions>
<ns3:TrackPointExtension>
<ns3:hr>170</ns3:hr>
</ns3:TrackPointExtension>
</extensions>
</trkpt>
<trkpt lat="35.1734821558" lon="129.1993886909">
<ele>0</ele>
<time>2026-05-19T06:55:12.000Z</time><extensions>
<ns3:TrackPointExtension>
<ns3:hr>170</ns3:hr>
</ns3:TrackPointExtension>
</extensions>
</trkpt>
<trkpt lat="35.173555543" lon="129.199416586">
<ele>0</ele>
<time>2026-05-19T06:55:13.000Z</time><extensions>
<ns3:TrackPointExtension>
<ns3:hr>170</ns3:hr>
</ns3:TrackPointExtension>
</extensions>
</trkpt>
<trkpt lat="35.173609089" lon="129.1994710103">
<ele>0</ele>
<time>2026-05-19T06:55:14.000Z</time><extensions>
<ns3:TrackPointExtension>
<ns3:hr>170</ns3:hr>
</ns3:TrackPointExtension>
</extensions>
</trkpt>
<trkpt lat="35.1736299965" lon="129.1995565946">
<ele>0</ele>
<time>2026-05-19T06:55:15.000Z</time><extensions>
<ns3:TrackPointExtension>
<ns3:hr>170</ns3:hr>
</ns3:TrackPointExtension>
</extensions>
</trkpt>
<trkpt lat="35.1736369814" lon="129.1996379539">
<ele>0</ele>
<time>2026-05-19T06:55:16.000Z</time><extensions>
<ns3:TrackPointExtension>
<ns3:hr>170</ns3:hr>
</ns3:TrackPointExtension>
</extensions>
</trkpt>
<trkpt lat="35.1736443195" lon="129.1997193655">
<ele>0</ele>
<time>2026-05-19T06:55:17.000Z</time><extensions>
<ns3:TrackPointExtension>
<ns3:hr>166</ns3:hr>
</ns3:TrackPointExtension>
</extensions>
</trkpt>
<trkpt lat="35.1736517958" lon="129.1998027718">
<ele>0</ele>
<time>2026-05-19T06:55:18.000Z</time><extensions>
<ns3:TrackPointExtension>
<ns3:hr>166</ns3:hr>
</ns3:TrackPointExtension>
</extensions>
</trkpt>
<trkpt lat="35.1736511754" lon="129.199888383">
<ele>0</ele>
<time>2026-05-19T06:55:19.000Z</time><extensions>
<ns3:TrackPointExtension>
<ns3:hr>166</ns3:hr>
</ns3:TrackPointExtension>
</extensions>
</trkpt>
<trkpt lat="35.1736474548" lon="129.1999761612">
<ele>0</ele>
<time>2026-05-19T06:55:20.000Z</time><extensions>
<ns3:TrackPointExtension>
<ns3:hr>166</ns3:hr>
</ns3:TrackPointExtension>
</extensions>
</trkpt>
<trkpt lat="35.1736350206" lon="129.2000616372">
<ele>0</ele>
<time>2026-05-19T06:55:21.000Z</time><extensions>
<ns3:TrackPointExtension>
<ns3:hr>166</ns3:hr>
</ns3:TrackPointExtension>
</extensions>
</trkpt>
<trkpt lat="35.1736148783" lon="129.20014873">
<ele>0</ele>
<time>2026-05-19T06:55:22.000Z</time><extensions>
<ns3:TrackPointExtension>
<ns3:hr>166</ns3:hr>
</ns3:TrackPointExtension>
</extensions>
</trkpt>
<trkpt lat="35.173595186" lon="129.2002391453">
<ele>0</ele>
<time>2026-05-19T06:55:23.000Z</time><extensions>
<ns3:TrackPointExtension>
<ns3:hr>166</ns3:hr>
</ns3:TrackPointExtension>
</extensions>
</trkpt>
<trkpt lat="35.1735703412" lon="129.2003285495">
<ele>0</ele>
<time>2026-05-19T06:55:24.000Z</time><extensions>
<ns3:TrackPointExtension>
<ns3:hr>166</ns3:hr>
</ns3:TrackPointExtension>
</extensions>
</trkpt>
<trkpt lat="35.1735455244" lon="129.2004220102">
<ele>0</ele>
<time>2026-05-19T06:55:25.000Z</time><extensions>
<ns3:TrackPointExtension>
<ns3:hr>166</ns3:hr>
</ns3:TrackPointExtension>
</extensions>
</trkpt>
<trkpt lat="35.1735201913" lon="129.2005168165">
<ele>0</ele>
<time>2026-05-19T06:55:26.000Z</time><extensions>
<ns3:TrackPointExtension>
<ns3:hr>166</ns3:hr>
</ns3:TrackPointExtension>
</extensions>
</trkpt>
<trkpt lat="35.173493399" lon="129.2006140481">
<ele>0</ele>
<time>2026-05-19T06:55:27.000Z</time><extensions>
<ns3:TrackPointExtension>
<ns3:hr>170</ns3:hr>
</ns3:TrackPointExtension>
</extensions>
</trkpt>
<trkpt lat="35.1734630358" lon="129.2007128092">
<ele>0</ele>
<time>2026-05-19T06:55:28.000Z</time><extensions>
<ns3:TrackPointExtension>
<ns3:hr>170</ns3:hr>
</ns3:TrackPointExtension>
</extensions>
</trkpt>
<trkpt lat="35.1734276846" lon="129.2008127185">
<ele>0</ele>
<time>2026-05-19T06:55:29.000Z</time><extensions>
<ns3:TrackPointExtension>
<ns3:hr>170</ns3:hr>
</ns3:TrackPointExtension>
</extensions>
</trkpt>
<trkpt lat="35.173390856" lon="129.2009130165">
<ele>0</ele>
<time>2026-05-19T06:55:30.000Z</time><extensions>
<ns3:TrackPointExtension>
<ns3:hr>170</ns3:hr>
</ns3:TrackPointExtension>
</extensions>
</trkpt>
<trkpt lat="35.1733491055" lon="129.2010094981">
<ele>0</ele>
<time>2026-05-19T06:55:31.000Z</time><extensions>
<ns3:TrackPointExtension>
<ns3:hr>170</ns3:hr>
</ns3:TrackPointExtension>
</extensions>
</trkpt>
<trkpt lat="35.1733079282" lon="129.2011044799">
<ele>0</ele>
<time>2026-05-19T06:55:32.000Z</time><extensions>
<ns3:TrackPointExtension>
<ns3:hr>170</ns3:hr>
</ns3:TrackPointExtension>
</extensions>
</trkpt>
<trkpt lat="35.173269187" lon="129.2012038157">
<ele>0</ele>
<time>2026-05-19T06:55:33.000Z</time><extensions>
<ns3:TrackPointExtension>
<ns3:hr>170</ns3:hr>
</ns3:TrackPointExtension>
</extensions>
</trkpt>
<trkpt lat="35.1732294936" lon="129.201304714">
<ele>0</ele>
<time>2026-05-19T06:55:34.000Z</time><extensions>
<ns3:TrackPointExtension>
<ns3:hr>170</ns3:hr>
</ns3:TrackPointExtension>
</extensions>
</trkpt>
<trkpt lat="35.1731950388" lon="129.2014092341">
<ele>0</ele>
<time>2026-05-19T06:55:35.000Z</time><extensions>
<ns3:TrackPointExtension>
<ns3:hr>170</ns3:hr>
</ns3:TrackPointExtension>
</extensions>
</trkpt>
<trkpt lat="35.1731865706" lon="129.2015233396">
<ele>0</ele>
<time>2026-05-19T06:55:36.000Z</time><extensions>
<ns3:TrackPointExtension>
<ns3:hr>170</ns3:hr>
</ns3:TrackPointExtension>
</extensions>
</trkpt>
<trkpt lat="35.1731962997" lon="129.2016337889">
<ele>0</ele>
<time>2026-05-19T06:55:37.000Z</time><extensions>
<ns3:TrackPointExtension>
<ns3:hr>170</ns3:hr>
</ns3:TrackPointExtension>
</extensions>
</trkpt>
<trkpt lat="35.1732193202" lon="129.2017391863">
<ele>0</ele>
<time>2026-05-19T06:55:38.000Z</time><extensions>
<ns3:TrackPointExtension>
<ns3:hr>170</ns3:hr>
</ns3:TrackPointExtension>
</extensions>
</trkpt>
<trkpt lat="35.1732840071" lon="129.2018268157">
<ele>0</ele>
<time>2026-05-19T06:55:39.000Z</time><extensions>
<ns3:TrackPointExtension>
<ns3:hr>170</ns3:hr>
</ns3:TrackPointExtension>
</extensions>
</trkpt>
<trkpt lat="35.1733549466" lon="129.2018440676">
<ele>0</ele>
<time>2026-05-19T06:55:40.000Z</time><extensions>
<ns3:TrackPointExtension>
<ns3:hr>170</ns3:hr>
</ns3:TrackPointExtension>
</extensions>
</trkpt>
<trkpt lat="35.1734271632" lon="129.201784099">
<ele>0</ele>
<time>2026-05-19T06:55:41.000Z</time><extensions>
<ns3:TrackPointExtension>
<ns3:hr>170</ns3:hr>
</ns3:TrackPointExtension>
</extensions>
</trkpt>
<trkpt lat="35.1734688374" lon="129.2016951174">
<ele>0</ele>
<time>2026-05-19T06:55:42.000Z</time><extensions>
<ns3:TrackPointExtension>
<ns3:hr>170</ns3:hr>
</ns3:TrackPointExtension>
</extensions>
</trkpt>
<trkpt lat="35.1734695694" lon="129.201582937">
<ele>0</ele>
<time>2026-05-19T06:55:43.000Z</time><extensions>
<ns3:TrackPointExtension>
<ns3:hr>170</ns3:hr>
</ns3:TrackPointExtension>
</extensions>
</trkpt>
<trkpt lat="35.1734769567" lon="129.201470432">
<ele>0</ele>
<time>2026-05-19T06:55:44.000Z</time><extensions>
<ns3:TrackPointExtension>
<ns3:hr>170</ns3:hr>
</ns3:TrackPointExtension>
</extensions>
</trkpt>
<trkpt lat="35.1734881831" lon="129.2013735528">
<ele>0</ele>
<time>2026-05-19T06:55:45.000Z</time><extensions>
<ns3:TrackPointExtension>
<ns3:hr>170</ns3:hr>
</ns3:TrackPointExtension>
</extensions>
</trkpt>
<trkpt lat="35.1734981821" lon="129.2012759713">
<ele>0</ele>
<time>2026-05-19T06:55:46.000Z</time><extensions>
<ns3:TrackPointExtension>
<ns3:hr>170</ns3:hr>
</ns3:TrackPointExtension>
</extensions>
</trkpt>
<trkpt lat="35.1735023022" lon="129.2011759012">
<ele>0</ele>
<time>2026-05-19T06:55:47.000Z</time><extensions>
<ns3:TrackPointExtension>
<ns3:hr>170</ns3:hr>
</ns3:TrackPointExtension>
</extensions>
</trkpt>
<trkpt lat="35.173497419" lon="129.2010756086">
<ele>0</ele>
<time>2026-05-19T06:55:48.000Z</time><extensions>
<ns3:TrackPointExtension>
<ns3:hr>170</ns3:hr>
</ns3:TrackPointExtension>
</extensions>
</trkpt>
<trkpt lat="35.1734905763" lon="129.2009817935">
<ele>0</ele>
<time>2026-05-19T06:55:49.000Z</time><extensions>
<ns3:TrackPointExtension>
<ns3:hr>170</ns3:hr>
</ns3:TrackPointExtension>
</extensions>
</trkpt>
<trkpt lat="35.1734823171" lon="129.200886157">
<ele>0</ele>
<time>2026-05-19T06:55:50.000Z</time><extensions>
<ns3:TrackPointExtension>
<ns3:hr>170</ns3:hr>
</ns3:TrackPointExtension>
</extensions>
</trkpt>
<trkpt lat="35.1734814072" lon="129.2007925901">
<ele>0</ele>
<time>2026-05-19T06:55:51.000Z</time><extensions>
<ns3:TrackPointExtension>
<ns3:hr>170</ns3:hr>
</ns3:TrackPointExtension>
</extensions>
</trkpt>
<trkpt lat="35.1734847179" lon="129.2007007534">
<ele>0</ele>
<time>2026-05-19T06:55:52.000Z</time><extensions>
<ns3:TrackPointExtension>
<ns3:hr>170</ns3:hr>
</ns3:TrackPointExtension>
</extensions>
</trkpt>
<trkpt lat="35.1735065008" lon="129.2006105739">
<ele>0</ele>
<time>2026-05-19T06:55:53.000Z</time><extensions>
<ns3:TrackPointExtension>
<ns3:hr>170</ns3:hr>
</ns3:TrackPointExtension>
</extensions>
</trkpt>
<trkpt lat="35.173551352" lon="129.2005311468">
<ele>0</ele>
<time>2026-05-19T06:55:54.000Z</time><extensions>
<ns3:TrackPointExtension>
<ns3:hr>170</ns3:hr>
</ns3:TrackPointExtension>
</extensions>
</trkpt>
<trkpt lat="35.173598987" lon="129.2004482582">
<ele>0</ele>
<time>2026-05-19T06:55:55.000Z</time><extensions>
<ns3:TrackPointExtension>
<ns3:hr>170</ns3:hr>
</ns3:TrackPointExtension>
</extensions>
</trkpt>
<trkpt lat="35.1736449322" lon="129.2003621474">
<ele>0</ele>
<time>2026-05-19T06:55:56.000Z</time><extensions>
<ns3:TrackPointExtension>
<ns3:hr>170</ns3:hr>
</ns3:TrackPointExtension>
</extensions>
</trkpt>
<trkpt lat="35.1736875594" lon="129.2002716617">
<ele>0</ele>
<time>2026-05-19T06:55:57.000Z</time><extensions>
<ns3:TrackPointExtension>
<ns3:hr>170</ns3:hr>
</ns3:TrackPointExtension>
</extensions>
</trkpt>
<trkpt lat="35.1737262288" lon="129.2001769249">
<ele>0</ele>
<time>2026-05-19T06:55:58.000Z</time><extensions>
<ns3:TrackPointExtension>
<ns3:hr>170</ns3:hr>
</ns3:TrackPointExtension>
</extensions>
</trkpt>
<trkpt lat="35.1737670609" lon="129.20007807">
<ele>0</ele>
<time>2026-05-19T06:55:59.000Z</time><extensions>
<ns3:TrackPointExtension>
<ns3:hr>170</ns3:hr>
</ns3:TrackPointExtension>
</extensions>
</trkpt>
<trkpt lat="35.1738103098" lon="129.1999802733">
<ele>0</ele>
<time>2026-05-19T06:56:00.000Z</time><extensions>
<ns3:TrackPointExtension>
<ns3:hr>170</ns3:hr>
</ns3:TrackPointExtension>
</extensions>
</trkpt>
<trkpt lat="35.1738563993" lon="129.1998831341">
<ele>0</ele>
<time>2026-05-19T06:56:01.000Z</time><extensions>
<ns3:TrackPointExtension>
<ns3:hr>170</ns3:hr>
</ns3:TrackPointExtension>
</extensions>
</trkpt>
<trkpt lat="35.1739031676" lon="129.199789332">
<ele>0</ele>
<time>2026-05-19T06:56:02.000Z</time><extensions>
<ns3:TrackPointExtension>
<ns3:hr>160</ns3:hr>
</ns3:TrackPointExtension>
</extensions>
</trkpt>
<trkpt lat="35.1739545313" lon="129.1996933837">
<ele>0</ele>
<time>2026-05-19T06:56:03.000Z</time><extensions>
<ns3:TrackPointExtension>
<ns3:hr>160</ns3:hr>
</ns3:TrackPointExtension>
</extensions>
</trkpt>
<trkpt lat="35.174019702" lon="129.1996015975">
<ele>0</ele>
<time>2026-05-19T06:56:04.000Z</time><extensions>
<ns3:TrackPointExtension>
<ns3:hr>160</ns3:hr>
</ns3:TrackPointExtension>
</extensions>
</trkpt>
<trkpt lat="35.1740920881" lon="129.1995197679">
<ele>0</ele>
<time>2026-05-19T06:56:05.000Z</time><extensions>
<ns3:TrackPointExtension>
<ns3:hr>160</ns3:hr>
</ns3:TrackPointExtension>
</extensions>
</trkpt>
<trkpt lat="35.1741718623" lon="129.1994527084">
<ele>0</ele>
<time>2026-05-19T06:56:06.000Z</time><extensions>
<ns3:TrackPointExtension>
<ns3:hr>160</ns3:hr>
</ns3:TrackPointExtension>
</extensions>
</trkpt>
<trkpt lat="35.1742585387" lon="129.1994150345">
<ele>0</ele>
<time>2026-05-19T06:56:07.000Z</time><extensions>
<ns3:TrackPointExtension>
<ns3:hr>159</ns3:hr>
</ns3:TrackPointExtension>
</extensions>
</trkpt>
<trkpt lat="35.1743407592" lon="129.1994003848">
<ele>0</ele>
<time>2026-05-19T06:56:08.000Z</time><extensions>
<ns3:TrackPointExtension>
<ns3:hr>159</ns3:hr>
</ns3:TrackPointExtension>
</extensions>
</trkpt>
<trkpt lat="35.1744223789" lon="129.1994338186">
<ele>0</ele>
<time>2026-05-19T06:56:09.000Z</time><extensions>
<ns3:TrackPointExtension>
<ns3:hr>159</ns3:hr>
</ns3:TrackPointExtension>
</extensions>
</trkpt>
<trkpt lat="35.1744803813" lon="129.1995095339">
<ele>0</ele>
<time>2026-05-19T06:56:10.000Z</time><extensions>
<ns3:TrackPointExtension>
<ns3:hr>159</ns3:hr>
</ns3:TrackPointExtension>
</extensions>
</trkpt>
<trkpt lat="35.1745076397" lon="129.1996004696">
<ele>0</ele>
<time>2026-05-19T06:56:11.000Z</time><extensions>
<ns3:TrackPointExtension>
<ns3:hr>158</ns3:hr>
</ns3:TrackPointExtension>
</extensions>
</trkpt>
<trkpt lat="35.1745172738" lon="129.1996892953">
<ele>0</ele>
<time>2026-05-19T06:56:12.000Z</time><extensions>
<ns3:TrackPointExtension>
<ns3:hr>158</ns3:hr>
</ns3:TrackPointExtension>
</extensions>
</trkpt>
<trkpt lat="35.1745125718" lon="129.1997764165">
<ele>0</ele>
<time>2026-05-19T06:56:13.000Z</time><extensions>
<ns3:TrackPointExtension>
<ns3:hr>158</ns3:hr>
</ns3:TrackPointExtension>
</extensions>
</trkpt>
<trkpt lat="35.1744934845" lon="129.1998635433">
<ele>0</ele>
<time>2026-05-19T06:56:14.000Z</time><extensions>
<ns3:TrackPointExtension>
<ns3:hr>158</ns3:hr>
</ns3:TrackPointExtension>
</extensions>
</trkpt>
<trkpt lat="35.1744724347" lon="129.1999540567">
<ele>0</ele>
<time>2026-05-19T06:56:15.000Z</time><extensions>
<ns3:TrackPointExtension>
<ns3:hr>158</ns3:hr>
</ns3:TrackPointExtension>
</extensions>
</trkpt>
<trkpt lat="35.1744518263" lon="129.2000428794">
<ele>0</ele>
<time>2026-05-19T06:56:16.000Z</time><extensions>
<ns3:TrackPointExtension>
<ns3:hr>158</ns3:hr>
</ns3:TrackPointExtension>
</extensions>
</trkpt>
<trkpt lat="35.1744302415" lon="129.200132911">
<ele>0</ele>
<time>2026-05-19T06:56:17.000Z</time><extensions>
<ns3:TrackPointExtension>
<ns3:hr>158</ns3:hr>
</ns3:TrackPointExtension>
</extensions>
</trkpt>
<trkpt lat="35.1744072977" lon="129.2002200502">
<ele>0</ele>
<time>2026-05-19T06:56:18.000Z</time><extensions>
<ns3:TrackPointExtension>
<ns3:hr>158</ns3:hr>
</ns3:TrackPointExtension>
</extensions>
</trkpt>
<trkpt lat="35.1743848894" lon="129.2003095225">
<ele>0</ele>
<time>2026-05-19T06:56:19.000Z</time><extensions>
<ns3:TrackPointExtension>
<ns3:hr>158</ns3:hr>
</ns3:TrackPointExtension>
</extensions>
</trkpt>
<trkpt lat="35.1743692321" lon="129.2003982505">
<ele>0</ele>
<time>2026-05-19T06:56:20.000Z</time><extensions>
<ns3:TrackPointExtension>
<ns3:hr>158</ns3:hr>
</ns3:TrackPointExtension>
</extensions>
</trkpt>
<trkpt lat="35.1743499933" lon="129.2004875659">
<ele>0</ele>
<time>2026-05-19T06:56:21.000Z</time><extensions>
<ns3:TrackPointExtension>
<ns3:hr>158</ns3:hr>
</ns3:TrackPointExtension>
</extensions>
</trkpt>
<trkpt lat="35.1743312377" lon="129.2005799146">
<ele>0</ele>
<time>2026-05-19T06:56:22.000Z</time><extensions>
<ns3:TrackPointExtension>
<ns3:hr>158</ns3:hr>
</ns3:TrackPointExtension>
</extensions>
</trkpt>
<trkpt lat="35.1743150634" lon="129.2006746037">
<ele>0</ele>
<time>2026-05-19T06:56:23.000Z</time><extensions>
<ns3:TrackPointExtension>
<ns3:hr>158</ns3:hr>
</ns3:TrackPointExtension>
</extensions>
</trkpt>
<trkpt lat="35.1742980086" lon="129.2007705694">
<ele>0</ele>
<time>2026-05-19T06:56:24.000Z</time><extensions>
<ns3:TrackPointExtension>
<ns3:hr>158</ns3:hr>
</ns3:TrackPointExtension>
</extensions>
</trkpt>
<trkpt lat="35.1742790476" lon="129.2008674092">
<ele>0</ele>
<time>2026-05-19T06:56:25.000Z</time><extensions>
<ns3:TrackPointExtension>
<ns3:hr>158</ns3:hr>
</ns3:TrackPointExtension>
</extensions>
</trkpt>
<trkpt lat="35.1742589893" lon="129.2009636768">
<ele>0</ele>
<time>2026-05-19T06:56:26.000Z</time><extensions>
<ns3:TrackPointExtension>
<ns3:hr>158</ns3:hr>
</ns3:TrackPointExtension>
</extensions>
</trkpt>
<trkpt lat="35.1742352367" lon="129.2010574644">
<ele>0</ele>
<time>2026-05-19T06:56:27.000Z</time><extensions>
<ns3:TrackPointExtension>
<ns3:hr>159</ns3:hr>
</ns3:TrackPointExtension>
</extensions>
</trkpt>
<trkpt lat="35.1742114981" lon="129.2011557883">
<ele>0</ele>
<time>2026-05-19T06:56:28.000Z</time><extensions>
<ns3:TrackPointExtension>
<ns3:hr>159</ns3:hr>
</ns3:TrackPointExtension>
</extensions>
</trkpt>
<trkpt lat="35.1741876713" lon="129.2012551984">
<ele>0</ele>
<time>2026-05-19T06:56:29.000Z</time><extensions>
<ns3:TrackPointExtension>
<ns3:hr>159</ns3:hr>
</ns3:TrackPointExtension>
</extensions>
</trkpt>
<trkpt lat="35.1741611439" lon="129.2013524613">
<ele>0</ele>
<time>2026-05-19T06:56:30.000Z</time><extensions>
<ns3:TrackPointExtension>
<ns3:hr>159</ns3:hr>
</ns3:TrackPointExtension>
</extensions>
</trkpt>
<trkpt lat="35.1741321625" lon="129.2014471928">
<ele>0</ele>
<time>2026-05-19T06:56:31.000Z</time><extensions>
<ns3:TrackPointExtension>
<ns3:hr>159</ns3:hr>
</ns3:TrackPointExtension>
</extensions>
</trkpt>
<trkpt lat="35.1741037248" lon="129.2015434984">
<ele>0</ele>
<time>2026-05-19T06:56:32.000Z</time><extensions>
<ns3:TrackPointExtension>
<ns3:hr>159</ns3:hr>
</ns3:TrackPointExtension>
</extensions>
</trkpt>
<trkpt lat="35.1740756148" lon="129.2016396024">
<ele>0</ele>
<time>2026-05-19T06:56:33.000Z</time><extensions>
<ns3:TrackPointExtension>
<ns3:hr>159</ns3:hr>
</ns3:TrackPointExtension>
</extensions>
</trkpt>
<trkpt lat="35.1740505076" lon="129.2017390872">
<ele>0</ele>
<time>2026-05-19T06:56:34.000Z</time><extensions>
<ns3:TrackPointExtension>
<ns3:hr>159</ns3:hr>
</ns3:TrackPointExtension>
</extensions>
</trkpt>
<trkpt lat="35.1740220159" lon="129.2018371278">
<ele>0</ele>
<time>2026-05-19T06:56:35.000Z</time><extensions>
<ns3:TrackPointExtension>
<ns3:hr>159</ns3:hr>
</ns3:TrackPointExtension>
</extensions>
</trkpt>
<trkpt lat="35.173992879" lon="129.2019343838">
<ele>0</ele>
<time>2026-05-19T06:56:36.000Z</time><extensions>
<ns3:TrackPointExtension>
<ns3:hr>158</ns3:hr>
</ns3:TrackPointExtension>
</extensions>
</trkpt>
<trkpt lat="35.1739635084" lon="129.2020295511">
<ele>0</ele>
<time>2026-05-19T06:56:37.000Z</time><extensions>
<ns3:TrackPointExtension>
<ns3:hr>158</ns3:hr>
</ns3:TrackPointExtension>
</extensions>
</trkpt>
<trkpt lat="35.1739344731" lon="129.2021247014">
<ele>0</ele>
<time>2026-05-19T06:56:38.000Z</time><extensions>
<ns3:TrackPointExtension>
<ns3:hr>158</ns3:hr>
</ns3:TrackPointExtension>
</extensions>
</trkpt>
<trkpt lat="35.1739132068" lon="129.2022191504">
<ele>0</ele>
<time>2026-05-19T06:56:39.000Z</time><extensions>
<ns3:TrackPointExtension>
<ns3:hr>158</ns3:hr>
</ns3:TrackPointExtension>
</extensions>
</trkpt>
<trkpt lat="35.1739040626" lon="129.2023177202">
<ele>0</ele>
<time>2026-05-19T06:56:40.000Z</time><extensions>
<ns3:TrackPointExtension>
<ns3:hr>158</ns3:hr>
</ns3:TrackPointExtension>
</extensions>
</trkpt>
<trkpt lat="35.1738987539" lon="129.202420107">
<ele>0</ele>
<time>2026-05-19T06:56:41.000Z</time><extensions>
<ns3:TrackPointExtension>
<ns3:hr>155</ns3:hr>
</ns3:TrackPointExtension>
</extensions>
</trkpt>
<trkpt lat="35.1738975311" lon="129.2025218691">
<ele>0</ele>
<time>2026-05-19T06:56:42.000Z</time><extensions>
<ns3:TrackPointExtension>
<ns3:hr>155</ns3:hr>
</ns3:TrackPointExtension>
</extensions>
</trkpt>
<trkpt lat="35.1739120401" lon="129.2026191085">
<ele>0</ele>
<time>2026-05-19T06:56:43.000Z</time><extensions>
<ns3:TrackPointExtension>
<ns3:hr>155</ns3:hr>
</ns3:TrackPointExtension>
</extensions>
</trkpt>
<trkpt lat="35.1739449032" lon="129.2026998561">
<ele>0</ele>
<time>2026-05-19T06:56:44.000Z</time><extensions>
<ns3:TrackPointExtension>
<ns3:hr>155</ns3:hr>
</ns3:TrackPointExtension>
</extensions>
</trkpt>
<trkpt lat="35.1739919708" lon="129.2027667148">
<ele>0</ele>
<time>2026-05-19T06:56:45.000Z</time><extensions>
<ns3:TrackPointExtension>
<ns3:hr>155</ns3:hr>
</ns3:TrackPointExtension>
</extensions>
</trkpt>
<trkpt lat="35.1740541022" lon="129.2027641768">
<ele>0</ele>
<time>2026-05-19T06:56:46.000Z</time><extensions>
<ns3:TrackPointExtension>
<ns3:hr>156</ns3:hr>
</ns3:TrackPointExtension>
</extensions>
</trkpt>
<trkpt lat="35.174109393" lon="129.2027043165">
<ele>0</ele>
<time>2026-05-19T06:56:47.000Z</time><extensions>
<ns3:TrackPointExtension>
<ns3:hr>156</ns3:hr>
</ns3:TrackPointExtension>
</extensions>
</trkpt>
<trkpt lat="35.1741402925" lon="129.2026244525">
<ele>0</ele>
<time>2026-05-19T06:56:48.000Z</time><extensions>
<ns3:TrackPointExtension>
<ns3:hr>156</ns3:hr>
</ns3:TrackPointExtension>
</extensions>
</trkpt>
<trkpt lat="35.1741517815" lon="129.202530797">
<ele>0</ele>
<time>2026-05-19T06:56:49.000Z</time><extensions>
<ns3:TrackPointExtension>
<ns3:hr>156</ns3:hr>
</ns3:TrackPointExtension>
</extensions>
</trkpt>
<trkpt lat="35.1741640098" lon="129.2024362142">
<ele>0</ele>
<time>2026-05-19T06:56:50.000Z</time><extensions>
<ns3:TrackPointExtension>
<ns3:hr>156</ns3:hr>
</ns3:TrackPointExtension>
</extensions>
</trkpt>
<trkpt lat="35.174182499" lon="129.2023564332">
<ele>0</ele>
<time>2026-05-19T06:56:51.000Z</time><extensions>
<ns3:TrackPointExtension>
<ns3:hr>157</ns3:hr>
</ns3:TrackPointExtension>
</extensions>
</trkpt>
<trkpt lat="35.1742061187" lon="129.2022768192">
<ele>0</ele>
<time>2026-05-19T06:56:52.000Z</time><extensions>
<ns3:TrackPointExtension>
<ns3:hr>157</ns3:hr>
</ns3:TrackPointExtension>
</extensions>
</trkpt>
<trkpt lat="35.174236707" lon="129.2021952052">
<ele>0</ele>
<time>2026-05-19T06:56:53.000Z</time><extensions>
<ns3:TrackPointExtension>
<ns3:hr>157</ns3:hr>
</ns3:TrackPointExtension>
</extensions>
</trkpt>
<trkpt lat="35.1742734016" lon="129.202113792">
<ele>0</ele>
<time>2026-05-19T06:56:54.000Z</time><extensions>
<ns3:TrackPointExtension>
<ns3:hr>157</ns3:hr>
</ns3:TrackPointExtension>
</extensions>
</trkpt>
<trkpt lat="35.1743046445" lon="129.2020286995">
<ele>0</ele>
<time>2026-05-19T06:56:55.000Z</time><extensions>
<ns3:TrackPointExtension>
<ns3:hr>157</ns3:hr>
</ns3:TrackPointExtension>
</extensions>
</trkpt>
<trkpt lat="35.1743279868" lon="129.2019405111">
<ele>0</ele>
<time>2026-05-19T06:56:56.000Z</time><extensions>
<ns3:TrackPointExtension>
<ns3:hr>157</ns3:hr>
</ns3:TrackPointExtension>
</extensions>
</trkpt>
<trkpt lat="35.1743497668" lon="129.2018483581">
<ele>0</ele>
<time>2026-05-19T06:56:57.000Z</time><extensions>
<ns3:TrackPointExtension>
<ns3:hr>157</ns3:hr>
</ns3:TrackPointExtension>
</extensions>
</trkpt>
<trkpt lat="35.1743681464" lon="129.201757218">
<ele>0</ele>
<time>2026-05-19T06:56:58.000Z</time><extensions>
<ns3:TrackPointExtension>
<ns3:hr>157</ns3:hr>
</ns3:TrackPointExtension>
</extensions>
</trkpt>
<trkpt lat="35.1743850954" lon="129.2016636925">
<ele>0</ele>
<time>2026-05-19T06:56:59.000Z</time><extensions>
<ns3:TrackPointExtension>
<ns3:hr>157</ns3:hr>
</ns3:TrackPointExtension>
</extensions>
</trkpt>
<trkpt lat="35.1743924436" lon="129.2015656939">
<ele>0</ele>
<time>2026-05-19T06:57:00.000Z</time><extensions>
<ns3:TrackPointExtension>
<ns3:hr>157</ns3:hr>
</ns3:TrackPointExtension>
</extensions>
</trkpt>
<trkpt lat="35.1743931405" lon="129.2014670444">
<ele>0</ele>
<time>2026-05-19T06:57:01.000Z</time><extensions>
<ns3:TrackPointExtension>
<ns3:hr>158</ns3:hr>
</ns3:TrackPointExtension>
</extensions>
</trkpt>
<trkpt lat="35.1743846936" lon="129.201368252">
<ele>0</ele>
<time>2026-05-19T06:57:02.000Z</time><extensions>
<ns3:TrackPointExtension>
<ns3:hr>158</ns3:hr>
</ns3:TrackPointExtension>
</extensions>
</trkpt>
<trkpt lat="35.1743700182" lon="129.2012701103">
<ele>0</ele>
<time>2026-05-19T06:57:03.000Z</time><extensions>
<ns3:TrackPointExtension>
<ns3:hr>158</ns3:hr>
</ns3:TrackPointExtension>
</extensions>
</trkpt>
<trkpt lat="35.1743475992" lon="129.201174994">
<ele>0</ele>
<time>2026-05-19T06:57:04.000Z</time><extensions>
<ns3:TrackPointExtension>
<ns3:hr>158</ns3:hr>
</ns3:TrackPointExtension>
</extensions>
</trkpt>
<trkpt lat="35.1743211075" lon="129.2010804341">
<ele>0</ele>
<time>2026-05-19T06:57:05.000Z</time><extensions>
<ns3:TrackPointExtension>
<ns3:hr>158</ns3:hr>
</ns3:TrackPointExtension>
</extensions>
</trkpt>
<trkpt lat="35.1742915936" lon="129.2009899743">
<ele>0</ele>
<time>2026-05-19T06:57:06.000Z</time><extensions>
<ns3:TrackPointExtension>
<ns3:hr>162</ns3:hr>
</ns3:TrackPointExtension>
</extensions>
</trkpt>
<trkpt lat="35.174261778" lon="129.2008975706">
<ele>0</ele>
<time>2026-05-19T06:57:07.000Z</time><extensions>
<ns3:TrackPointExtension>
<ns3:hr>162</ns3:hr>
</ns3:TrackPointExtension>
</extensions>
</trkpt>
<trkpt lat="35.1742336643" lon="129.2008067275">
<ele>0</ele>
<time>2026-05-19T06:57:08.000Z</time><extensions>
<ns3:TrackPointExtension>
<ns3:hr>162</ns3:hr>
</ns3:TrackPointExtension>
</extensions>
</trkpt>
<trkpt lat="35.1742092996" lon="129.2007137968">
<ele>0</ele>
<time>2026-05-19T06:57:09.000Z</time><extensions>
<ns3:TrackPointExtension>
<ns3:hr>162</ns3:hr>
</ns3:TrackPointExtension>
</extensions>
</trkpt>
<trkpt lat="35.1741946166" lon="129.2006177674">
<ele>0</ele>
<time>2026-05-19T06:57:10.000Z</time><extensions>
<ns3:TrackPointExtension>
<ns3:hr>162</ns3:hr>
</ns3:TrackPointExtension>
</extensions>
</trkpt>
<trkpt lat="35.1741815783" lon="129.2005217894">
<ele>0</ele>
<time>2026-05-19T06:57:11.000Z</time><extensions>
<ns3:TrackPointExtension>
<ns3:hr>161</ns3:hr>
</ns3:TrackPointExtension>
</extensions>
</trkpt>
<trkpt lat="35.1741818513" lon="129.2004245049">
<ele>0</ele>
<time>2026-05-19T06:57:12.000Z</time><extensions>
<ns3:TrackPointExtension>
<ns3:hr>161</ns3:hr>
</ns3:TrackPointExtension>
</extensions>
</trkpt>
<trkpt lat="35.1741990935" lon="129.2003294282">
<ele>0</ele>
<time>2026-05-19T06:57:13.000Z</time><extensions>
<ns3:TrackPointExtension>
<ns3:hr>161</ns3:hr>
</ns3:TrackPointExtension>
</extensions>
</trkpt>
<trkpt lat="35.1742193068" lon="129.2002329497">
<ele>0</ele>
<time>2026-05-19T06:57:14.000Z</time><extensions>
<ns3:TrackPointExtension>
<ns3:hr>161</ns3:hr>
</ns3:TrackPointExtension>
</extensions>
</trkpt>
<trkpt lat="35.1742530694" lon="129.2001398316">
<ele>0</ele>
<time>2026-05-19T06:57:15.000Z</time><extensions>
<ns3:TrackPointExtension>
<ns3:hr>161</ns3:hr>
</ns3:TrackPointExtension>
</extensions>
</trkpt>
<trkpt lat="35.1742861913" lon="129.20004253">
<ele>0</ele>
<time>2026-05-19T06:57:16.000Z</time><extensions>
<ns3:TrackPointExtension>
<ns3:hr>161</ns3:hr>
</ns3:TrackPointExtension>
</extensions>
</trkpt>
<trkpt lat="35.1743196544" lon="129.1999482022">
<ele>0</ele>
<time>2026-05-19T06:57:17.000Z</time><extensions>
<ns3:TrackPointExtension>
<ns3:hr>161</ns3:hr>
</ns3:TrackPointExtension>
</extensions>
</trkpt>
<trkpt lat="35.1743541812" lon="129.1998525474">
<ele>0</ele>
<time>2026-05-19T06:57:18.000Z</time><extensions>
<ns3:TrackPointExtension>
<ns3:hr>161</ns3:hr>
</ns3:TrackPointExtension>
</extensions>
</trkpt>
<trkpt lat="35.1743924898" lon="129.1997605467">
<ele>0</ele>
<time>2026-05-19T06:57:19.000Z</time><extensions>
<ns3:TrackPointExtension>
<ns3:hr>161</ns3:hr>
</ns3:TrackPointExtension>
</extensions>
</trkpt>
<trkpt lat="35.174435852" lon="129.1996765502">
<ele>0</ele>
<time>2026-05-19T06:57:20.000Z</time><extensions>
<ns3:TrackPointExtension>
<ns3:hr>161</ns3:hr>
</ns3:TrackPointExtension>
</extensions>
</trkpt>
<trkpt lat="35.174491908" lon="129.199604959">
<ele>0</ele>
<time>2026-05-19T06:57:21.000Z</time><extensions>
<ns3:TrackPointExtension>
<ns3:hr>162</ns3:hr>
</ns3:TrackPointExtension>
</extensions>
</trkpt>
<trkpt lat="35.1745578956" lon="129.1995381276">
<ele>0</ele>
<time>2026-05-19T06:57:22.000Z</time><extensions>
<ns3:TrackPointExtension>
<ns3:hr>162</ns3:hr>
</ns3:TrackPointExtension>
</extensions>
</trkpt>
<trkpt lat="35.174625944" lon="129.1994877048">
<ele>0</ele>
<time>2026-05-19T06:57:23.000Z</time><extensions>
<ns3:TrackPointExtension>
<ns3:hr>162</ns3:hr>
</ns3:TrackPointExtension>
</extensions>
</trkpt>
<trkpt lat="35.174696766" lon="129.1994371827">
<ele>0</ele>
<time>2026-05-19T06:57:24.000Z</time><extensions>
<ns3:TrackPointExtension>
<ns3:hr>162</ns3:hr>
</ns3:TrackPointExtension>
</extensions>
</trkpt>
<trkpt lat="35.1747633359" lon="129.1993877581">
<ele>0</ele>
<time>2026-05-19T06:57:25.000Z</time><extensions>
<ns3:TrackPointExtension>
<ns3:hr>162</ns3:hr>
</ns3:TrackPointExtension>
</extensions>
</trkpt>
<trkpt lat="35.1748269755" lon="129.1993375088">
<ele>0</ele>
<time>2026-05-19T06:57:26.000Z</time><extensions>
<ns3:TrackPointExtension>
<ns3:hr>162</ns3:hr>
</ns3:TrackPointExtension>
</extensions>
</trkpt>
<trkpt lat="35.1748871342" lon="129.1993104111">
<ele>0</ele>
<time>2026-05-19T06:57:27.000Z</time><extensions>
<ns3:TrackPointExtension>
<ns3:hr>162</ns3:hr>
</ns3:TrackPointExtension>
</extensions>
</trkpt>
<trkpt lat="35.1749481002" lon="129.1993223244">
<ele>0</ele>
<time>2026-05-19T06:57:28.000Z</time><extensions>
<ns3:TrackPointExtension>
<ns3:hr>162</ns3:hr>
</ns3:TrackPointExtension>
</extensions>
</trkpt>
<trkpt lat="35.1749963482" lon="129.1993767533">
<ele>0</ele>
<time>2026-05-19T06:57:29.000Z</time><extensions>
<ns3:TrackPointExtension>
<ns3:hr>162</ns3:hr>
</ns3:TrackPointExtension>
</extensions>
</trkpt>
<trkpt lat="35.1750133172" lon="129.1994367156">
<ele>0</ele>
<time>2026-05-19T06:57:30.000Z</time><extensions>
<ns3:TrackPointExtension>
<ns3:hr>162</ns3:hr>
</ns3:TrackPointExtension>
</extensions>
</trkpt>
<trkpt lat="35.1749931215" lon="129.1994971706">
<ele>0</ele>
<time>2026-05-19T06:57:31.000Z</time><extensions>
<ns3:TrackPointExtension>
<ns3:hr>162</ns3:hr>
</ns3:TrackPointExtension>
</extensions>
</trkpt>
<trkpt lat="35.174970276" lon="129.1995281742">
<ele>0</ele>
<time>2026-05-19T06:57:32.000Z</time><extensions>
<ns3:TrackPointExtension>
<ns3:hr>162</ns3:hr>
</ns3:TrackPointExtension>
</extensions>
</trkpt>
<trkpt lat="35.1749505221" lon="129.1995471524">
<ele>0</ele>
<time>2026-05-19T06:57:34.000Z</time><extensions>
<ns3:TrackPointExtension>
<ns3:hr>162</ns3:hr>
</ns3:TrackPointExtension>
</extensions>
</trkpt>
<trkpt lat="35.1749384302" lon="129.1995685315">
<ele>0</ele>
<time>2026-05-19T06:57:37.000Z</time><extensions>
<ns3:TrackPointExtension>
<ns3:hr>162</ns3:hr>
</ns3:TrackPointExtension>
</extensions>
</trkpt>
<trkpt lat="35.1749295851" lon="129.1995893866">
<ele>0</ele>
<time>2026-05-19T06:57:45.000Z</time><extensions>
<ns3:TrackPointExtension>
<ns3:hr>164</ns3:hr>
</ns3:TrackPointExtension>
</extensions>
</trkpt>
<trkpt lat="35.1749184825" lon="129.1996067177">
<ele>0</ele>
<time>2026-05-19T06:57:57.000Z</time><extensions>
<ns3:TrackPointExtension>
<ns3:hr>151</ns3:hr>
</ns3:TrackPointExtension>
</extensions>
</trkpt>
<trkpt lat="35.1749130024" lon="129.1996311326">
<ele>0</ele>
<time>2026-05-19T06:58:04.000Z</time><extensions>
<ns3:TrackPointExtension>
<ns3:hr>148</ns3:hr>
</ns3:TrackPointExtension>
</extensions>
</trkpt>
<trkpt lat="35.1749028391" lon="129.1996495543">
<ele>0</ele>
<time>2026-05-19T06:58:15.000Z</time><extensions>
<ns3:TrackPointExtension>
<ns3:hr>141</ns3:hr>
</ns3:TrackPointExtension>
</extensions>
</trkpt>
<trkpt lat="35.1749026606" lon="129.199672498">
<ele>0</ele>
<time>2026-05-19T06:58:24.000Z</time><extensions>
<ns3:TrackPointExtension>
<ns3:hr>137</ns3:hr>
</ns3:TrackPointExtension>
</extensions>
</trkpt>
<trkpt lat="35.1748935921" lon="129.1996927393">
<ele>0</ele>
<time>2026-05-19T06:58:32.000Z</time><extensions>
<ns3:TrackPointExtension>
<ns3:hr>135</ns3:hr>
</ns3:TrackPointExtension>
</extensions>
</trkpt>
<trkpt lat="35.174894374" lon="129.1996694386">
<ele>0</ele>
<time>2026-05-19T06:58:49.000Z</time><extensions>
<ns3:TrackPointExtension>
<ns3:hr>132</ns3:hr>
</ns3:TrackPointExtension>
</extensions>
</trkpt>
<trkpt lat="35.1749008988" lon="129.1996454379">
<ele>0</ele>
<time>2026-05-19T06:58:55.000Z</time><extensions>
<ns3:TrackPointExtension>
<ns3:hr>130</ns3:hr>
</ns3:TrackPointExtension>
</extensions>
</trkpt>
<trkpt lat="35.17490827" lon="129.1996250534">
<ele>0</ele>
<time>2026-05-19T06:58:59.000Z</time><extensions>
<ns3:TrackPointExtension>
<ns3:hr>131</ns3:hr>
</ns3:TrackPointExtension>
</extensions>
</trkpt>
<trkpt lat="35.1749144986" lon="129.1995963334">
<ele>0</ele>
<time>2026-05-19T06:59:04.000Z</time><extensions>
<ns3:TrackPointExtension>
<ns3:hr>136</ns3:hr>
</ns3:TrackPointExtension>
</extensions>
</trkpt>
<trkpt lat="35.1749177091" lon="129.1995741249">
<ele>0</ele>
<time>2026-05-19T06:59:06.000Z</time><extensions>
<ns3:TrackPointExtension>
<ns3:hr>136</ns3:hr>
</ns3:TrackPointExtension>
</extensions>
</trkpt>
<trkpt lat="35.17492523" lon="129.1995535464">
<ele>0</ele>
<time>2026-05-19T06:59:08.000Z</time><extensions>
<ns3:TrackPointExtension>
<ns3:hr>136</ns3:hr>
</ns3:TrackPointExtension>
</extensions>
</trkpt>
<trkpt lat="35.1749345263" lon="129.1995246438">
<ele>0</ele>
<time>2026-05-19T06:59:11.000Z</time><extensions>
<ns3:TrackPointExtension>
<ns3:hr>137</ns3:hr>
</ns3:TrackPointExtension>
</extensions>
</trkpt>
<trkpt lat="35.1749458486" lon="129.1995006453">
<ele>0</ele>
<time>2026-05-19T06:59:13.000Z</time><extensions>
<ns3:TrackPointExtension>
<ns3:hr>137</ns3:hr>
</ns3:TrackPointExtension>
</extensions>
</trkpt>
<trkpt lat="35.1749561407" lon="129.199480048">
<ele>0</ele>
<time>2026-05-19T06:59:15.000Z</time><extensions>
<ns3:TrackPointExtension>
<ns3:hr>137</ns3:hr>
</ns3:TrackPointExtension>
</extensions>
</trkpt>
<trkpt lat="35.1749634429" lon="129.1994592004">
<ele>0</ele>
<time>2026-05-19T06:59:18.000Z</time><extensions>
<ns3:TrackPointExtension>
<ns3:hr>137</ns3:hr>
</ns3:TrackPointExtension>
</extensions>
</trkpt>
<trkpt lat="35.174976108" lon="129.1994774003">
<ele>0</ele>
<time>2026-05-19T06:59:26.000Z</time><extensions>
<ns3:TrackPointExtension>
<ns3:hr>141</ns3:hr>
</ns3:TrackPointExtension>
</extensions>
</trkpt>
<trkpt lat="35.1749659332" lon="129.1994966046">
<ele>0</ele>
<time>2026-05-19T06:59:31.000Z</time><extensions>
<ns3:TrackPointExtension>
<ns3:hr>141</ns3:hr>
</ns3:TrackPointExtension>
</extensions>
</trkpt>
<trkpt lat="35.1749507154" lon="129.1995118544">
<ele>0</ele>
<time>2026-05-19T06:59:37.000Z</time><extensions>
<ns3:TrackPointExtension>
<ns3:hr>143</ns3:hr>
</ns3:TrackPointExtension>
</extensions>
</trkpt>
<trkpt lat="35.174948786" lon="129.1995344535">
<ele>0</ele>
<time>2026-05-19T06:59:47.000Z</time><extensions>
<ns3:TrackPointExtension>
<ns3:hr>134</ns3:hr>
</ns3:TrackPointExtension>
</extensions>
</trkpt>
<trkpt lat="35.174940208" lon="129.1995538975">
<ele>0</ele>
<time>2026-05-19T06:59:55.000Z</time><extensions>
<ns3:TrackPointExtension>
<ns3:hr>130</ns3:hr>
</ns3:TrackPointExtension>
</extensions>
</trkpt>
<trkpt lat="35.1749369196" lon="129.1995774512">
<ele>0</ele>
<time>2026-05-19T07:00:05.000Z</time><extensions>
<ns3:TrackPointExtension>
<ns3:hr>123</ns3:hr>
</ns3:TrackPointExtension>
</extensions>
</trkpt>
<trkpt lat="35.17493448" lon="129.1996033062">
<ele>0</ele>
<time>2026-05-19T07:00:11.000Z</time><extensions>
<ns3:TrackPointExtension>
<ns3:hr>121</ns3:hr>
</ns3:TrackPointExtension>
</extensions>
</trkpt>
<trkpt lat="35.1749231746" lon="129.1996216887">
<ele>0</ele>
<time>2026-05-19T07:00:18.000Z</time><extensions>
<ns3:TrackPointExtension>
<ns3:hr>116</ns3:hr>
</ns3:TrackPointExtension>
</extensions>
</trkpt>
<trkpt lat="35.1749171235" lon="129.1995994757">
<ele>0</ele>
<time>2026-05-19T07:00:29.000Z</time><extensions>
<ns3:TrackPointExtension>
<ns3:hr>119</ns3:hr>
</ns3:TrackPointExtension>
</extensions>
</trkpt>
<trkpt lat="35.1749151887" lon="129.1995761306">
<ele>0</ele>
<time>2026-05-19T07:00:35.000Z</time><extensions>
<ns3:TrackPointExtension>
<ns3:hr>118</ns3:hr>
</ns3:TrackPointExtension>
</extensions>
</trkpt>
<trkpt lat="35.1749139628" lon="129.1995531721">
<ele>0</ele>
<time>2026-05-19T07:00:40.000Z</time><extensions>
<ns3:TrackPointExtension>
<ns3:hr>117</ns3:hr>
</ns3:TrackPointExtension>
</extensions>
</trkpt>
<trkpt lat="35.1749124628" lon="129.1995278353">
<ele>0</ele>
<time>2026-05-19T07:00:48.000Z</time><extensions>
<ns3:TrackPointExtension>
<ns3:hr>116</ns3:hr>
</ns3:TrackPointExtension>
</extensions>
</trkpt>
<trkpt lat="35.1749165655" lon="129.1995063319">
<ele>0</ele>
<time>2026-05-19T07:00:57.000Z</time><extensions>
<ns3:TrackPointExtension>
<ns3:hr>115</ns3:hr>
</ns3:TrackPointExtension>
</extensions>
</trkpt>
<trkpt lat="35.1749231422" lon="129.1995274368">
<ele>0</ele>
<time>2026-05-19T07:01:13.000Z</time><extensions>
<ns3:TrackPointExtension>
<ns3:hr>113</ns3:hr>
</ns3:TrackPointExtension>
</extensions>
</trkpt>
<trkpt lat="35.1749160327" lon="129.1995482987">
<ele>0</ele>
<time>2026-05-19T07:01:22.000Z</time><extensions>
<ns3:TrackPointExtension>
<ns3:hr>114</ns3:hr>
</ns3:TrackPointExtension>
</extensions>
</trkpt>
<trkpt lat="35.1749092342" lon="129.1995687765">
<ele>0</ele>
<time>2026-05-19T07:01:30.000Z</time><extensions>
<ns3:TrackPointExtension>
<ns3:hr>114</ns3:hr>
</ns3:TrackPointExtension>
</extensions>
</trkpt>
<trkpt lat="35.1749036341" lon="129.1995914998">
<ele>0</ele>
<time>2026-05-19T07:01:35.000Z</time><extensions>
<ns3:TrackPointExtension>
<ns3:hr>114</ns3:hr>
</ns3:TrackPointExtension>
</extensions>
</trkpt>
<trkpt lat="35.1748959121" lon="129.1996141354">
<ele>0</ele>
<time>2026-05-19T07:01:40.000Z</time><extensions>
<ns3:TrackPointExtension>
<ns3:hr>113</ns3:hr>
</ns3:TrackPointExtension>
</extensions>
</trkpt>
<trkpt lat="35.1748916976" lon="129.1996392831">
<ele>0</ele>
<time>2026-05-19T07:01:47.000Z</time><extensions>
<ns3:TrackPointExtension>
<ns3:hr>112</ns3:hr>
</ns3:TrackPointExtension>
</extensions>
</trkpt>
<trkpt lat="35.174882372" lon="129.1996593808">
<ele>0</ele>
<time>2026-05-19T07:01:53.000Z</time><extensions>
<ns3:TrackPointExtension>
<ns3:hr>111</ns3:hr>
</ns3:TrackPointExtension>
</extensions>
</trkpt>
<trkpt lat="35.1748705966" lon="129.1996802551">
<ele>0</ele>
<time>2026-05-19T07:01:58.000Z</time><extensions>
<ns3:TrackPointExtension>
<ns3:hr>111</ns3:hr>
</ns3:TrackPointExtension>
</extensions>
</trkpt>
<trkpt lat="35.1748604659" lon="129.1997022267">
<ele>0</ele>
<time>2026-05-19T07:02:04.000Z</time><extensions>
<ns3:TrackPointExtension>
<ns3:hr>111</ns3:hr>
</ns3:TrackPointExtension>
</extensions>
</trkpt>
<trkpt lat="35.1748515495" lon="129.1997229116">
<ele>0</ele>
<time>2026-05-19T07:02:08.000Z</time><extensions>
<ns3:TrackPointExtension>
<ns3:hr>110</ns3:hr>
</ns3:TrackPointExtension>
</extensions>
</trkpt>
<trkpt lat="35.174841382" lon="129.199744213">
<ele>0</ele>
<time>2026-05-19T07:02:13.000Z</time><extensions>
<ns3:TrackPointExtension>
<ns3:hr>110</ns3:hr>
</ns3:TrackPointExtension>
</extensions>
</trkpt>
<trkpt lat="35.1748372353" lon="129.1997666163">
<ele>0</ele>
<time>2026-05-19T07:02:20.000Z</time><extensions>
<ns3:TrackPointExtension>
<ns3:hr>108</ns3:hr>
</ns3:TrackPointExtension>
</extensions>
</trkpt>
<trkpt lat="35.1748285501" lon="129.1997907398">
<ele>0</ele>
<time>2026-05-19T07:02:26.000Z</time><extensions>
<ns3:TrackPointExtension>
<ns3:hr>107</ns3:hr>
</ns3:TrackPointExtension>
</extensions>
</trkpt>
<trkpt lat="35.1748193883" lon="129.1998099683">
<ele>0</ele>
<time>2026-05-19T07:02:30.000Z</time><extensions>
<ns3:TrackPointExtension>
<ns3:hr>107</ns3:hr>
</ns3:TrackPointExtension>
</extensions>
</trkpt>
<trkpt lat="35.1748081515" lon="129.199830938">
<ele>0</ele>
<time>2026-05-19T07:02:35.000Z</time><extensions>
<ns3:TrackPointExtension>
<ns3:hr>108</ns3:hr>
</ns3:TrackPointExtension>
</extensions>
</trkpt>
<trkpt lat="35.1748073711" lon="129.1998544535">
<ele>0</ele>
<time>2026-05-19T07:02:51.000Z</time><extensions>
<ns3:TrackPointExtension>
<ns3:hr>111</ns3:hr>
</ns3:TrackPointExtension>
</extensions>
</trkpt>
<trkpt lat="35.174806182" lon="129.199877473">
<ele>0</ele>
<time>2026-05-19T07:03:04.000Z</time><extensions>
<ns3:TrackPointExtension>
<ns3:hr>110</ns3:hr>
</ns3:TrackPointExtension>
</extensions>
</trkpt>
<trkpt lat="35.1748017537" lon="129.1999017002">
<ele>0</ele>
<time>2026-05-19T07:03:15.000Z</time><extensions>
<ns3:TrackPointExtension>
<ns3:hr>107</ns3:hr>
</ns3:TrackPointExtension>
</extensions>
</trkpt>
<trkpt lat="35.1747933472" lon="129.1999292604">
<ele>0</ele>
<time>2026-05-19T07:03:19.000Z</time><extensions>
<ns3:TrackPointExtension>
<ns3:hr>107</ns3:hr>
</ns3:TrackPointExtension>
</extensions>
</trkpt>
<trkpt lat="35.1747891647" lon="129.1999532659">
<ele>0</ele>
<time>2026-05-19T07:03:22.000Z</time><extensions>
<ns3:TrackPointExtension>
<ns3:hr>106</ns3:hr>
</ns3:TrackPointExtension>
</extensions>
</trkpt>
<trkpt lat="35.1747820955" lon="129.1999828382">
<ele>0</ele>
<time>2026-05-19T07:03:25.000Z</time><extensions>
<ns3:TrackPointExtension>
<ns3:hr>106</ns3:hr>
</ns3:TrackPointExtension>
</extensions>
</trkpt>
<trkpt lat="35.1747744868" lon="129.2000046027">
<ele>0</ele>
<time>2026-05-19T07:03:27.000Z</time><extensions>
<ns3:TrackPointExtension>
<ns3:hr>109</ns3:hr>
</ns3:TrackPointExtension>
</extensions>
</trkpt>
<trkpt lat="35.1747604057" lon="129.2000312627">
<ele>0</ele>
<time>2026-05-19T07:03:30.000Z</time><extensions>
<ns3:TrackPointExtension>
<ns3:hr>109</ns3:hr>
</ns3:TrackPointExtension>
</extensions>
</trkpt>
<trkpt lat="35.1747502649" lon="129.2000497748">
<ele>0</ele>
<time>2026-05-19T07:03:32.000Z</time><extensions>
<ns3:TrackPointExtension>
<ns3:hr>111</ns3:hr>
</ns3:TrackPointExtension>
</extensions>
</trkpt>
<trkpt lat="35.1747340377" lon="129.200068608">
<ele>0</ele>
<time>2026-05-19T07:03:35.000Z</time><extensions>
<ns3:TrackPointExtension>
<ns3:hr>111</ns3:hr>
</ns3:TrackPointExtension>
</extensions>
</trkpt>
<trkpt lat="35.1747206793" lon="129.2000894071">
<ele>0</ele>
<time>2026-05-19T07:03:38.000Z</time><extensions>
<ns3:TrackPointExtension>
<ns3:hr>113</ns3:hr>
</ns3:TrackPointExtension>
</extensions>
</trkpt>
<trkpt lat="35.174708116" lon="129.2001058083">
<ele>0</ele>
<time>2026-05-19T07:03:41.000Z</time><extensions>
<ns3:TrackPointExtension>
<ns3:hr>130</ns3:hr>
</ns3:TrackPointExtension>
</extensions>
</trkpt>
<trkpt lat="35.1746964199" lon="129.2001232407">
<ele>0</ele>
<time>2026-05-19T07:03:44.000Z</time><extensions>
<ns3:TrackPointExtension>
<ns3:hr>130</ns3:hr>
</ns3:TrackPointExtension>
</extensions>
</trkpt>
<trkpt lat="35.1746827912" lon="129.2001444851">
<ele>0</ele>
<time>2026-05-19T07:03:47.000Z</time><extensions>
<ns3:TrackPointExtension>
<ns3:hr>128</ns3:hr>
</ns3:TrackPointExtension>
</extensions>
</trkpt>
<trkpt lat="35.1746702009" lon="129.2001718815">
<ele>0</ele>
<time>2026-05-19T07:03:50.000Z</time><extensions>
<ns3:TrackPointExtension>
<ns3:hr>128</ns3:hr>
</ns3:TrackPointExtension>
</extensions>
</trkpt>
<trkpt lat="35.1746579825" lon="129.2001961487">
<ele>0</ele>
<time>2026-05-19T07:03:53.000Z</time><extensions>
<ns3:TrackPointExtension>
<ns3:hr>127</ns3:hr>
</ns3:TrackPointExtension>
</extensions>
</trkpt>
<trkpt lat="35.1746431546" lon="129.200217027">
<ele>0</ele>
<time>2026-05-19T07:03:56.000Z</time><extensions>
<ns3:TrackPointExtension>
<ns3:hr>125</ns3:hr>
</ns3:TrackPointExtension>
</extensions>
</trkpt>
<trkpt lat="35.1746283321" lon="129.2002334556">
<ele>0</ele>
<time>2026-05-19T07:04:00.000Z</time><extensions>
<ns3:TrackPointExtension>
<ns3:hr>125</ns3:hr>
</ns3:TrackPointExtension>
</extensions>
</trkpt>
<trkpt lat="35.174615932" lon="129.2002533881">
<ele>0</ele>
<time>2026-05-19T07:04:04.000Z</time><extensions>
<ns3:TrackPointExtension>
<ns3:hr>125</ns3:hr>
</ns3:TrackPointExtension>
</extensions>
</trkpt>
<trkpt lat="35.1746011053" lon="129.200276043">
<ele>0</ele>
<time>2026-05-19T07:04:08.000Z</time><extensions>
<ns3:TrackPointExtension>
<ns3:hr>125</ns3:hr>
</ns3:TrackPointExtension>
</extensions>
</trkpt>
<trkpt lat="35.1745874063" lon="129.2002947482">
<ele>0</ele>
<time>2026-05-19T07:04:11.000Z</time><extensions>
<ns3:TrackPointExtension>
<ns3:hr>124</ns3:hr>
</ns3:TrackPointExtension>
</extensions>
</trkpt>
<trkpt lat="35.1745712597" lon="129.2003105921">
<ele>0</ele>
<time>2026-05-19T07:04:14.000Z</time><extensions>
<ns3:TrackPointExtension>
<ns3:hr>124</ns3:hr>
</ns3:TrackPointExtension>
</extensions>
</trkpt>
<trkpt lat="35.1745545944" lon="129.2003328004">
<ele>0</ele>
<time>2026-05-19T07:04:17.000Z</time><extensions>
<ns3:TrackPointExtension>
<ns3:hr>122</ns3:hr>
</ns3:TrackPointExtension>
</extensions>
</trkpt>
<trkpt lat="35.1745395109" lon="129.2003507841">
<ele>0</ele>
<time>2026-05-19T07:04:20.000Z</time><extensions>
<ns3:TrackPointExtension>
<ns3:hr>122</ns3:hr>
</ns3:TrackPointExtension>
</extensions>
</trkpt>
<trkpt lat="35.1745247106" lon="129.2003665881">
<ele>0</ele>
<time>2026-05-19T07:04:23.000Z</time><extensions>
<ns3:TrackPointExtension>
<ns3:hr>121</ns3:hr>
</ns3:TrackPointExtension>
</extensions>
</trkpt>
<trkpt lat="35.1745110878" lon="129.2003824994">
<ele>0</ele>
<time>2026-05-19T07:04:26.000Z</time><extensions>
<ns3:TrackPointExtension>
<ns3:hr>120</ns3:hr>
</ns3:TrackPointExtension>
</extensions>
</trkpt>
<trkpt lat="35.174498872" lon="129.2003987793">
<ele>0</ele>
<time>2026-05-19T07:04:29.000Z</time><extensions>
<ns3:TrackPointExtension>
<ns3:hr>120</ns3:hr>
</ns3:TrackPointExtension>
</extensions>
</trkpt>
<trkpt lat="35.1744829212" lon="129.2004256875">
<ele>0</ele>
<time>2026-05-19T07:04:32.000Z</time><extensions>
<ns3:TrackPointExtension>
<ns3:hr>119</ns3:hr>
</ns3:TrackPointExtension>
</extensions>
</trkpt>
<trkpt lat="35.1744688958" lon="129.2004478609">
<ele>0</ele>
<time>2026-05-19T07:04:34.000Z</time><extensions>
<ns3:TrackPointExtension>
<ns3:hr>119</ns3:hr>
</ns3:TrackPointExtension>
</extensions>
</trkpt>
<trkpt lat="35.1744552474" lon="129.2004654754">
<ele>0</ele>
<time>2026-05-19T07:04:36.000Z</time><extensions>
<ns3:TrackPointExtension>
<ns3:hr>119</ns3:hr>
</ns3:TrackPointExtension>
</extensions>
</trkpt>
<trkpt lat="35.1744391712" lon="129.2004880725">
<ele>0</ele>
<time>2026-05-19T07:04:39.000Z</time><extensions>
<ns3:TrackPointExtension>
<ns3:hr>119</ns3:hr>
</ns3:TrackPointExtension>
</extensions>
</trkpt>
<trkpt lat="35.1744175507" lon="129.2005014394">
<ele>0</ele>
<time>2026-05-19T07:04:42.000Z</time><extensions>
<ns3:TrackPointExtension>
<ns3:hr>117</ns3:hr>
</ns3:TrackPointExtension>
</extensions>
</trkpt>
<trkpt lat="35.1744075241" lon="129.2005196995">
<ele>0</ele>
<time>2026-05-19T07:04:45.000Z</time><extensions>
<ns3:TrackPointExtension>
<ns3:hr>117</ns3:hr>
</ns3:TrackPointExtension>
</extensions>
</trkpt>
<trkpt lat="35.1743944088" lon="129.2005317268">
<ele>0</ele>
<time>2026-05-19T07:04:47.000Z</time><extensions>
<ns3:TrackPointExtension>
<ns3:hr>117</ns3:hr>
</ns3:TrackPointExtension>
</extensions>
</trkpt>
<trkpt lat="35.1743754361" lon="129.2005463668">
<ele>0</ele>
<time>2026-05-19T07:04:50.000Z</time><extensions>
<ns3:TrackPointExtension>
<ns3:hr>117</ns3:hr>
</ns3:TrackPointExtension>
</extensions>
</trkpt>
<trkpt lat="35.1743586787" lon="129.2005603192">
<ele>0</ele>
<time>2026-05-19T07:04:53.000Z</time><extensions>
<ns3:TrackPointExtension>
<ns3:hr>116</ns3:hr>
</ns3:TrackPointExtension>
</extensions>
</trkpt>
<trkpt lat="35.174341516" lon="129.2005748654">
<ele>0</ele>
<time>2026-05-19T07:04:56.000Z</time><extensions>
<ns3:TrackPointExtension>
<ns3:hr>116</ns3:hr>
</ns3:TrackPointExtension>
</extensions>
</trkpt>
<trkpt lat="35.1743253268" lon="129.2005921687">
<ele>0</ele>
<time>2026-05-19T07:05:00.000Z</time><extensions>
<ns3:TrackPointExtension>
<ns3:hr>116</ns3:hr>
</ns3:TrackPointExtension>
</extensions>
</trkpt>
<trkpt lat="35.1743121309" lon="129.2006107665">
<ele>0</ele>
<time>2026-05-19T07:05:03.000Z</time><extensions>
<ns3:TrackPointExtension>
<ns3:hr>114</ns3:hr>
</ns3:TrackPointExtension>
</extensions>
</trkpt>
<trkpt lat="35.1742969675" lon="129.2006279238">
<ele>0</ele>
<time>2026-05-19T07:05:06.000Z</time><extensions>
<ns3:TrackPointExtension>
<ns3:hr>115</ns3:hr>
</ns3:TrackPointExtension>
</extensions>
</trkpt>
<trkpt lat="35.1742840084" lon="129.2006449026">
<ele>0</ele>
<time>2026-05-19T07:05:09.000Z</time><extensions>
<ns3:TrackPointExtension>
<ns3:hr>115</ns3:hr>
</ns3:TrackPointExtension>
</extensions>
</trkpt>
<trkpt lat="35.1742702013" lon="129.2006659872">
<ele>0</ele>
<time>2026-05-19T07:05:12.000Z</time><extensions>
<ns3:TrackPointExtension>
<ns3:hr>114</ns3:hr>
</ns3:TrackPointExtension>
</extensions>
</trkpt>
<trkpt lat="35.1742619415" lon="129.2006937666">
<ele>0</ele>
<time>2026-05-19T07:05:15.000Z</time><extensions>
<ns3:TrackPointExtension>
<ns3:hr>114</ns3:hr>
</ns3:TrackPointExtension>
</extensions>
</trkpt>
<trkpt lat="35.1742503589" lon="129.2007160256">
<ele>0</ele>
<time>2026-05-19T07:05:18.000Z</time><extensions>
<ns3:TrackPointExtension>
<ns3:hr>114</ns3:hr>
</ns3:TrackPointExtension>
</extensions>
</trkpt>
<trkpt lat="35.1742353906" lon="129.2007399896">
<ele>0</ele>
<time>2026-05-19T07:05:21.000Z</time><extensions>
<ns3:TrackPointExtension>
<ns3:hr>114</ns3:hr>
</ns3:TrackPointExtension>
</extensions>
</trkpt>
<trkpt lat="35.1742176607" lon="129.2007630952">
<ele>0</ele>
<time>2026-05-19T07:05:24.000Z</time><extensions>
<ns3:TrackPointExtension>
<ns3:hr>115</ns3:hr>
</ns3:TrackPointExtension>
</extensions>
</trkpt>
<trkpt lat="35.1742042237" lon="129.2007863911">
<ele>0</ele>
<time>2026-05-19T07:05:27.000Z</time><extensions>
<ns3:TrackPointExtension>
<ns3:hr>113</ns3:hr>
</ns3:TrackPointExtension>
</extensions>
</trkpt>
<trkpt lat="35.1741901812" lon="129.200813711">
<ele>0</ele>
<time>2026-05-19T07:05:30.000Z</time><extensions>
<ns3:TrackPointExtension>
<ns3:hr>113</ns3:hr>
</ns3:TrackPointExtension>
</extensions>
</trkpt>
<trkpt lat="35.1741779704" lon="129.2008404644">
<ele>0</ele>
<time>2026-05-19T07:05:33.000Z</time><extensions>
<ns3:TrackPointExtension>
<ns3:hr>113</ns3:hr>
</ns3:TrackPointExtension>
</extensions>
</trkpt>
<trkpt lat="35.1741720549" lon="129.2008614934">
<ele>0</ele>
<time>2026-05-19T07:05:35.000Z</time><extensions>
<ns3:TrackPointExtension>
<ns3:hr>113</ns3:hr>
</ns3:TrackPointExtension>
</extensions>
</trkpt>
<trkpt lat="35.1741607397" lon="129.2008818551">
<ele>0</ele>
<time>2026-05-19T07:05:37.000Z</time><extensions>
<ns3:TrackPointExtension>
<ns3:hr>114</ns3:hr>
</ns3:TrackPointExtension>
</extensions>
</trkpt>
<trkpt lat="35.1741461117" lon="129.2008979634">
<ele>0</ele>
<time>2026-05-19T07:05:40.000Z</time><extensions>
<ns3:TrackPointExtension>
<ns3:hr>114</ns3:hr>
</ns3:TrackPointExtension>
</extensions>
</trkpt>
<trkpt lat="35.174134416" lon="129.2009151293">
<ele>0</ele>
<time>2026-05-19T07:05:42.000Z</time><extensions>
<ns3:TrackPointExtension>
<ns3:hr>113</ns3:hr>
</ns3:TrackPointExtension>
</extensions>
</trkpt>
<trkpt lat="35.1741227893" lon="129.20093218">
<ele>0</ele>
<time>2026-05-19T07:05:44.000Z</time><extensions>
<ns3:TrackPointExtension>
<ns3:hr>113</ns3:hr>
</ns3:TrackPointExtension>
</extensions>
</trkpt>
<trkpt lat="35.1741057285" lon="129.200950725">
<ele>0</ele>
<time>2026-05-19T07:05:48.000Z</time><extensions>
<ns3:TrackPointExtension>
<ns3:hr>113</ns3:hr>
</ns3:TrackPointExtension>
</extensions>
</trkpt>
<trkpt lat="35.1740926757" lon="129.2009670618">
<ele>0</ele>
<time>2026-05-19T07:05:51.000Z</time><extensions>
<ns3:TrackPointExtension>
<ns3:hr>114</ns3:hr>
</ns3:TrackPointExtension>
</extensions>
</trkpt>
<trkpt lat="35.1740760147" lon="129.2009840146">
<ele>0</ele>
<time>2026-05-19T07:05:54.000Z</time><extensions>
<ns3:TrackPointExtension>
<ns3:hr>114</ns3:hr>
</ns3:TrackPointExtension>
</extensions>
</trkpt>
<trkpt lat="35.1740570498" lon="129.201002465">
<ele>0</ele>
<time>2026-05-19T07:05:57.000Z</time><extensions>
<ns3:TrackPointExtension>
<ns3:hr>116</ns3:hr>
</ns3:TrackPointExtension>
</extensions>
</trkpt>
<trkpt lat="35.1740402944" lon="129.2010208453">
<ele>0</ele>
<time>2026-05-19T07:06:00.000Z</time><extensions>
<ns3:TrackPointExtension>
<ns3:hr>116</ns3:hr>
</ns3:TrackPointExtension>
</extensions>
</trkpt>
<trkpt lat="35.1740238271" lon="129.2010418301">
<ele>0</ele>
<time>2026-05-19T07:06:04.000Z</time><extensions>
<ns3:TrackPointExtension>
<ns3:hr>116</ns3:hr>
</ns3:TrackPointExtension>
</extensions>
</trkpt>
<trkpt lat="35.174010327" lon="129.2010596556">
<ele>0</ele>
<time>2026-05-19T07:06:07.000Z</time><extensions>
<ns3:TrackPointExtension>
<ns3:hr>116</ns3:hr>
</ns3:TrackPointExtension>
</extensions>
</trkpt>
<trkpt lat="35.1739943672" lon="129.2010775293">
<ele>0</ele>
<time>2026-05-19T07:06:10.000Z</time><extensions>
<ns3:TrackPointExtension>
<ns3:hr>116</ns3:hr>
</ns3:TrackPointExtension>
</extensions>
</trkpt>
<trkpt lat="35.1739777247" lon="129.201094294">
<ele>0</ele>
<time>2026-05-19T07:06:13.000Z</time><extensions>
<ns3:TrackPointExtension>
<ns3:hr>115</ns3:hr>
</ns3:TrackPointExtension>
</extensions>
</trkpt>
<trkpt lat="35.1739587313" lon="129.2011118774">
<ele>0</ele>
<time>2026-05-19T07:06:16.000Z</time><extensions>
<ns3:TrackPointExtension>
<ns3:hr>114</ns3:hr>
</ns3:TrackPointExtension>
</extensions>
</trkpt>
<trkpt lat="35.1739440361" lon="129.2011278453">
<ele>0</ele>
<time>2026-05-19T07:06:19.000Z</time><extensions>
<ns3:TrackPointExtension>
<ns3:hr>114</ns3:hr>
</ns3:TrackPointExtension>
</extensions>
</trkpt>
<trkpt lat="35.1739317665" lon="129.2011458617">
<ele>0</ele>
<time>2026-05-19T07:06:21.000Z</time><extensions>
<ns3:TrackPointExtension>
<ns3:hr>114</ns3:hr>
</ns3:TrackPointExtension>
</extensions>
</trkpt>
<trkpt lat="35.1739172561" lon="129.2011741477">
<ele>0</ele>
<time>2026-05-19T07:06:24.000Z</time><extensions>
<ns3:TrackPointExtension>
<ns3:hr>114</ns3:hr>
</ns3:TrackPointExtension>
</extensions>
</trkpt>
<trkpt lat="35.1739041772" lon="129.201195781">
<ele>0</ele>
<time>2026-05-19T07:06:26.000Z</time><extensions>
<ns3:TrackPointExtension>
<ns3:hr>114</ns3:hr>
</ns3:TrackPointExtension>
</extensions>
</trkpt>
<trkpt lat="35.1738876831" lon="129.2012152576">
<ele>0</ele>
<time>2026-05-19T07:06:28.000Z</time><extensions>
<ns3:TrackPointExtension>
<ns3:hr>114</ns3:hr>
</ns3:TrackPointExtension>
</extensions>
</trkpt>
<trkpt lat="35.1738648553" lon="129.2012339694">
<ele>0</ele>
<time>2026-05-19T07:06:30.000Z</time><extensions>
<ns3:TrackPointExtension>
<ns3:hr>114</ns3:hr>
</ns3:TrackPointExtension>
</extensions>
</trkpt>
<trkpt lat="35.1738483047" lon="129.2012551961">
<ele>0</ele>
<time>2026-05-19T07:06:32.000Z</time><extensions>
<ns3:TrackPointExtension>
<ns3:hr>113</ns3:hr>
</ns3:TrackPointExtension>
</extensions>
</trkpt>
<trkpt lat="35.1738305105" lon="129.2012726774">
<ele>0</ele>
<time>2026-05-19T07:06:34.000Z</time><extensions>
<ns3:TrackPointExtension>
<ns3:hr>113</ns3:hr>
</ns3:TrackPointExtension>
</extensions>
</trkpt>
<trkpt lat="35.1738111959" lon="129.2012936113">
<ele>0</ele>
<time>2026-05-19T07:06:36.000Z</time><extensions>
<ns3:TrackPointExtension>
<ns3:hr>114</ns3:hr>
</ns3:TrackPointExtension>
</extensions>
</trkpt>
<trkpt lat="35.1737905894" lon="129.2013090446">
<ele>0</ele>
<time>2026-05-19T07:06:38.000Z</time><extensions>
<ns3:TrackPointExtension>
<ns3:hr>114</ns3:hr>
</ns3:TrackPointExtension>
</extensions>
</trkpt>
<trkpt lat="35.173775493" lon="129.2013214066">
<ele>0</ele>
<time>2026-05-19T07:06:40.000Z</time><extensions>
<ns3:TrackPointExtension>
<ns3:hr>114</ns3:hr>
</ns3:TrackPointExtension>
</extensions>
</trkpt>
<trkpt lat="35.1737562536" lon="129.2013367107">
<ele>0</ele>
<time>2026-05-19T07:06:43.000Z</time><extensions>
<ns3:TrackPointExtension>
<ns3:hr>114</ns3:hr>
</ns3:TrackPointExtension>
</extensions>
</trkpt>
<trkpt lat="35.1737394815" lon="129.2013582896">
<ele>0</ele>
<time>2026-05-19T07:06:46.000Z</time><extensions>
<ns3:TrackPointExtension>
<ns3:hr>114</ns3:hr>
</ns3:TrackPointExtension>
</extensions>
</trkpt>
<trkpt lat="35.1737226869" lon="129.2013781137">
<ele>0</ele>
<time>2026-05-19T07:06:49.000Z</time><extensions>
<ns3:TrackPointExtension>
<ns3:hr>114</ns3:hr>
</ns3:TrackPointExtension>
</extensions>
</trkpt>
<trkpt lat="35.173707573" lon="129.201403542">
<ele>0</ele>
<time>2026-05-19T07:06:52.000Z</time><extensions>
<ns3:TrackPointExtension>
<ns3:hr>123</ns3:hr>
</ns3:TrackPointExtension>
</extensions>
</trkpt>
<trkpt lat="35.1736965765" lon="129.2014254485">
<ele>0</ele>
<time>2026-05-19T07:06:56.000Z</time><extensions>
<ns3:TrackPointExtension>
<ns3:hr>129</ns3:hr>
</ns3:TrackPointExtension>
</extensions>
</trkpt>
<trkpt lat="35.1736852521" lon="129.2014512629">
<ele>0</ele>
<time>2026-05-19T07:06:58.000Z</time><extensions>
<ns3:TrackPointExtension>
<ns3:hr>129</ns3:hr>
</ns3:TrackPointExtension>
</extensions>
</trkpt>
<trkpt lat="35.1736758233" lon="129.2014809976">
<ele>0</ele>
<time>2026-05-19T07:07:01.000Z</time><extensions>
<ns3:TrackPointExtension>
<ns3:hr>130</ns3:hr>
</ns3:TrackPointExtension>
</extensions>
</trkpt>
<trkpt lat="35.1736719681" lon="129.2015113635">
<ele>0</ele>
<time>2026-05-19T07:07:04.000Z</time><extensions>
<ns3:TrackPointExtension>
<ns3:hr>130</ns3:hr>
</ns3:TrackPointExtension>
</extensions>
</trkpt>
<trkpt lat="35.1736693905" lon="129.2015381808">
<ele>0</ele>
<time>2026-05-19T07:07:06.000Z</time><extensions>
<ns3:TrackPointExtension>
<ns3:hr>130</ns3:hr>
</ns3:TrackPointExtension>
</extensions>
</trkpt>
<trkpt lat="35.1736675091" lon="129.20157364">
<ele>0</ele>
<time>2026-05-19T07:07:08.000Z</time><extensions>
<ns3:TrackPointExtension>
<ns3:hr>131</ns3:hr>
</ns3:TrackPointExtension>
</extensions>
</trkpt>
<trkpt lat="35.1736665661" lon="129.2016069283">
<ele>0</ele>
<time>2026-05-19T07:07:10.000Z</time><extensions>
<ns3:TrackPointExtension>
<ns3:hr>131</ns3:hr>
</ns3:TrackPointExtension>
</extensions>
</trkpt>
<trkpt lat="35.173659404" lon="129.2016341461">
<ele>0</ele>
<time>2026-05-19T07:07:12.000Z</time><extensions>
<ns3:TrackPointExtension>
<ns3:hr>131</ns3:hr>
</ns3:TrackPointExtension>
</extensions>
</trkpt>
<trkpt lat="35.1736504589" lon="129.2016582353">
<ele>0</ele>
<time>2026-05-19T07:07:14.000Z</time><extensions>
<ns3:TrackPointExtension>
<ns3:hr>131</ns3:hr>
</ns3:TrackPointExtension>
</extensions>
</trkpt>
<trkpt lat="35.1736426922" lon="129.2016840779">
<ele>0</ele>
<time>2026-05-19T07:07:16.000Z</time><extensions>
<ns3:TrackPointExtension>
<ns3:hr>131</ns3:hr>
</ns3:TrackPointExtension>
</extensions>
</trkpt>
<trkpt lat="35.1736363613" lon="129.2017049445">
<ele>0</ele>
<time>2026-05-19T07:07:18.000Z</time><extensions>
<ns3:TrackPointExtension>
<ns3:hr>131</ns3:hr>
</ns3:TrackPointExtension>
</extensions>
</trkpt>
<trkpt lat="35.1736301263" lon="129.2017319416">
<ele>0</ele>
<time>2026-05-19T07:07:20.000Z</time><extensions>
<ns3:TrackPointExtension>
<ns3:hr>131</ns3:hr>
</ns3:TrackPointExtension>
</extensions>
</trkpt>
<trkpt lat="35.1736258748" lon="129.2017629569">
<ele>0</ele>
<time>2026-05-19T07:07:22.000Z</time><extensions>
<ns3:TrackPointExtension>
<ns3:hr>131</ns3:hr>
</ns3:TrackPointExtension>
</extensions>
</trkpt>
<trkpt lat="35.1736227088" lon="129.2018046933">
<ele>0</ele>
<time>2026-05-19T07:07:24.000Z</time><extensions>
<ns3:TrackPointExtension>
<ns3:hr>131</ns3:hr>
</ns3:TrackPointExtension>
</extensions>
</trkpt>
<trkpt lat="35.1736159772" lon="129.2018342447">
<ele>0</ele>
<time>2026-05-19T07:07:26.000Z</time><extensions>
<ns3:TrackPointExtension>
<ns3:hr>131</ns3:hr>
</ns3:TrackPointExtension>
</extensions>
</trkpt>
<trkpt lat="35.1735984862" lon="129.2018553294">
<ele>0</ele>
<time>2026-05-19T07:07:29.000Z</time><extensions>
<ns3:TrackPointExtension>
<ns3:hr>131</ns3:hr>
</ns3:TrackPointExtension>
</extensions>
</trkpt>
<trkpt lat="35.1735834756" lon="129.2018792227">
<ele>0</ele>
<time>2026-05-19T07:07:32.000Z</time><extensions>
<ns3:TrackPointExtension>
<ns3:hr>131</ns3:hr>
</ns3:TrackPointExtension>
</extensions>
</trkpt>
<trkpt lat="35.1735739891" lon="129.201900403">
<ele>0</ele>
<time>2026-05-19T07:07:34.000Z</time><extensions>
<ns3:TrackPointExtension>
<ns3:hr>131</ns3:hr>
</ns3:TrackPointExtension>
</extensions>
</trkpt>
<trkpt lat="35.1735670127" lon="129.2019233439">
<ele>0</ele>
<time>2026-05-19T07:07:36.000Z</time><extensions>
<ns3:TrackPointExtension>
<ns3:hr>131</ns3:hr>
</ns3:TrackPointExtension>
</extensions>
</trkpt>
<trkpt lat="35.173559536" lon="129.2019467245">
<ele>0</ele>
<time>2026-05-19T07:07:39.000Z</time><extensions>
<ns3:TrackPointExtension>
<ns3:hr>145</ns3:hr>
</ns3:TrackPointExtension>
</extensions>
</trkpt>
<trkpt lat="35.1735439254" lon="129.2019727962">
<ele>0</ele>
<time>2026-05-19T07:07:42.000Z</time><extensions>
<ns3:TrackPointExtension>
<ns3:hr>145</ns3:hr>
</ns3:TrackPointExtension>
</extensions>
</trkpt>
<trkpt lat="35.1735323164" lon="129.2019955397">
<ele>0</ele>
<time>2026-05-19T07:07:44.000Z</time><extensions>
<ns3:TrackPointExtension>
<ns3:hr>145</ns3:hr>
</ns3:TrackPointExtension>
</extensions>
</trkpt>
<trkpt lat="35.1735285349" lon="129.2020191972">
<ele>0</ele>
<time>2026-05-19T07:07:46.000Z</time><extensions>
<ns3:TrackPointExtension>
<ns3:hr>147</ns3:hr>
</ns3:TrackPointExtension>
</extensions>
</trkpt>
<trkpt lat="35.1735192805" lon="129.2020450282">
<ele>0</ele>
<time>2026-05-19T07:07:49.000Z</time><extensions>
<ns3:TrackPointExtension>
<ns3:hr>147</ns3:hr>
</ns3:TrackPointExtension>
</extensions>
</trkpt>
<trkpt lat="35.1735069451" lon="129.2020692356">
<ele>0</ele>
<time>2026-05-19T07:07:52.000Z</time><extensions>
<ns3:TrackPointExtension>
<ns3:hr>147</ns3:hr>
</ns3:TrackPointExtension>
</extensions>
</trkpt>
<trkpt lat="35.1734983761" lon="129.2020899036">
<ele>0</ele>
<time>2026-05-19T07:07:54.000Z</time><extensions>
<ns3:TrackPointExtension>
<ns3:hr>147</ns3:hr>
</ns3:TrackPointExtension>
</extensions>
</trkpt>
<trkpt lat="35.173495212" lon="129.2020657589">
<ele>0</ele>
<time>2026-05-19T07:08:09.000Z</time><extensions>
<ns3:TrackPointExtension>
<ns3:hr>145</ns3:hr>
</ns3:TrackPointExtension>
</extensions>
</trkpt>
<trkpt lat="35.1734897648" lon="129.2020441811">
<ele>0</ele>
<time>2026-05-19T07:08:13.000Z</time><extensions>
<ns3:TrackPointExtension>
<ns3:hr>129</ns3:hr>
</ns3:TrackPointExtension>
</extensions>
</trkpt>
<trkpt lat="35.1734997013" lon="129.2020176303">
<ele>0</ele>
<time>2026-05-19T07:08:16.000Z</time><extensions>
<ns3:TrackPointExtension>
<ns3:hr>126</ns3:hr>
</ns3:TrackPointExtension>
</extensions>
</trkpt>
<trkpt lat="35.1735006547" lon="129.2019870895">
<ele>0</ele>
<time>2026-05-19T07:08:19.000Z</time><extensions>
<ns3:TrackPointExtension>
<ns3:hr>126</ns3:hr>
</ns3:TrackPointExtension>
</extensions>
</trkpt>
<trkpt lat="35.173499716" lon="129.2019626905">
<ele>0</ele>
<time>2026-05-19T07:08:21.000Z</time><extensions>
<ns3:TrackPointExtension>
<ns3:hr>125</ns3:hr>
</ns3:TrackPointExtension>
</extensions>
</trkpt>
<trkpt lat="35.1735017072" lon="129.2019338919">
<ele>0</ele>
<time>2026-05-19T07:08:24.000Z</time><extensions>
<ns3:TrackPointExtension>
<ns3:hr>125</ns3:hr>
</ns3:TrackPointExtension>
</extensions>
</trkpt>
<trkpt lat="35.1735041051" lon="129.2019023559">
<ele>0</ele>
<time>2026-05-19T07:08:27.000Z</time><extensions>
<ns3:TrackPointExtension>
<ns3:hr>124</ns3:hr>
</ns3:TrackPointExtension>
</extensions>
</trkpt>
<trkpt lat="35.1735043025" lon="129.20186918">
<ele>0</ele>
<time>2026-05-19T07:08:30.000Z</time><extensions>
<ns3:TrackPointExtension>
<ns3:hr>124</ns3:hr>
</ns3:TrackPointExtension>
</extensions>
</trkpt>
<trkpt lat="35.1734982008" lon="129.2018459671">
<ele>0</ele>
<time>2026-05-19T07:08:32.000Z</time><extensions>
<ns3:TrackPointExtension>
<ns3:hr>126</ns3:hr>
</ns3:TrackPointExtension>
</extensions>
</trkpt>
<trkpt lat="35.1734896649" lon="129.2018262583">
<ele>0</ele>
<time>2026-05-19T07:08:34.000Z</time><extensions>
<ns3:TrackPointExtension>
<ns3:hr>126</ns3:hr>
</ns3:TrackPointExtension>
</extensions>
</trkpt>
<trkpt lat="35.1734809614" lon="129.2017970927">
<ele>0</ele>
<time>2026-05-19T07:08:37.000Z</time><extensions>
<ns3:TrackPointExtension>
<ns3:hr>137</ns3:hr>
</ns3:TrackPointExtension>
</extensions>
</trkpt>
<trkpt lat="35.1734748142" lon="129.2017757188">
<ele>0</ele>
<time>2026-05-19T07:08:39.000Z</time><extensions>
<ns3:TrackPointExtension>
<ns3:hr>137</ns3:hr>
</ns3:TrackPointExtension>
</extensions>
</trkpt>
<trkpt lat="35.1734732598" lon="129.2017473421">
<ele>0</ele>
<time>2026-05-19T07:08:41.000Z</time><extensions>
<ns3:TrackPointExtension>
<ns3:hr>137</ns3:hr>
</ns3:TrackPointExtension>
</extensions>
</trkpt>
<trkpt lat="35.1734723489" lon="129.201720235">
<ele>0</ele>
<time>2026-05-19T07:08:43.000Z</time><extensions>
<ns3:TrackPointExtension>
<ns3:hr>137</ns3:hr>
</ns3:TrackPointExtension>
</extensions>
</trkpt>
<trkpt lat="35.1734672311" lon="129.2016917514">
<ele>0</ele>
<time>2026-05-19T07:08:46.000Z</time><extensions>
<ns3:TrackPointExtension>
<ns3:hr>137</ns3:hr>
</ns3:TrackPointExtension>
</extensions>
</trkpt>
<trkpt lat="35.1734509718" lon="129.2016681686">
<ele>0</ele>
<time>2026-05-19T07:08:49.000Z</time><extensions>
<ns3:TrackPointExtension>
<ns3:hr>133</ns3:hr>
</ns3:TrackPointExtension>
</extensions>
</trkpt>
<trkpt lat="35.1734431959" lon="129.2016468369">
<ele>0</ele>
<time>2026-05-19T07:08:51.000Z</time><extensions>
<ns3:TrackPointExtension>
<ns3:hr>133</ns3:hr>
</ns3:TrackPointExtension>
</extensions>
</trkpt>
<trkpt lat="35.1734341619" lon="129.2016194699">
<ele>0</ele>
<time>2026-05-19T07:08:54.000Z</time><extensions>
<ns3:TrackPointExtension>
<ns3:hr>129</ns3:hr>
</ns3:TrackPointExtension>
</extensions>
</trkpt>
<trkpt lat="35.1734264359" lon="129.2015981118">
<ele>0</ele>
<time>2026-05-19T07:08:56.000Z</time><extensions>
<ns3:TrackPointExtension>
<ns3:hr>129</ns3:hr>
</ns3:TrackPointExtension>
</extensions>
</trkpt>
<trkpt lat="35.1734262861" lon="129.2015721166">
<ele>0</ele>
<time>2026-05-19T07:08:58.000Z</time><extensions>
<ns3:TrackPointExtension>
<ns3:hr>128</ns3:hr>
</ns3:TrackPointExtension>
</extensions>
</trkpt>
<trkpt lat="35.173422593" lon="129.201546882">
<ele>0</ele>
<time>2026-05-19T07:09:00.000Z</time><extensions>
<ns3:TrackPointExtension>
<ns3:hr>128</ns3:hr>
</ns3:TrackPointExtension>
</extensions>
</trkpt>
<trkpt lat="35.1734202129" lon="129.2015199677">
<ele>0</ele>
<time>2026-05-19T07:09:02.000Z</time><extensions>
<ns3:TrackPointExtension>
<ns3:hr>128</ns3:hr>
</ns3:TrackPointExtension>
</extensions>
</trkpt>
<trkpt lat="35.1734204103" lon="129.2014890768">
<ele>0</ele>
<time>2026-05-19T07:09:04.000Z</time><extensions>
<ns3:TrackPointExtension>
<ns3:hr>128</ns3:hr>
</ns3:TrackPointExtension>
</extensions>
</trkpt>
<trkpt lat="35.1734254782" lon="129.2014523767">
<ele>0</ele>
<time>2026-05-19T07:09:06.000Z</time><extensions>
<ns3:TrackPointExtension>
<ns3:hr>128</ns3:hr>
</ns3:TrackPointExtension>
</extensions>
</trkpt>
<trkpt lat="35.1734273243" lon="129.2014178587">
<ele>0</ele>
<time>2026-05-19T07:09:08.000Z</time><extensions>
<ns3:TrackPointExtension>
<ns3:hr>129</ns3:hr>
</ns3:TrackPointExtension>
</extensions>
</trkpt>
<trkpt lat="35.173439031" lon="129.2013811786">
<ele>0</ele>
<time>2026-05-19T07:09:10.000Z</time><extensions>
<ns3:TrackPointExtension>
<ns3:hr>129</ns3:hr>
</ns3:TrackPointExtension>
</extensions>
</trkpt>
<trkpt lat="35.1734580403" lon="129.2013481698">
<ele>0</ele>
<time>2026-05-19T07:09:12.000Z</time><extensions>
<ns3:TrackPointExtension>
<ns3:hr>131</ns3:hr>
</ns3:TrackPointExtension>
</extensions>
</trkpt>
<trkpt lat="35.173466889" lon="129.2013236663">
<ele>0</ele>
<time>2026-05-19T07:09:13.000Z</time><extensions>
<ns3:TrackPointExtension>
<ns3:hr>131</ns3:hr>
</ns3:TrackPointExtension>
</extensions>
</trkpt>
<trkpt lat="35.1734811999" lon="129.2012985233">
<ele>0</ele>
<time>2026-05-19T07:09:14.000Z</time><extensions>
<ns3:TrackPointExtension>
<ns3:hr>131</ns3:hr>
</ns3:TrackPointExtension>
</extensions>
</trkpt>
<trkpt lat="35.1734977564" lon="129.2012587321">
<ele>0</ele>
<time>2026-05-19T07:09:15.000Z</time><extensions>
<ns3:TrackPointExtension>
<ns3:hr>131</ns3:hr>
</ns3:TrackPointExtension>
</extensions>
</trkpt>
<trkpt lat="35.1735240161" lon="129.2012257629">
<ele>0</ele>
<time>2026-05-19T07:09:16.000Z</time><extensions>
<ns3:TrackPointExtension>
<ns3:hr>131</ns3:hr>
</ns3:TrackPointExtension>
</extensions>
</trkpt>
<trkpt lat="35.1735559765" lon="129.2011915433">
<ele>0</ele>
<time>2026-05-19T07:09:17.000Z</time><extensions>
<ns3:TrackPointExtension>
<ns3:hr>133</ns3:hr>
</ns3:TrackPointExtension>
</extensions>
</trkpt>
<trkpt lat="35.1736205882" lon="129.2011319816">
<ele>0</ele>
<time>2026-05-19T07:09:18.000Z</time><extensions>
<ns3:TrackPointExtension>
<ns3:hr>133</ns3:hr>
</ns3:TrackPointExtension>
</extensions>
</trkpt>
<trkpt lat="35.1736691465" lon="129.2010721608">
<ele>0</ele>
<time>2026-05-19T07:09:19.000Z</time><extensions>
<ns3:TrackPointExtension>
<ns3:hr>133</ns3:hr>
</ns3:TrackPointExtension>
</extensions>
</trkpt>
<trkpt lat="35.1737243204" lon="129.2009999177">
<ele>0</ele>
<time>2026-05-19T07:09:20.000Z</time><extensions>
<ns3:TrackPointExtension>
<ns3:hr>133</ns3:hr>
</ns3:TrackPointExtension>
</extensions>
</trkpt>
<trkpt lat="35.173792216" lon="129.2008920462">
<ele>0</ele>
<time>2026-05-19T07:09:21.000Z</time><extensions>
<ns3:TrackPointExtension>
<ns3:hr>133</ns3:hr>
</ns3:TrackPointExtension>
</extensions>
</trkpt>
<trkpt lat="35.1738448049" lon="129.2008025733">
<ele>0</ele>
<time>2026-05-19T07:09:22.000Z</time><extensions>
<ns3:TrackPointExtension>
<ns3:hr>137</ns3:hr>
</ns3:TrackPointExtension>
</extensions>
</trkpt>
<trkpt lat="35.1738895845" lon="129.2007114146">
<ele>0</ele>
<time>2026-05-19T07:09:23.000Z</time><extensions>
<ns3:TrackPointExtension>
<ns3:hr>137</ns3:hr>
</ns3:TrackPointExtension>
</extensions>
</trkpt>
<trkpt lat="35.1739267482" lon="129.200599251">
<ele>0</ele>
<time>2026-05-19T07:09:24.000Z</time><extensions>
<ns3:TrackPointExtension>
<ns3:hr>137</ns3:hr>
</ns3:TrackPointExtension>
</extensions>
</trkpt>
<trkpt lat="35.1739589205" lon="129.2004921006">
<ele>0</ele>
<time>2026-05-19T07:09:25.000Z</time><extensions>
<ns3:TrackPointExtension>
<ns3:hr>137</ns3:hr>
</ns3:TrackPointExtension>
</extensions>
</trkpt>
<trkpt lat="35.1739856017" lon="129.2003926614">
<ele>0</ele>
<time>2026-05-19T07:09:26.000Z</time><extensions>
<ns3:TrackPointExtension>
<ns3:hr>137</ns3:hr>
</ns3:TrackPointExtension>
</extensions>
</trkpt>
<trkpt lat="35.1740154142" lon="129.2002886782">
<ele>0</ele>
<time>2026-05-19T07:09:27.000Z</time><extensions>
<ns3:TrackPointExtension>
<ns3:hr>144</ns3:hr>
</ns3:TrackPointExtension>
</extensions>
</trkpt>
<trkpt lat="35.174047862" lon="129.2001888549">
<ele>0</ele>
<time>2026-05-19T07:09:28.000Z</time><extensions>
<ns3:TrackPointExtension>
<ns3:hr>144</ns3:hr>
</ns3:TrackPointExtension>
</extensions>
</trkpt>
<trkpt lat="35.1740832544" lon="129.2000882632">
<ele>0</ele>
<time>2026-05-19T07:09:29.000Z</time><extensions>
<ns3:TrackPointExtension>
<ns3:hr>144</ns3:hr>
</ns3:TrackPointExtension>
</extensions>
</trkpt>
<trkpt lat="35.1741171483" lon="129.1999829597">
<ele>0</ele>
<time>2026-05-19T07:09:30.000Z</time><extensions>
<ns3:TrackPointExtension>
<ns3:hr>144</ns3:hr>
</ns3:TrackPointExtension>
</extensions>
</trkpt>
<trkpt lat="35.1741549711" lon="129.1998809901">
<ele>0</ele>
<time>2026-05-19T07:09:31.000Z</time><extensions>
<ns3:TrackPointExtension>
<ns3:hr>144</ns3:hr>
</ns3:TrackPointExtension>
</extensions>
</trkpt>
<trkpt lat="35.1741892765" lon="129.199778556">
<ele>0</ele>
<time>2026-05-19T07:09:32.000Z</time><extensions>
<ns3:TrackPointExtension>
<ns3:hr>149</ns3:hr>
</ns3:TrackPointExtension>
</extensions>
</trkpt>
<trkpt lat="35.1742323754" lon="129.1996792411">
<ele>0</ele>
<time>2026-05-19T07:09:33.000Z</time><extensions>
<ns3:TrackPointExtension>
<ns3:hr>149</ns3:hr>
</ns3:TrackPointExtension>
</extensions>
</trkpt>
<trkpt lat="35.1742828395" lon="129.1995960595">
<ele>0</ele>
<time>2026-05-19T07:09:34.000Z</time><extensions>
<ns3:TrackPointExtension>
<ns3:hr>149</ns3:hr>
</ns3:TrackPointExtension>
</extensions>
</trkpt>
<trkpt lat="35.1743576068" lon="129.1995707337">
<ele>0</ele>
<time>2026-05-19T07:09:35.000Z</time><extensions>
<ns3:TrackPointExtension>
<ns3:hr>149</ns3:hr>
</ns3:TrackPointExtension>
</extensions>
</trkpt>
<trkpt lat="35.1744289249" lon="129.1995615241">
<ele>0</ele>
<time>2026-05-19T07:09:36.000Z</time><extensions>
<ns3:TrackPointExtension>
<ns3:hr>149</ns3:hr>
</ns3:TrackPointExtension>
</extensions>
</trkpt>
<trkpt lat="35.1744970284" lon="129.1996032741">
<ele>0</ele>
<time>2026-05-19T07:09:37.000Z</time><extensions>
<ns3:TrackPointExtension>
<ns3:hr>149</ns3:hr>
</ns3:TrackPointExtension>
</extensions>
</trkpt>
<trkpt lat="35.1745217664" lon="129.1996895929">
<ele>0</ele>
<time>2026-05-19T07:09:38.000Z</time><extensions>
<ns3:TrackPointExtension>
<ns3:hr>149</ns3:hr>
</ns3:TrackPointExtension>
</extensions>
</trkpt>
<trkpt lat="35.1745304992" lon="129.199766436">
<ele>0</ele>
<time>2026-05-19T07:09:39.000Z</time><extensions>
<ns3:TrackPointExtension>
<ns3:hr>149</ns3:hr>
</ns3:TrackPointExtension>
</extensions>
</trkpt>
<trkpt lat="35.174535978" lon="129.1998520111">
<ele>0</ele>
<time>2026-05-19T07:09:40.000Z</time><extensions>
<ns3:TrackPointExtension>
<ns3:hr>149</ns3:hr>
</ns3:TrackPointExtension>
</extensions>
</trkpt>
<trkpt lat="35.1745289913" lon="129.1999282834">
<ele>0</ele>
<time>2026-05-19T07:09:41.000Z</time><extensions>
<ns3:TrackPointExtension>
<ns3:hr>149</ns3:hr>
</ns3:TrackPointExtension>
</extensions>
</trkpt>
<trkpt lat="35.1745227495" lon="129.2000089106">
<ele>0</ele>
<time>2026-05-19T07:09:42.000Z</time><extensions>
<ns3:TrackPointExtension>
<ns3:hr>149</ns3:hr>
</ns3:TrackPointExtension>
</extensions>
</trkpt>
<trkpt lat="35.1745162539" lon="129.2000849116">
<ele>0</ele>
<time>2026-05-19T07:09:43.000Z</time><extensions>
<ns3:TrackPointExtension>
<ns3:hr>149</ns3:hr>
</ns3:TrackPointExtension>
</extensions>
</trkpt>
<trkpt lat="35.1745103376" lon="129.2001601943">
<ele>0</ele>
<time>2026-05-19T07:09:44.000Z</time><extensions>
<ns3:TrackPointExtension>
<ns3:hr>149</ns3:hr>
</ns3:TrackPointExtension>
</extensions>
</trkpt>
<trkpt lat="35.1745008898" lon="129.2002367126">
<ele>0</ele>
<time>2026-05-19T07:09:45.000Z</time><extensions>
<ns3:TrackPointExtension>
<ns3:hr>149</ns3:hr>
</ns3:TrackPointExtension>
</extensions>
</trkpt>
<trkpt lat="35.1744903871" lon="129.2003134314">
<ele>0</ele>
<time>2026-05-19T07:09:46.000Z</time><extensions>
<ns3:TrackPointExtension>
<ns3:hr>149</ns3:hr>
</ns3:TrackPointExtension>
</extensions>
</trkpt>
<trkpt lat="35.1744723481" lon="129.200393105">
<ele>0</ele>
<time>2026-05-19T07:09:47.000Z</time><extensions>
<ns3:TrackPointExtension>
<ns3:hr>150</ns3:hr>
</ns3:TrackPointExtension>
</extensions>
</trkpt>
<trkpt lat="35.1744515968" lon="129.2004732128">
<ele>0</ele>
<time>2026-05-19T07:09:48.000Z</time><extensions>
<ns3:TrackPointExtension>
<ns3:hr>150</ns3:hr>
</ns3:TrackPointExtension>
</extensions>
</trkpt>
<trkpt lat="35.1744276364" lon="129.2005566377">
<ele>0</ele>
<time>2026-05-19T07:09:49.000Z</time><extensions>
<ns3:TrackPointExtension>
<ns3:hr>150</ns3:hr>
</ns3:TrackPointExtension>
</extensions>
</trkpt>
<trkpt lat="35.1744003765" lon="129.2006401522">
<ele>0</ele>
<time>2026-05-19T07:09:50.000Z</time><extensions>
<ns3:TrackPointExtension>
<ns3:hr>150</ns3:hr>
</ns3:TrackPointExtension>
</extensions>
</trkpt>
<trkpt lat="35.1743724226" lon="129.2007265472">
<ele>0</ele>
<time>2026-05-19T07:09:51.000Z</time><extensions>
<ns3:TrackPointExtension>
<ns3:hr>152</ns3:hr>
</ns3:TrackPointExtension>
</extensions>
</trkpt>
<trkpt lat="35.1743356925" lon="129.2008068021">
<ele>0</ele>
<time>2026-05-19T07:09:52.000Z</time><extensions>
<ns3:TrackPointExtension>
<ns3:hr>152</ns3:hr>
</ns3:TrackPointExtension>
</extensions>
</trkpt>
<trkpt lat="35.1742989899" lon="129.2008870096">
<ele>0</ele>
<time>2026-05-19T07:09:53.000Z</time><extensions>
<ns3:TrackPointExtension>
<ns3:hr>152</ns3:hr>
</ns3:TrackPointExtension>
</extensions>
</trkpt>
<trkpt lat="35.1742577308" lon="129.2009666077">
<ele>0</ele>
<time>2026-05-19T07:09:54.000Z</time><extensions>
<ns3:TrackPointExtension>
<ns3:hr>152</ns3:hr>
</ns3:TrackPointExtension>
</extensions>
</trkpt>
<trkpt lat="35.1742122239" lon="129.20104241">
<ele>0</ele>
<time>2026-05-19T07:09:55.000Z</time><extensions>
<ns3:TrackPointExtension>
<ns3:hr>152</ns3:hr>
</ns3:TrackPointExtension>
</extensions>
</trkpt>
<trkpt lat="35.1741638465" lon="129.2011141893">
<ele>0</ele>
<time>2026-05-19T07:09:56.000Z</time><extensions>
<ns3:TrackPointExtension>
<ns3:hr>153</ns3:hr>
</ns3:TrackPointExtension>
</extensions>
</trkpt>
<trkpt lat="35.1741129695" lon="129.201180677">
<ele>0</ele>
<time>2026-05-19T07:09:57.000Z</time><extensions>
<ns3:TrackPointExtension>
<ns3:hr>153</ns3:hr>
</ns3:TrackPointExtension>
</extensions>
</trkpt>
<trkpt lat="35.1740630719" lon="129.2012540917">
<ele>0</ele>
<time>2026-05-19T07:09:58.000Z</time><extensions>
<ns3:TrackPointExtension>
<ns3:hr>153</ns3:hr>
</ns3:TrackPointExtension>
</extensions>
</trkpt>
<trkpt lat="35.1740147524" lon="129.2013300696">
<ele>0</ele>
<time>2026-05-19T07:09:59.000Z</time><extensions>
<ns3:TrackPointExtension>
<ns3:hr>153</ns3:hr>
</ns3:TrackPointExtension>
</extensions>
</trkpt>
<trkpt lat="35.173965277" lon="129.2014077466">
<ele>0</ele>
<time>2026-05-19T07:10:00.000Z</time><extensions>
<ns3:TrackPointExtension>
<ns3:hr>153</ns3:hr>
</ns3:TrackPointExtension>
</extensions>
</trkpt>
<trkpt lat="35.173913806" lon="129.2014837284">
<ele>0</ele>
<time>2026-05-19T07:10:01.000Z</time><extensions>
<ns3:TrackPointExtension>
<ns3:hr>153</ns3:hr>
</ns3:TrackPointExtension>
</extensions>
</trkpt>
<trkpt lat="35.1738626436" lon="129.2015596262">
<ele>0</ele>
<time>2026-05-19T07:10:02.000Z</time><extensions>
<ns3:TrackPointExtension>
<ns3:hr>153</ns3:hr>
</ns3:TrackPointExtension>
</extensions>
</trkpt>
<trkpt lat="35.1738149428" lon="129.2016367748">
<ele>0</ele>
<time>2026-05-19T07:10:03.000Z</time><extensions>
<ns3:TrackPointExtension>
<ns3:hr>153</ns3:hr>
</ns3:TrackPointExtension>
</extensions>
</trkpt>
<trkpt lat="35.1737699856" lon="129.2017167835">
<ele>0</ele>
<time>2026-05-19T07:10:04.000Z</time><extensions>
<ns3:TrackPointExtension>
<ns3:hr>153</ns3:hr>
</ns3:TrackPointExtension>
</extensions>
</trkpt>
<trkpt lat="35.1737245805" lon="129.2017972456">
<ele>0</ele>
<time>2026-05-19T07:10:05.000Z</time><extensions>
<ns3:TrackPointExtension>
<ns3:hr>153</ns3:hr>
</ns3:TrackPointExtension>
</extensions>
</trkpt>
<trkpt lat="35.173675594" lon="129.2018760863">
<ele>0</ele>
<time>2026-05-19T07:10:06.000Z</time><extensions>
<ns3:TrackPointExtension>
<ns3:hr>153</ns3:hr>
</ns3:TrackPointExtension>
</extensions>
</trkpt>
<trkpt lat="35.1736273151" lon="129.201954148">
<ele>0</ele>
<time>2026-05-19T07:10:07.000Z</time><extensions>
<ns3:TrackPointExtension>
<ns3:hr>162</ns3:hr>
</ns3:TrackPointExtension>
</extensions>
</trkpt>
<trkpt lat="35.1735943558" lon="129.2020453159">
<ele>0</ele>
<time>2026-05-19T07:10:08.000Z</time><extensions>
<ns3:TrackPointExtension>
<ns3:hr>162</ns3:hr>
</ns3:TrackPointExtension>
</extensions>
</trkpt>
<trkpt lat="35.1735790902" lon="129.2021497815">
<ele>0</ele>
<time>2026-05-19T07:10:09.000Z</time><extensions>
<ns3:TrackPointExtension>
<ns3:hr>162</ns3:hr>
</ns3:TrackPointExtension>
</extensions>
</trkpt>
<trkpt lat="35.1735732568" lon="129.2022497399">
<ele>0</ele>
<time>2026-05-19T07:10:10.000Z</time><extensions>
<ns3:TrackPointExtension>
<ns3:hr>162</ns3:hr>
</ns3:TrackPointExtension>
</extensions>
</trkpt>
<trkpt lat="35.1736012821" lon="129.2023392263">
<ele>0</ele>
<time>2026-05-19T07:10:11.000Z</time><extensions>
<ns3:TrackPointExtension>
<ns3:hr>162</ns3:hr>
</ns3:TrackPointExtension>
</extensions>
</trkpt>
<trkpt lat="35.1736619247" lon="129.2024000105">
<ele>0</ele>
<time>2026-05-19T07:10:12.000Z</time><extensions>
<ns3:TrackPointExtension>
<ns3:hr>160</ns3:hr>
</ns3:TrackPointExtension>
</extensions>
</trkpt>
<trkpt lat="35.1737354186" lon="129.202395137">
<ele>0</ele>
<time>2026-05-19T07:10:13.000Z</time><extensions>
<ns3:TrackPointExtension>
<ns3:hr>160</ns3:hr>
</ns3:TrackPointExtension>
</extensions>
</trkpt>
<trkpt lat="35.1737978381" lon="129.202330346">
<ele>0</ele>
<time>2026-05-19T07:10:14.000Z</time><extensions>
<ns3:TrackPointExtension>
<ns3:hr>160</ns3:hr>
</ns3:TrackPointExtension>
</extensions>
</trkpt>
<trkpt lat="35.1738204168" lon="129.2022351305">
<ele>0</ele>
<time>2026-05-19T07:10:15.000Z</time><extensions>
<ns3:TrackPointExtension>
<ns3:hr>160</ns3:hr>
</ns3:TrackPointExtension>
</extensions>
</trkpt>
<trkpt lat="35.1738285941" lon="129.2021408769">
<ele>0</ele>
<time>2026-05-19T07:10:16.000Z</time><extensions>
<ns3:TrackPointExtension>
<ns3:hr>160</ns3:hr>
</ns3:TrackPointExtension>
</extensions>
</trkpt>
<trkpt lat="35.1738380967" lon="129.202047171">
<ele>0</ele>
<time>2026-05-19T07:10:17.000Z</time><extensions>
<ns3:TrackPointExtension>
<ns3:hr>160</ns3:hr>
</ns3:TrackPointExtension>
</extensions>
</trkpt>
<trkpt lat="35.1738501328" lon="129.201947414">
<ele>0</ele>
<time>2026-05-19T07:10:18.000Z</time><extensions>
<ns3:TrackPointExtension>
<ns3:hr>160</ns3:hr>
</ns3:TrackPointExtension>
</extensions>
</trkpt>
<trkpt lat="35.1738612218" lon="129.2018488414">
<ele>0</ele>
<time>2026-05-19T07:10:19.000Z</time><extensions>
<ns3:TrackPointExtension>
<ns3:hr>160</ns3:hr>
</ns3:TrackPointExtension>
</extensions>
</trkpt>
<trkpt lat="35.1738754728" lon="129.2017555042">
<ele>0</ele>
<time>2026-05-19T07:10:20.000Z</time><extensions>
<ns3:TrackPointExtension>
<ns3:hr>160</ns3:hr>
</ns3:TrackPointExtension>
</extensions>
</trkpt>
<trkpt lat="35.1738903375" lon="129.2016607129">
<ele>0</ele>
<time>2026-05-19T07:10:21.000Z</time><extensions>
<ns3:TrackPointExtension>
<ns3:hr>159</ns3:hr>
</ns3:TrackPointExtension>
</extensions>
</trkpt>
<trkpt lat="35.1739002128" lon="129.2015698078">
<ele>0</ele>
<time>2026-05-19T07:10:22.000Z</time><extensions>
<ns3:TrackPointExtension>
<ns3:hr>159</ns3:hr>
</ns3:TrackPointExtension>
</extensions>
</trkpt>
<trkpt lat="35.1739077031" lon="129.201474147">
<ele>0</ele>
<time>2026-05-19T07:10:23.000Z</time><extensions>
<ns3:TrackPointExtension>
<ns3:hr>159</ns3:hr>
</ns3:TrackPointExtension>
</extensions>
</trkpt>
<trkpt lat="35.1739143296" lon="129.2013770743">
<ele>0</ele>
<time>2026-05-19T07:10:24.000Z</time><extensions>
<ns3:TrackPointExtension>
<ns3:hr>159</ns3:hr>
</ns3:TrackPointExtension>
</extensions>
</trkpt>
<trkpt lat="35.1739196102" lon="129.2012810168">
<ele>0</ele>
<time>2026-05-19T07:10:25.000Z</time><extensions>
<ns3:TrackPointExtension>
<ns3:hr>159</ns3:hr>
</ns3:TrackPointExtension>
</extensions>
</trkpt>
<trkpt lat="35.1739192868" lon="129.201182689">
<ele>0</ele>
<time>2026-05-19T07:10:26.000Z</time><extensions>
<ns3:TrackPointExtension>
<ns3:hr>158</ns3:hr>
</ns3:TrackPointExtension>
</extensions>
</trkpt>
<trkpt lat="35.1739155309" lon="129.2010853143">
<ele>0</ele>
<time>2026-05-19T07:10:27.000Z</time><extensions>
<ns3:TrackPointExtension>
<ns3:hr>158</ns3:hr>
</ns3:TrackPointExtension>
</extensions>
</trkpt>
<trkpt lat="35.1739126974" lon="129.2009881975">
<ele>0</ele>
<time>2026-05-19T07:10:28.000Z</time><extensions>
<ns3:TrackPointExtension>
<ns3:hr>158</ns3:hr>
</ns3:TrackPointExtension>
</extensions>
</trkpt>
<trkpt lat="35.1739138199" lon="129.2008898603">
<ele>0</ele>
<time>2026-05-19T07:10:29.000Z</time><extensions>
<ns3:TrackPointExtension>
<ns3:hr>158</ns3:hr>
</ns3:TrackPointExtension>
</extensions>
</trkpt>
<trkpt lat="35.1739231251" lon="129.2007922784">
<ele>0</ele>
<time>2026-05-19T07:10:30.000Z</time><extensions>
<ns3:TrackPointExtension>
<ns3:hr>158</ns3:hr>
</ns3:TrackPointExtension>
</extensions>
</trkpt>
<trkpt lat="35.173937101" lon="129.2006957118">
<ele>0</ele>
<time>2026-05-19T07:10:31.000Z</time><extensions>
<ns3:TrackPointExtension>
<ns3:hr>158</ns3:hr>
</ns3:TrackPointExtension>
</extensions>
</trkpt>
<trkpt lat="35.173950521" lon="129.2006010586">
<ele>0</ele>
<time>2026-05-19T07:10:32.000Z</time><extensions>
<ns3:TrackPointExtension>
<ns3:hr>158</ns3:hr>
</ns3:TrackPointExtension>
</extensions>
</trkpt>
<trkpt lat="35.1739586296" lon="129.2005019443">
<ele>0</ele>
<time>2026-05-19T07:10:33.000Z</time><extensions>
<ns3:TrackPointExtension>
<ns3:hr>158</ns3:hr>
</ns3:TrackPointExtension>
</extensions>
</trkpt>
<trkpt lat="35.1739689344" lon="129.2004029915">
<ele>0</ele>
<time>2026-05-19T07:10:34.000Z</time><extensions>
<ns3:TrackPointExtension>
<ns3:hr>158</ns3:hr>
</ns3:TrackPointExtension>
</extensions>
</trkpt>
<trkpt lat="35.1739825559" lon="129.2003004559">
<ele>0</ele>
<time>2026-05-19T07:10:35.000Z</time><extensions>
<ns3:TrackPointExtension>
<ns3:hr>158</ns3:hr>
</ns3:TrackPointExtension>
</extensions>
</trkpt>
<trkpt lat="35.1739984082" lon="129.2001962093">
<ele>0</ele>
<time>2026-05-19T07:10:36.000Z</time><extensions>
<ns3:TrackPointExtension>
<ns3:hr>157</ns3:hr>
</ns3:TrackPointExtension>
</extensions>
</trkpt>
<trkpt lat="35.1740278581" lon="129.2000958991">
<ele>0</ele>
<time>2026-05-19T07:10:37.000Z</time><extensions>
<ns3:TrackPointExtension>
<ns3:hr>157</ns3:hr>
</ns3:TrackPointExtension>
</extensions>
</trkpt>
<trkpt lat="35.1740582825" lon="129.1999933669">
<ele>0</ele>
<time>2026-05-19T07:10:38.000Z</time><extensions>
<ns3:TrackPointExtension>
<ns3:hr>157</ns3:hr>
</ns3:TrackPointExtension>
</extensions>
</trkpt>
<trkpt lat="35.1741002472" lon="129.1998899848">
<ele>0</ele>
<time>2026-05-19T07:10:39.000Z</time><extensions>
<ns3:TrackPointExtension>
<ns3:hr>157</ns3:hr>
</ns3:TrackPointExtension>
</extensions>
</trkpt>
<trkpt lat="35.1741491274" lon="129.1997952987">
<ele>0</ele>
<time>2026-05-19T07:10:40.000Z</time><extensions>
<ns3:TrackPointExtension>
<ns3:hr>157</ns3:hr>
</ns3:TrackPointExtension>
</extensions>
</trkpt>
<trkpt lat="35.1742157376" lon="129.1997130152">
<ele>0</ele>
<time>2026-05-19T07:10:41.000Z</time><extensions>
<ns3:TrackPointExtension>
<ns3:hr>157</ns3:hr>
</ns3:TrackPointExtension>
</extensions>
</trkpt>
<trkpt lat="35.1743018168" lon="129.199688061">
<ele>0</ele>
<time>2026-05-19T07:10:42.000Z</time><extensions>
<ns3:TrackPointExtension>
<ns3:hr>155</ns3:hr>
</ns3:TrackPointExtension>
</extensions>
</trkpt>
<trkpt lat="35.174385832" lon="129.1996829554">
<ele>0</ele>
<time>2026-05-19T07:10:43.000Z</time><extensions>
<ns3:TrackPointExtension>
<ns3:hr>155</ns3:hr>
</ns3:TrackPointExtension>
</extensions>
</trkpt>
<trkpt lat="35.1744625091" lon="129.1997265977">
<ele>0</ele>
<time>2026-05-19T07:10:44.000Z</time><extensions>
<ns3:TrackPointExtension>
<ns3:hr>155</ns3:hr>
</ns3:TrackPointExtension>
</extensions>
</trkpt>
<trkpt lat="35.1744915053" lon="129.1998134526">
<ele>0</ele>
<time>2026-05-19T07:10:45.000Z</time><extensions>
<ns3:TrackPointExtension>
<ns3:hr>155</ns3:hr>
</ns3:TrackPointExtension>
</extensions>
</trkpt>
<trkpt lat="35.1745032217" lon="129.1998927088">
<ele>0</ele>
<time>2026-05-19T07:10:46.000Z</time><extensions>
<ns3:TrackPointExtension>
<ns3:hr>155</ns3:hr>
</ns3:TrackPointExtension>
</extensions>
</trkpt>
<trkpt lat="35.1745094388" lon="129.1999788115">
<ele>0</ele>
<time>2026-05-19T07:10:47.000Z</time><extensions>
<ns3:TrackPointExtension>
<ns3:hr>152</ns3:hr>
</ns3:TrackPointExtension>
</extensions>
</trkpt>
<trkpt lat="35.1745014066" lon="129.2000633571">
<ele>0</ele>
<time>2026-05-19T07:10:48.000Z</time><extensions>
<ns3:TrackPointExtension>
<ns3:hr>152</ns3:hr>
</ns3:TrackPointExtension>
</extensions>
</trkpt>
<trkpt lat="35.1744824314" lon="129.200147439">
<ele>0</ele>
<time>2026-05-19T07:10:49.000Z</time><extensions>
<ns3:TrackPointExtension>
<ns3:hr>152</ns3:hr>
</ns3:TrackPointExtension>
</extensions>
</trkpt>
<trkpt lat="35.17445607" lon="129.200229184">
<ele>0</ele>
<time>2026-05-19T07:10:50.000Z</time><extensions>
<ns3:TrackPointExtension>
<ns3:hr>152</ns3:hr>
</ns3:TrackPointExtension>
</extensions>
</trkpt>
<trkpt lat="35.1744300777" lon="129.2003151006">
<ele>0</ele>
<time>2026-05-19T07:10:51.000Z</time><extensions>
<ns3:TrackPointExtension>
<ns3:hr>152</ns3:hr>
</ns3:TrackPointExtension>
</extensions>
</trkpt>
<trkpt lat="35.1743983702" lon="129.2003970538">
<ele>0</ele>
<time>2026-05-19T07:10:52.000Z</time><extensions>
<ns3:TrackPointExtension>
<ns3:hr>150</ns3:hr>
</ns3:TrackPointExtension>
</extensions>
</trkpt>
<trkpt lat="35.1743631161" lon="129.200477026">
<ele>0</ele>
<time>2026-05-19T07:10:53.000Z</time><extensions>
<ns3:TrackPointExtension>
<ns3:hr>150</ns3:hr>
</ns3:TrackPointExtension>
</extensions>
</trkpt>
<trkpt lat="35.1743200214" lon="129.2005538943">
<ele>0</ele>
<time>2026-05-19T07:10:54.000Z</time><extensions>
<ns3:TrackPointExtension>
<ns3:hr>150</ns3:hr>
</ns3:TrackPointExtension>
</extensions>
</trkpt>
<trkpt lat="35.1742761951" lon="129.2006269033">
<ele>0</ele>
<time>2026-05-19T07:10:55.000Z</time><extensions>
<ns3:TrackPointExtension>
<ns3:hr>150</ns3:hr>
</ns3:TrackPointExtension>
</extensions>
</trkpt>
<trkpt lat="35.1742311177" lon="129.2006995796">
<ele>0</ele>
<time>2026-05-19T07:10:56.000Z</time><extensions>
<ns3:TrackPointExtension>
<ns3:hr>150</ns3:hr>
</ns3:TrackPointExtension>
</extensions>
</trkpt>
<trkpt lat="35.1741870937" lon="129.2007728466">
<ele>0</ele>
<time>2026-05-19T07:10:57.000Z</time><extensions>
<ns3:TrackPointExtension>
<ns3:hr>153</ns3:hr>
</ns3:TrackPointExtension>
</extensions>
</trkpt>
<trkpt lat="35.1741409816" lon="129.2008487114">
<ele>0</ele>
<time>2026-05-19T07:10:58.000Z</time><extensions>
<ns3:TrackPointExtension>
<ns3:hr>153</ns3:hr>
</ns3:TrackPointExtension>
</extensions>
</trkpt>
<trkpt lat="35.1740949887" lon="129.2009231005">
<ele>0</ele>
<time>2026-05-19T07:10:59.000Z</time><extensions>
<ns3:TrackPointExtension>
<ns3:hr>153</ns3:hr>
</ns3:TrackPointExtension>
</extensions>
</trkpt>
<trkpt lat="35.1740486794" lon="129.2009985765">
<ele>0</ele>
<time>2026-05-19T07:11:00.000Z</time><extensions>
<ns3:TrackPointExtension>
<ns3:hr>153</ns3:hr>
</ns3:TrackPointExtension>
</extensions>
</trkpt>
<trkpt lat="35.1740070921" lon="129.2010769325">
<ele>0</ele>
<time>2026-05-19T07:11:01.000Z</time><extensions>
<ns3:TrackPointExtension>
<ns3:hr>153</ns3:hr>
</ns3:TrackPointExtension>
</extensions>
</trkpt>
<trkpt lat="35.1739645648" lon="129.2011585994">
<ele>0</ele>
<time>2026-05-19T07:11:02.000Z</time><extensions>
<ns3:TrackPointExtension>
<ns3:hr>153</ns3:hr>
</ns3:TrackPointExtension>
</extensions>
</trkpt>
<trkpt lat="35.1739196011" lon="129.2012392451">
<ele>0</ele>
<time>2026-05-19T07:11:03.000Z</time><extensions>
<ns3:TrackPointExtension>
<ns3:hr>153</ns3:hr>
</ns3:TrackPointExtension>
</extensions>
</trkpt>
<trkpt lat="35.1738734666" lon="129.2013210043">
<ele>0</ele>
<time>2026-05-19T07:11:04.000Z</time><extensions>
<ns3:TrackPointExtension>
<ns3:hr>153</ns3:hr>
</ns3:TrackPointExtension>
</extensions>
</trkpt>
<trkpt lat="35.1738271618" lon="129.2014035834">
<ele>0</ele>
<time>2026-05-19T07:11:05.000Z</time><extensions>
<ns3:TrackPointExtension>
<ns3:hr>153</ns3:hr>
</ns3:TrackPointExtension>
</extensions>
</trkpt>
<trkpt lat="35.173781345" lon="129.2014890065">
<ele>0</ele>
<time>2026-05-19T07:11:06.000Z</time><extensions>
<ns3:TrackPointExtension>
<ns3:hr>153</ns3:hr>
</ns3:TrackPointExtension>
</extensions>
</trkpt>
<trkpt lat="35.1737332077" lon="129.2015742829">
<ele>0</ele>
<time>2026-05-19T07:11:07.000Z</time><extensions>
<ns3:TrackPointExtension>
<ns3:hr>150</ns3:hr>
</ns3:TrackPointExtension>
</extensions>
</trkpt>
<trkpt lat="35.1736821978" lon="129.2016582587">
<ele>0</ele>
<time>2026-05-19T07:11:08.000Z</time><extensions>
<ns3:TrackPointExtension>
<ns3:hr>150</ns3:hr>
</ns3:TrackPointExtension>
</extensions>
</trkpt>
<trkpt lat="35.1736295262" lon="129.2017389153">
<ele>0</ele>
<time>2026-05-19T07:11:09.000Z</time><extensions>
<ns3:TrackPointExtension>
<ns3:hr>150</ns3:hr>
</ns3:TrackPointExtension>
</extensions>
</trkpt>
<trkpt lat="35.1735810351" lon="129.201819954">
<ele>0</ele>
<time>2026-05-19T07:11:10.000Z</time><extensions>
<ns3:TrackPointExtension>
<ns3:hr>150</ns3:hr>
</ns3:TrackPointExtension>
</extensions>
</trkpt>
<trkpt lat="35.1735404046" lon="129.2019071352">
<ele>0</ele>
<time>2026-05-19T07:11:11.000Z</time><extensions>
<ns3:TrackPointExtension>
<ns3:hr>150</ns3:hr>
</ns3:TrackPointExtension>
</extensions>
</trkpt>
<trkpt lat="35.1735178024" lon="129.2020036965">
<ele>0</ele>
<time>2026-05-19T07:11:12.000Z</time><extensions>
<ns3:TrackPointExtension>
<ns3:hr>152</ns3:hr>
</ns3:TrackPointExtension>
</extensions>
</trkpt>
<trkpt lat="35.1735137938" lon="129.202104686">
<ele>0</ele>
<time>2026-05-19T07:11:13.000Z</time><extensions>
<ns3:TrackPointExtension>
<ns3:hr>152</ns3:hr>
</ns3:TrackPointExtension>
</extensions>
</trkpt>
<trkpt lat="35.1735165145" lon="129.2022002898">
<ele>0</ele>
<time>2026-05-19T07:11:14.000Z</time><extensions>
<ns3:TrackPointExtension>
<ns3:hr>152</ns3:hr>
</ns3:TrackPointExtension>
</extensions>
</trkpt>
<trkpt lat="35.1735534161" lon="129.2022788489">
<ele>0</ele>
<time>2026-05-19T07:11:15.000Z</time><extensions>
<ns3:TrackPointExtension>
<ns3:hr>152</ns3:hr>
</ns3:TrackPointExtension>
</extensions>
</trkpt>
<trkpt lat="35.1736198433" lon="129.2023250497">
<ele>0</ele>
<time>2026-05-19T07:11:16.000Z</time><extensions>
<ns3:TrackPointExtension>
<ns3:hr>152</ns3:hr>
</ns3:TrackPointExtension>
</extensions>
</trkpt>
<trkpt lat="35.173696488" lon="129.2022953372">
<ele>0</ele>
<time>2026-05-19T07:11:17.000Z</time><extensions>
<ns3:TrackPointExtension>
<ns3:hr>149</ns3:hr>
</ns3:TrackPointExtension>
</extensions>
</trkpt>
<trkpt lat="35.1737422298" lon="129.2022361316">
<ele>0</ele>
<time>2026-05-19T07:11:18.000Z</time><extensions>
<ns3:TrackPointExtension>
<ns3:hr>149</ns3:hr>
</ns3:TrackPointExtension>
</extensions>
</trkpt>
<trkpt lat="35.173758333" lon="129.2021415714">
<ele>0</ele>
<time>2026-05-19T07:11:19.000Z</time><extensions>
<ns3:TrackPointExtension>
<ns3:hr>149</ns3:hr>
</ns3:TrackPointExtension>
</extensions>
</trkpt>
<trkpt lat="35.1737685222" lon="129.2020514751">
<ele>0</ele>
<time>2026-05-19T07:11:20.000Z</time><extensions>
<ns3:TrackPointExtension>
<ns3:hr>149</ns3:hr>
</ns3:TrackPointExtension>
</extensions>
</trkpt>
<trkpt lat="35.1737811817" lon="129.2019563257">
<ele>0</ele>
<time>2026-05-19T07:11:21.000Z</time><extensions>
<ns3:TrackPointExtension>
<ns3:hr>149</ns3:hr>
</ns3:TrackPointExtension>
</extensions>
</trkpt>
<trkpt lat="35.1738019634" lon="129.2018641924">
<ele>0</ele>
<time>2026-05-19T07:11:22.000Z</time><extensions>
<ns3:TrackPointExtension>
<ns3:hr>149</ns3:hr>
</ns3:TrackPointExtension>
</extensions>
</trkpt>
<trkpt lat="35.1738222171" lon="129.2017763505">
<ele>0</ele>
<time>2026-05-19T07:11:23.000Z</time><extensions>
<ns3:TrackPointExtension>
<ns3:hr>149</ns3:hr>
</ns3:TrackPointExtension>
</extensions>
</trkpt>
<trkpt lat="35.1738454342" lon="129.2016890473">
<ele>0</ele>
<time>2026-05-19T07:11:24.000Z</time><extensions>
<ns3:TrackPointExtension>
<ns3:hr>149</ns3:hr>
</ns3:TrackPointExtension>
</extensions>
</trkpt>
<trkpt lat="35.1738702739" lon="129.2016002493">
<ele>0</ele>
<time>2026-05-19T07:11:25.000Z</time><extensions>
<ns3:TrackPointExtension>
<ns3:hr>149</ns3:hr>
</ns3:TrackPointExtension>
</extensions>
</trkpt>
<trkpt lat="35.1738933059" lon="129.2015069584">
<ele>0</ele>
<time>2026-05-19T07:11:26.000Z</time><extensions>
<ns3:TrackPointExtension>
<ns3:hr>149</ns3:hr>
</ns3:TrackPointExtension>
</extensions>
</trkpt>
<trkpt lat="35.1739107699" lon="129.2014115281">
<ele>0</ele>
<time>2026-05-19T07:11:27.000Z</time><extensions>
<ns3:TrackPointExtension>
<ns3:hr>149</ns3:hr>
</ns3:TrackPointExtension>
</extensions>
</trkpt>
<trkpt lat="35.173923428" lon="129.2013158002">
<ele>0</ele>
<time>2026-05-19T07:11:28.000Z</time><extensions>
<ns3:TrackPointExtension>
<ns3:hr>149</ns3:hr>
</ns3:TrackPointExtension>
</extensions>
</trkpt>
<trkpt lat="35.1739332973" lon="129.201216297">
<ele>0</ele>
<time>2026-05-19T07:11:29.000Z</time><extensions>
<ns3:TrackPointExtension>
<ns3:hr>149</ns3:hr>
</ns3:TrackPointExtension>
</extensions>
</trkpt>
<trkpt lat="35.1739392934" lon="129.2011167635">
<ele>0</ele>
<time>2026-05-19T07:11:30.000Z</time><extensions>
<ns3:TrackPointExtension>
<ns3:hr>149</ns3:hr>
</ns3:TrackPointExtension>
</extensions>
</trkpt>
<trkpt lat="35.1739440059" lon="129.2010152802">
<ele>0</ele>
<time>2026-05-19T07:11:31.000Z</time><extensions>
<ns3:TrackPointExtension>
<ns3:hr>149</ns3:hr>
</ns3:TrackPointExtension>
</extensions>
</trkpt>
<trkpt lat="35.1739531548" lon="129.200914506">
<ele>0</ele>
<time>2026-05-19T07:11:32.000Z</time><extensions>
<ns3:TrackPointExtension>
<ns3:hr>150</ns3:hr>
</ns3:TrackPointExtension>
</extensions>
</trkpt>
<trkpt lat="35.1739689353" lon="129.2008148863">
<ele>0</ele>
<time>2026-05-19T07:11:33.000Z</time><extensions>
<ns3:TrackPointExtension>
<ns3:hr>150</ns3:hr>
</ns3:TrackPointExtension>
</extensions>
</trkpt>
<trkpt lat="35.1739889723" lon="129.2007166703">
<ele>0</ele>
<time>2026-05-19T07:11:34.000Z</time><extensions>
<ns3:TrackPointExtension>
<ns3:hr>150</ns3:hr>
</ns3:TrackPointExtension>
</extensions>
</trkpt>
<trkpt lat="35.1740057073" lon="129.2006150818">
<ele>0</ele>
<time>2026-05-19T07:11:35.000Z</time><extensions>
<ns3:TrackPointExtension>
<ns3:hr>150</ns3:hr>
</ns3:TrackPointExtension>
</extensions>
</trkpt>
<trkpt lat="35.1740229255" lon="129.2005140797">
<ele>0</ele>
<time>2026-05-19T07:11:36.000Z</time><extensions>
<ns3:TrackPointExtension>
<ns3:hr>150</ns3:hr>
</ns3:TrackPointExtension>
</extensions>
</trkpt>
<trkpt lat="35.1740436675" lon="129.2004150499">
<ele>0</ele>
<time>2026-05-19T07:11:37.000Z</time><extensions>
<ns3:TrackPointExtension>
<ns3:hr>153</ns3:hr>
</ns3:TrackPointExtension>
</extensions>
</trkpt>
<trkpt lat="35.1740758935" lon="129.2003176844">
<ele>0</ele>
<time>2026-05-19T07:11:38.000Z</time><extensions>
<ns3:TrackPointExtension>
<ns3:hr>153</ns3:hr>
</ns3:TrackPointExtension>
</extensions>
</trkpt>
<trkpt lat="35.1741138486" lon="129.2002227863">
<ele>0</ele>
<time>2026-05-19T07:11:39.000Z</time><extensions>
<ns3:TrackPointExtension>
<ns3:hr>153</ns3:hr>
</ns3:TrackPointExtension>
</extensions>
</trkpt>
<trkpt lat="35.1741536562" lon="129.2001246585">
<ele>0</ele>
<time>2026-05-19T07:11:40.000Z</time><extensions>
<ns3:TrackPointExtension>
<ns3:hr>153</ns3:hr>
</ns3:TrackPointExtension>
</extensions>
</trkpt>
<trkpt lat="35.1741946134" lon="129.2000263247">
<ele>0</ele>
<time>2026-05-19T07:11:41.000Z</time><extensions>
<ns3:TrackPointExtension>
<ns3:hr>153</ns3:hr>
</ns3:TrackPointExtension>
</extensions>
</trkpt>
<trkpt lat="35.1742352957" lon="129.199925001">
<ele>0</ele>
<time>2026-05-19T07:11:42.000Z</time><extensions>
<ns3:TrackPointExtension>
<ns3:hr>149</ns3:hr>
</ns3:TrackPointExtension>
</extensions>
</trkpt>
<trkpt lat="35.1742778474" lon="129.1998288746">
<ele>0</ele>
<time>2026-05-19T07:11:43.000Z</time><extensions>
<ns3:TrackPointExtension>
<ns3:hr>149</ns3:hr>
</ns3:TrackPointExtension>
</extensions>
</trkpt>
<trkpt lat="35.1743256177" lon="129.1997328975">
<ele>0</ele>
<time>2026-05-19T07:11:44.000Z</time><extensions>
<ns3:TrackPointExtension>
<ns3:hr>149</ns3:hr>
</ns3:TrackPointExtension>
</extensions>
</trkpt>
<trkpt lat="35.1743907927" lon="129.1996521723">
<ele>0</ele>
<time>2026-05-19T07:11:45.000Z</time><extensions>
<ns3:TrackPointExtension>
<ns3:hr>149</ns3:hr>
</ns3:TrackPointExtension>
</extensions>
</trkpt>
<trkpt lat="35.1744660207" lon="129.1995950427">
<ele>0</ele>
<time>2026-05-19T07:11:46.000Z</time><extensions>
<ns3:TrackPointExtension>
<ns3:hr>149</ns3:hr>
</ns3:TrackPointExtension>
</extensions>
</trkpt>
<trkpt lat="35.1745490626" lon="129.1995767799">
<ele>0</ele>
<time>2026-05-19T07:11:47.000Z</time><extensions>
<ns3:TrackPointExtension>
<ns3:hr>144</ns3:hr>
</ns3:TrackPointExtension>
</extensions>
</trkpt>
<trkpt lat="35.1746243287" lon="129.1995985773">
<ele>0</ele>
<time>2026-05-19T07:11:48.000Z</time><extensions>
<ns3:TrackPointExtension>
<ns3:hr>144</ns3:hr>
</ns3:TrackPointExtension>
</extensions>
</trkpt>
<trkpt lat="35.1746829773" lon="129.1996669461">
<ele>0</ele>
<time>2026-05-19T07:11:49.000Z</time><extensions>
<ns3:TrackPointExtension>
<ns3:hr>144</ns3:hr>
</ns3:TrackPointExtension>
</extensions>
</trkpt>
<trkpt lat="35.1747299655" lon="129.1997450052">
<ele>0</ele>
<time>2026-05-19T07:11:50.000Z</time><extensions>
<ns3:TrackPointExtension>
<ns3:hr>144</ns3:hr>
</ns3:TrackPointExtension>
</extensions>
</trkpt>
<trkpt lat="35.1747415386" lon="129.1998273979">
<ele>0</ele>
<time>2026-05-19T07:11:51.000Z</time><extensions>
<ns3:TrackPointExtension>
<ns3:hr>144</ns3:hr>
</ns3:TrackPointExtension>
</extensions>
</trkpt>
<trkpt lat="35.1747316713" lon="129.1999033137">
<ele>0</ele>
<time>2026-05-19T07:11:52.000Z</time><extensions>
<ns3:TrackPointExtension>
<ns3:hr>143</ns3:hr>
</ns3:TrackPointExtension>
</extensions>
</trkpt>
<trkpt lat="35.1747169432" lon="129.19998079">
<ele>0</ele>
<time>2026-05-19T07:11:53.000Z</time><extensions>
<ns3:TrackPointExtension>
<ns3:hr>143</ns3:hr>
</ns3:TrackPointExtension>
</extensions>
</trkpt>
<trkpt lat="35.1746990828" lon="129.2000569311">
<ele>0</ele>
<time>2026-05-19T07:11:54.000Z</time><extensions>
<ns3:TrackPointExtension>
<ns3:hr>143</ns3:hr>
</ns3:TrackPointExtension>
</extensions>
</trkpt>
<trkpt lat="35.1746773068" lon="129.20013379">
<ele>0</ele>
<time>2026-05-19T07:11:55.000Z</time><extensions>
<ns3:TrackPointExtension>
<ns3:hr>143</ns3:hr>
</ns3:TrackPointExtension>
</extensions>
</trkpt>
<trkpt lat="35.1746590618" lon="129.2002100396">
<ele>0</ele>
<time>2026-05-19T07:11:56.000Z</time><extensions>
<ns3:TrackPointExtension>
<ns3:hr>143</ns3:hr>
</ns3:TrackPointExtension>
</extensions>
</trkpt>
<trkpt lat="35.1746479266" lon="129.2002945328">
<ele>0</ele>
<time>2026-05-19T07:11:57.000Z</time><extensions>
<ns3:TrackPointExtension>
<ns3:hr>144</ns3:hr>
</ns3:TrackPointExtension>
</extensions>
</trkpt>
<trkpt lat="35.1746348928" lon="129.2003803882">
<ele>0</ele>
<time>2026-05-19T07:11:58.000Z</time><extensions>
<ns3:TrackPointExtension>
<ns3:hr>144</ns3:hr>
</ns3:TrackPointExtension>
</extensions>
</trkpt>
<trkpt lat="35.1746181456" lon="129.2004668536">
<ele>0</ele>
<time>2026-05-19T07:11:59.000Z</time><extensions>
<ns3:TrackPointExtension>
<ns3:hr>144</ns3:hr>
</ns3:TrackPointExtension>
</extensions>
</trkpt>
<trkpt lat="35.1745996243" lon="129.2005534721">
<ele>0</ele>
<time>2026-05-19T07:12:00.000Z</time><extensions>
<ns3:TrackPointExtension>
<ns3:hr>144</ns3:hr>
</ns3:TrackPointExtension>
</extensions>
</trkpt>
<trkpt lat="35.174579865" lon="129.2006432687">
<ele>0</ele>
<time>2026-05-19T07:12:01.000Z</time><extensions>
<ns3:TrackPointExtension>
<ns3:hr>144</ns3:hr>
</ns3:TrackPointExtension>
</extensions>
</trkpt>
<trkpt lat="35.1745536955" lon="129.2007287044">
<ele>0</ele>
<time>2026-05-19T07:12:02.000Z</time><extensions>
<ns3:TrackPointExtension>
<ns3:hr>149</ns3:hr>
</ns3:TrackPointExtension>
</extensions>
</trkpt>
<trkpt lat="35.1745256464" lon="129.2008107818">
<ele>0</ele>
<time>2026-05-19T07:12:03.000Z</time><extensions>
<ns3:TrackPointExtension>
<ns3:hr>149</ns3:hr>
</ns3:TrackPointExtension>
</extensions>
</trkpt>
<trkpt lat="35.1744943122" lon="129.2008935814">
<ele>0</ele>
<time>2026-05-19T07:12:04.000Z</time><extensions>
<ns3:TrackPointExtension>
<ns3:hr>149</ns3:hr>
</ns3:TrackPointExtension>
</extensions>
</trkpt>
<trkpt lat="35.1744651826" lon="129.2009767478">
<ele>0</ele>
<time>2026-05-19T07:12:05.000Z</time><extensions>
<ns3:TrackPointExtension>
<ns3:hr>149</ns3:hr>
</ns3:TrackPointExtension>
</extensions>
</trkpt>
<trkpt lat="35.1744294076" lon="129.2010594255">
<ele>0</ele>
<time>2026-05-19T07:12:06.000Z</time><extensions>
<ns3:TrackPointExtension>
<ns3:hr>150</ns3:hr>
</ns3:TrackPointExtension>
</extensions>
</trkpt>
<trkpt lat="35.1743858686" lon="129.2011405205">
<ele>0</ele>
<time>2026-05-19T07:12:07.000Z</time><extensions>
<ns3:TrackPointExtension>
<ns3:hr>150</ns3:hr>
</ns3:TrackPointExtension>
</extensions>
</trkpt>
<trkpt lat="35.1743376998" lon="129.2012172935">
<ele>0</ele>
<time>2026-05-19T07:12:08.000Z</time><extensions>
<ns3:TrackPointExtension>
<ns3:hr>150</ns3:hr>
</ns3:TrackPointExtension>
</extensions>
</trkpt>
<trkpt lat="35.1742886714" lon="129.2012915322">
<ele>0</ele>
<time>2026-05-19T07:12:09.000Z</time><extensions>
<ns3:TrackPointExtension>
<ns3:hr>150</ns3:hr>
</ns3:TrackPointExtension>
</extensions>
</trkpt>
<trkpt lat="35.1742379161" lon="129.2013697356">
<ele>0</ele>
<time>2026-05-19T07:12:10.000Z</time><extensions>
<ns3:TrackPointExtension>
<ns3:hr>150</ns3:hr>
</ns3:TrackPointExtension>
</extensions>
</trkpt>
<trkpt lat="35.1741904986" lon="129.2014435161">
<ele>0</ele>
<time>2026-05-19T07:12:11.000Z</time><extensions>
<ns3:TrackPointExtension>
<ns3:hr>151</ns3:hr>
</ns3:TrackPointExtension>
</extensions>
</trkpt>
<trkpt lat="35.1741452026" lon="129.2015166388">
<ele>0</ele>
<time>2026-05-19T07:12:12.000Z</time><extensions>
<ns3:TrackPointExtension>
<ns3:hr>151</ns3:hr>
</ns3:TrackPointExtension>
</extensions>
</trkpt>
<trkpt lat="35.1741002436" lon="129.2015915999">
<ele>0</ele>
<time>2026-05-19T07:12:13.000Z</time><extensions>
<ns3:TrackPointExtension>
<ns3:hr>151</ns3:hr>
</ns3:TrackPointExtension>
</extensions>
</trkpt>
<trkpt lat="35.1740548998" lon="129.201668718">
<ele>0</ele>
<time>2026-05-19T07:12:14.000Z</time><extensions>
<ns3:TrackPointExtension>
<ns3:hr>151</ns3:hr>
</ns3:TrackPointExtension>
</extensions>
</trkpt>
<trkpt lat="35.1740055833" lon="129.2017472335">
<ele>0</ele>
<time>2026-05-19T07:12:15.000Z</time><extensions>
<ns3:TrackPointExtension>
<ns3:hr>151</ns3:hr>
</ns3:TrackPointExtension>
</extensions>
</trkpt>
<trkpt lat="35.1739570729" lon="129.2018252957">
<ele>0</ele>
<time>2026-05-19T07:12:16.000Z</time><extensions>
<ns3:TrackPointExtension>
<ns3:hr>151</ns3:hr>
</ns3:TrackPointExtension>
</extensions>
</trkpt>
<trkpt lat="35.1739091415" lon="129.2019064614">
<ele>0</ele>
<time>2026-05-19T07:12:17.000Z</time><extensions>
<ns3:TrackPointExtension>
<ns3:hr>149</ns3:hr>
</ns3:TrackPointExtension>
</extensions>
</trkpt>
<trkpt lat="35.1738619999" lon="129.2019894655">
<ele>0</ele>
<time>2026-05-19T07:12:18.000Z</time><extensions>
<ns3:TrackPointExtension>
<ns3:hr>149</ns3:hr>
</ns3:TrackPointExtension>
</extensions>
</trkpt>
<trkpt lat="35.173817241" lon="129.2020712404">
<ele>0</ele>
<time>2026-05-19T07:12:19.000Z</time><extensions>
<ns3:TrackPointExtension>
<ns3:hr>149</ns3:hr>
</ns3:TrackPointExtension>
</extensions>
</trkpt>
<trkpt lat="35.1737832064" lon="129.2021633493">
<ele>0</ele>
<time>2026-05-19T07:12:20.000Z</time><extensions>
<ns3:TrackPointExtension>
<ns3:hr>149</ns3:hr>
</ns3:TrackPointExtension>
</extensions>
</trkpt>
<trkpt lat="35.1737625327" lon="129.2022649761">
<ele>0</ele>
<time>2026-05-19T07:12:21.000Z</time><extensions>
<ns3:TrackPointExtension>
<ns3:hr>149</ns3:hr>
</ns3:TrackPointExtension>
</extensions>
</trkpt>
<trkpt lat="35.1737506372" lon="129.2023698808">
<ele>0</ele>
<time>2026-05-19T07:12:22.000Z</time><extensions>
<ns3:TrackPointExtension>
<ns3:hr>151</ns3:hr>
</ns3:TrackPointExtension>
</extensions>
</trkpt>
<trkpt lat="35.173764319" lon="129.2024717774">
<ele>0</ele>
<time>2026-05-19T07:12:23.000Z</time><extensions>
<ns3:TrackPointExtension>
<ns3:hr>151</ns3:hr>
</ns3:TrackPointExtension>
</extensions>
</trkpt>
<trkpt lat="35.1737916148" lon="129.2025619031">
<ele>0</ele>
<time>2026-05-19T07:12:24.000Z</time><extensions>
<ns3:TrackPointExtension>
<ns3:hr>151</ns3:hr>
</ns3:TrackPointExtension>
</extensions>
</trkpt>
<trkpt lat="35.1738488106" lon="129.2026178111">
<ele>0</ele>
<time>2026-05-19T07:12:25.000Z</time><extensions>
<ns3:TrackPointExtension>
<ns3:hr>151</ns3:hr>
</ns3:TrackPointExtension>
</extensions>
</trkpt>
<trkpt lat="35.1739222318" lon="129.2026087705">
<ele>0</ele>
<time>2026-05-19T07:12:26.000Z</time><extensions>
<ns3:TrackPointExtension>
<ns3:hr>150</ns3:hr>
</ns3:TrackPointExtension>
</extensions>
</trkpt>
<trkpt lat="35.1739757092" lon="129.2025457292">
<ele>0</ele>
<time>2026-05-19T07:12:27.000Z</time><extensions>
<ns3:TrackPointExtension>
<ns3:hr>150</ns3:hr>
</ns3:TrackPointExtension>
</extensions>
</trkpt>
<trkpt lat="35.1739865187" lon="129.2024450263">
<ele>0</ele>
<time>2026-05-19T07:12:28.000Z</time><extensions>
<ns3:TrackPointExtension>
<ns3:hr>150</ns3:hr>
</ns3:TrackPointExtension>
</extensions>
</trkpt>
<trkpt lat="35.1739873775" lon="129.2023410345">
<ele>0</ele>
<time>2026-05-19T07:12:29.000Z</time><extensions>
<ns3:TrackPointExtension>
<ns3:hr>150</ns3:hr>
</ns3:TrackPointExtension>
</extensions>
</trkpt>
<trkpt lat="35.1739867427" lon="129.2022504823">
<ele>0</ele>
<time>2026-05-19T07:12:30.000Z</time><extensions>
<ns3:TrackPointExtension>
<ns3:hr>150</ns3:hr>
</ns3:TrackPointExtension>
</extensions>
</trkpt>
<trkpt lat="35.1739950621" lon="129.2021599361">
<ele>0</ele>
<time>2026-05-19T07:12:31.000Z</time><extensions>
<ns3:TrackPointExtension>
<ns3:hr>149</ns3:hr>
</ns3:TrackPointExtension>
</extensions>
</trkpt>
<trkpt lat="35.1740055452" lon="129.2020681017">
<ele>0</ele>
<time>2026-05-19T07:12:32.000Z</time><extensions>
<ns3:TrackPointExtension>
<ns3:hr>149</ns3:hr>
</ns3:TrackPointExtension>
</extensions>
</trkpt>
<trkpt lat="35.1740133975" lon="129.2019769206">
<ele>0</ele>
<time>2026-05-19T07:12:33.000Z</time><extensions>
<ns3:TrackPointExtension>
<ns3:hr>149</ns3:hr>
</ns3:TrackPointExtension>
</extensions>
</trkpt>
<trkpt lat="35.1740198956" lon="129.2018795948">
<ele>0</ele>
<time>2026-05-19T07:12:34.000Z</time><extensions>
<ns3:TrackPointExtension>
<ns3:hr>149</ns3:hr>
</ns3:TrackPointExtension>
</extensions>
</trkpt>
<trkpt lat="35.174023249" lon="129.2017799391">
<ele>0</ele>
<time>2026-05-19T07:12:35.000Z</time><extensions>
<ns3:TrackPointExtension>
<ns3:hr>149</ns3:hr>
</ns3:TrackPointExtension>
</extensions>
</trkpt>
<trkpt lat="35.1740241849" lon="129.2016799328">
<ele>0</ele>
<time>2026-05-19T07:12:36.000Z</time><extensions>
<ns3:TrackPointExtension>
<ns3:hr>152</ns3:hr>
</ns3:TrackPointExtension>
</extensions>
</trkpt>
<trkpt lat="35.1740232065" lon="129.201579569">
<ele>0</ele>
<time>2026-05-19T07:12:37.000Z</time><extensions>
<ns3:TrackPointExtension>
<ns3:hr>152</ns3:hr>
</ns3:TrackPointExtension>
</extensions>
</trkpt>
<trkpt lat="35.1740130199" lon="129.2014817183">
<ele>0</ele>
<time>2026-05-19T07:12:38.000Z</time><extensions>
<ns3:TrackPointExtension>
<ns3:hr>152</ns3:hr>
</ns3:TrackPointExtension>
</extensions>
</trkpt>
<trkpt lat="35.1740001443" lon="129.2013838685">
<ele>0</ele>
<time>2026-05-19T07:12:39.000Z</time><extensions>
<ns3:TrackPointExtension>
<ns3:hr>152</ns3:hr>
</ns3:TrackPointExtension>
</extensions>
</trkpt>
<trkpt lat="35.1739876975" lon="129.201283041">
<ele>0</ele>
<time>2026-05-19T07:12:40.000Z</time><extensions>
<ns3:TrackPointExtension>
<ns3:hr>152</ns3:hr>
</ns3:TrackPointExtension>
</extensions>
</trkpt>
<trkpt lat="35.1739787105" lon="129.201182153">
<ele>0</ele>
<time>2026-05-19T07:12:41.000Z</time><extensions>
<ns3:TrackPointExtension>
<ns3:hr>150</ns3:hr>
</ns3:TrackPointExtension>
</extensions>
</trkpt>
<trkpt lat="35.1739816871" lon="129.2010816941">
<ele>0</ele>
<time>2026-05-19T07:12:42.000Z</time><extensions>
<ns3:TrackPointExtension>
<ns3:hr>150</ns3:hr>
</ns3:TrackPointExtension>
</extensions>
</trkpt>
<trkpt lat="35.1739883442" lon="129.2009841894">
<ele>0</ele>
<time>2026-05-19T07:12:43.000Z</time><extensions>
<ns3:TrackPointExtension>
<ns3:hr>150</ns3:hr>
</ns3:TrackPointExtension>
</extensions>
</trkpt>
<trkpt lat="35.1740015995" lon="129.2008860364">
<ele>0</ele>
<time>2026-05-19T07:12:44.000Z</time><extensions>
<ns3:TrackPointExtension>
<ns3:hr>150</ns3:hr>
</ns3:TrackPointExtension>
</extensions>
</trkpt>
<trkpt lat="35.1740117156" lon="129.2007779382">
<ele>0</ele>
<time>2026-05-19T07:12:45.000Z</time><extensions>
<ns3:TrackPointExtension>
<ns3:hr>150</ns3:hr>
</ns3:TrackPointExtension>
</extensions>
</trkpt>
<trkpt lat="35.1740152617" lon="129.2006731094">
<ele>0</ele>
<time>2026-05-19T07:12:46.000Z</time><extensions>
<ns3:TrackPointExtension>
<ns3:hr>150</ns3:hr>
</ns3:TrackPointExtension>
</extensions>
</trkpt>
<trkpt lat="35.1740194992" lon="129.2005729839">
<ele>0</ele>
<time>2026-05-19T07:12:47.000Z</time><extensions>
<ns3:TrackPointExtension>
<ns3:hr>150</ns3:hr>
</ns3:TrackPointExtension>
</extensions>
</trkpt>
<trkpt lat="35.1740236706" lon="129.2004755262">
<ele>0</ele>
<time>2026-05-19T07:12:48.000Z</time><extensions>
<ns3:TrackPointExtension>
<ns3:hr>150</ns3:hr>
</ns3:TrackPointExtension>
</extensions>
</trkpt>
<trkpt lat="35.1740388715" lon="129.2003789193">
<ele>0</ele>
<time>2026-05-19T07:12:49.000Z</time><extensions>
<ns3:TrackPointExtension>
<ns3:hr>150</ns3:hr>
</ns3:TrackPointExtension>
</extensions>
</trkpt>
<trkpt lat="35.1740742156" lon="129.2002909393">
<ele>0</ele>
<time>2026-05-19T07:12:50.000Z</time><extensions>
<ns3:TrackPointExtension>
<ns3:hr>150</ns3:hr>
</ns3:TrackPointExtension>
</extensions>
</trkpt>
<trkpt lat="35.1741179426" lon="129.2002062334">
<ele>0</ele>
<time>2026-05-19T07:12:51.000Z</time><extensions>
<ns3:TrackPointExtension>
<ns3:hr>150</ns3:hr>
</ns3:TrackPointExtension>
</extensions>
</trkpt>
<trkpt lat="35.1741605752" lon="129.2001215139">
<ele>0</ele>
<time>2026-05-19T07:12:52.000Z</time><extensions>
<ns3:TrackPointExtension>
<ns3:hr>148</ns3:hr>
</ns3:TrackPointExtension>
</extensions>
</trkpt>
<trkpt lat="35.174209256" lon="129.2000341282">
<ele>0</ele>
<time>2026-05-19T07:12:53.000Z</time><extensions>
<ns3:TrackPointExtension>
<ns3:hr>148</ns3:hr>
</ns3:TrackPointExtension>
</extensions>
</trkpt>
<trkpt lat="35.1742627391" lon="129.1999465019">
<ele>0</ele>
<time>2026-05-19T07:12:54.000Z</time><extensions>
<ns3:TrackPointExtension>
<ns3:hr>148</ns3:hr>
</ns3:TrackPointExtension>
</extensions>
</trkpt>
<trkpt lat="35.1743216579" lon="129.1998672571">
<ele>0</ele>
<time>2026-05-19T07:12:55.000Z</time><extensions>
<ns3:TrackPointExtension>
<ns3:hr>148</ns3:hr>
</ns3:TrackPointExtension>
</extensions>
</trkpt>
<trkpt lat="35.1743921239" lon="129.1998055662">
<ele>0</ele>
<time>2026-05-19T07:12:56.000Z</time><extensions>
<ns3:TrackPointExtension>
<ns3:hr>148</ns3:hr>
</ns3:TrackPointExtension>
</extensions>
</trkpt>
<trkpt lat="35.1744670156" lon="129.1997614868">
<ele>0</ele>
<time>2026-05-19T07:12:57.000Z</time><extensions>
<ns3:TrackPointExtension>
<ns3:hr>149</ns3:hr>
</ns3:TrackPointExtension>
</extensions>
</trkpt>
<trkpt lat="35.1745493533" lon="129.1997577918">
<ele>0</ele>
<time>2026-05-19T07:12:58.000Z</time><extensions>
<ns3:TrackPointExtension>
<ns3:hr>149</ns3:hr>
</ns3:TrackPointExtension>
</extensions>
</trkpt>
<trkpt lat="35.1746249146" lon="129.1998009846">
<ele>0</ele>
<time>2026-05-19T07:12:59.000Z</time><extensions>
<ns3:TrackPointExtension>
<ns3:hr>149</ns3:hr>
</ns3:TrackPointExtension>
</extensions>
</trkpt>
<trkpt lat="35.1746823726" lon="129.1998681822">
<ele>0</ele>
<time>2026-05-19T07:13:00.000Z</time><extensions>
<ns3:TrackPointExtension>
<ns3:hr>149</ns3:hr>
</ns3:TrackPointExtension>
</extensions>
</trkpt>
<trkpt lat="35.1747056683" lon="129.1999496157">
<ele>0</ele>
<time>2026-05-19T07:13:01.000Z</time><extensions>
<ns3:TrackPointExtension>
<ns3:hr>149</ns3:hr>
</ns3:TrackPointExtension>
</extensions>
</trkpt>
<trkpt lat="35.1747034688" lon="129.2000429419">
<ele>0</ele>
<time>2026-05-19T07:13:02.000Z</time><extensions>
<ns3:TrackPointExtension>
<ns3:hr>148</ns3:hr>
</ns3:TrackPointExtension>
</extensions>
</trkpt>
<trkpt lat="35.1746964196" lon="129.2001360001">
<ele>0</ele>
<time>2026-05-19T07:13:03.000Z</time><extensions>
<ns3:TrackPointExtension>
<ns3:hr>148</ns3:hr>
</ns3:TrackPointExtension>
</extensions>
</trkpt>
<trkpt lat="35.1746785192" lon="129.200220383">
<ele>0</ele>
<time>2026-05-19T07:13:04.000Z</time><extensions>
<ns3:TrackPointExtension>
<ns3:hr>148</ns3:hr>
</ns3:TrackPointExtension>
</extensions>
</trkpt>
<trkpt lat="35.174645787" lon="129.2002998077">
<ele>0</ele>
<time>2026-05-19T07:13:05.000Z</time><extensions>
<ns3:TrackPointExtension>
<ns3:hr>148</ns3:hr>
</ns3:TrackPointExtension>
</extensions>
</trkpt>
<trkpt lat="35.1746158305" lon="129.2003776393">
<ele>0</ele>
<time>2026-05-19T07:13:06.000Z</time><extensions>
<ns3:TrackPointExtension>
<ns3:hr>148</ns3:hr>
</ns3:TrackPointExtension>
</extensions>
</trkpt>
<trkpt lat="35.1745888223" lon="129.2004588436">
<ele>0</ele>
<time>2026-05-19T07:13:07.000Z</time><extensions>
<ns3:TrackPointExtension>
<ns3:hr>149</ns3:hr>
</ns3:TrackPointExtension>
</extensions>
</trkpt>
<trkpt lat="35.174561942" lon="129.200538899">
<ele>0</ele>
<time>2026-05-19T07:13:08.000Z</time><extensions>
<ns3:TrackPointExtension>
<ns3:hr>149</ns3:hr>
</ns3:TrackPointExtension>
</extensions>
</trkpt>
<trkpt lat="35.1745352131" lon="129.2006216751">
<ele>0</ele>
<time>2026-05-19T07:13:09.000Z</time><extensions>
<ns3:TrackPointExtension>
<ns3:hr>149</ns3:hr>
</ns3:TrackPointExtension>
</extensions>
</trkpt>
<trkpt lat="35.1745029768" lon="129.2007063457">
<ele>0</ele>
<time>2026-05-19T07:13:10.000Z</time><extensions>
<ns3:TrackPointExtension>
<ns3:hr>149</ns3:hr>
</ns3:TrackPointExtension>
</extensions>
</trkpt>
<trkpt lat="35.1744712478" lon="129.200788892">
<ele>0</ele>
<time>2026-05-19T07:13:11.000Z</time><extensions>
<ns3:TrackPointExtension>
<ns3:hr>149</ns3:hr>
</ns3:TrackPointExtension>
</extensions>
</trkpt>
<trkpt lat="35.1744347576" lon="129.2008731247">
<ele>0</ele>
<time>2026-05-19T07:13:12.000Z</time><extensions>
<ns3:TrackPointExtension>
<ns3:hr>150</ns3:hr>
</ns3:TrackPointExtension>
</extensions>
</trkpt>
<trkpt lat="35.1744005485" lon="129.2009628282">
<ele>0</ele>
<time>2026-05-19T07:13:13.000Z</time><extensions>
<ns3:TrackPointExtension>
<ns3:hr>150</ns3:hr>
</ns3:TrackPointExtension>
</extensions>
</trkpt>
<trkpt lat="35.1743645063" lon="129.2010499574">
<ele>0</ele>
<time>2026-05-19T07:13:14.000Z</time><extensions>
<ns3:TrackPointExtension>
<ns3:hr>150</ns3:hr>
</ns3:TrackPointExtension>
</extensions>
</trkpt>
<trkpt lat="35.1743230159" lon="129.2011368223">
<ele>0</ele>
<time>2026-05-19T07:13:15.000Z</time><extensions>
<ns3:TrackPointExtension>
<ns3:hr>150</ns3:hr>
</ns3:TrackPointExtension>
</extensions>
</trkpt>
<trkpt lat="35.1742817021" lon="129.2012223774">
<ele>0</ele>
<time>2026-05-19T07:13:16.000Z</time><extensions>
<ns3:TrackPointExtension>
<ns3:hr>150</ns3:hr>
</ns3:TrackPointExtension>
</extensions>
</trkpt>
<trkpt lat="35.1742378314" lon="129.2013084028">
<ele>0</ele>
<time>2026-05-19T07:13:17.000Z</time><extensions>
<ns3:TrackPointExtension>
<ns3:hr>151</ns3:hr>
</ns3:TrackPointExtension>
</extensions>
</trkpt>
<trkpt lat="35.1741946699" lon="129.2013914846">
<ele>0</ele>
<time>2026-05-19T07:13:18.000Z</time><extensions>
<ns3:TrackPointExtension>
<ns3:hr>151</ns3:hr>
</ns3:TrackPointExtension>
</extensions>
</trkpt>
<trkpt lat="35.174149694" lon="129.2014799652">
<ele>0</ele>
<time>2026-05-19T07:13:18.000Z</time><extensions>
<ns3:TrackPointExtension>
<ns3:hr>151</ns3:hr>
</ns3:TrackPointExtension>
</extensions>
</trkpt>
<trkpt lat="35.1741007511" lon="129.2015608714">
<ele>0</ele>
<time>2026-05-19T07:13:19.000Z</time><extensions>
<ns3:TrackPointExtension>
<ns3:hr>151</ns3:hr>
</ns3:TrackPointExtension>
</extensions>
</trkpt>
<trkpt lat="35.1740546057" lon="129.2016438682">
<ele>0</ele>
<time>2026-05-19T07:13:20.000Z</time><extensions>
<ns3:TrackPointExtension>
<ns3:hr>151</ns3:hr>
</ns3:TrackPointExtension>
</extensions>
</trkpt>
<trkpt lat="35.1740093573" lon="129.2017281078">
<ele>0</ele>
<time>2026-05-19T07:13:21.000Z</time><extensions>
<ns3:TrackPointExtension>
<ns3:hr>152</ns3:hr>
</ns3:TrackPointExtension>
</extensions>
</trkpt>
<trkpt lat="35.1739672386" lon="129.2018141429">
<ele>0</ele>
<time>2026-05-19T07:13:22.000Z</time><extensions>
<ns3:TrackPointExtension>
<ns3:hr>152</ns3:hr>
</ns3:TrackPointExtension>
</extensions>
</trkpt>
<trkpt lat="35.1739282895" lon="129.2019012583">
<ele>0</ele>
<time>2026-05-19T07:13:23.000Z</time><extensions>
<ns3:TrackPointExtension>
<ns3:hr>152</ns3:hr>
</ns3:TrackPointExtension>
</extensions>
</trkpt>
<trkpt lat="35.1738932247" lon="129.2019894767">
<ele>0</ele>
<time>2026-05-19T07:13:24.000Z</time><extensions>
<ns3:TrackPointExtension>
<ns3:hr>152</ns3:hr>
</ns3:TrackPointExtension>
</extensions>
</trkpt>
<trkpt lat="35.1738672633" lon="129.2020823287">
<ele>0</ele>
<time>2026-05-19T07:13:25.000Z</time><extensions>
<ns3:TrackPointExtension>
<ns3:hr>152</ns3:hr>
</ns3:TrackPointExtension>
</extensions>
</trkpt>
<trkpt lat="35.1738562099" lon="129.2021783071">
<ele>0</ele>
<time>2026-05-19T07:13:26.000Z</time><extensions>
<ns3:TrackPointExtension>
<ns3:hr>153</ns3:hr>
</ns3:TrackPointExtension>
</extensions>
</trkpt>
<trkpt lat="35.1738545521" lon="129.2022752346">
<ele>0</ele>
<time>2026-05-19T07:13:27.000Z</time><extensions>
<ns3:TrackPointExtension>
<ns3:hr>153</ns3:hr>
</ns3:TrackPointExtension>
</extensions>
</trkpt>
<trkpt lat="35.1738642159" lon="129.2023686897">
<ele>0</ele>
<time>2026-05-19T07:13:28.000Z</time><extensions>
<ns3:TrackPointExtension>
<ns3:hr>153</ns3:hr>
</ns3:TrackPointExtension>
</extensions>
</trkpt>
<trkpt lat="35.1738878012" lon="129.2024538787">
<ele>0</ele>
<time>2026-05-19T07:13:29.000Z</time><extensions>
<ns3:TrackPointExtension>
<ns3:hr>153</ns3:hr>
</ns3:TrackPointExtension>
</extensions>
</trkpt>
<trkpt lat="35.1739217085" lon="129.2025280215">
<ele>0</ele>
<time>2026-05-19T07:13:30.000Z</time><extensions>
<ns3:TrackPointExtension>
<ns3:hr>153</ns3:hr>
</ns3:TrackPointExtension>
</extensions>
</trkpt>
<trkpt lat="35.1739777297" lon="129.2025626253">
<ele>0</ele>
<time>2026-05-19T07:13:31.000Z</time><extensions>
<ns3:TrackPointExtension>
<ns3:hr>153</ns3:hr>
</ns3:TrackPointExtension>
</extensions>
</trkpt>
<trkpt lat="35.1740392221" lon="129.2025419905">
<ele>0</ele>
<time>2026-05-19T07:13:32.000Z</time><extensions>
<ns3:TrackPointExtension>
<ns3:hr>153</ns3:hr>
</ns3:TrackPointExtension>
</extensions>
</trkpt>
<trkpt lat="35.1740788631" lon="129.2024651548">
<ele>0</ele>
<time>2026-05-19T07:13:33.000Z</time><extensions>
<ns3:TrackPointExtension>
<ns3:hr>153</ns3:hr>
</ns3:TrackPointExtension>
</extensions>
</trkpt>
<trkpt lat="35.1741002244" lon="129.2023813048">
<ele>0</ele>
<time>2026-05-19T07:13:34.000Z</time><extensions>
<ns3:TrackPointExtension>
<ns3:hr>153</ns3:hr>
</ns3:TrackPointExtension>
</extensions>
</trkpt>
<trkpt lat="35.1741226828" lon="129.2023023537">
<ele>0</ele>
<time>2026-05-19T07:13:35.000Z</time><extensions>
<ns3:TrackPointExtension>
<ns3:hr>153</ns3:hr>
</ns3:TrackPointExtension>
</extensions>
</trkpt>
<trkpt lat="35.1741412455" lon="129.2022149354">
<ele>0</ele>
<time>2026-05-19T07:13:36.000Z</time><extensions>
<ns3:TrackPointExtension>
<ns3:hr>154</ns3:hr>
</ns3:TrackPointExtension>
</extensions>
</trkpt>
<trkpt lat="35.1741489974" lon="129.2021239853">
<ele>0</ele>
<time>2026-05-19T07:13:37.000Z</time><extensions>
<ns3:TrackPointExtension>
<ns3:hr>154</ns3:hr>
</ns3:TrackPointExtension>
</extensions>
</trkpt>
<trkpt lat="35.1741644116" lon="129.2020382696">
<ele>0</ele>
<time>2026-05-19T07:13:38.000Z</time><extensions>
<ns3:TrackPointExtension>
<ns3:hr>154</ns3:hr>
</ns3:TrackPointExtension>
</extensions>
</trkpt>
<trkpt lat="35.174183169" lon="129.2019581744">
<ele>0</ele>
<time>2026-05-19T07:13:39.000Z</time><extensions>
<ns3:TrackPointExtension>
<ns3:hr>154</ns3:hr>
</ns3:TrackPointExtension>
</extensions>
</trkpt>
<trkpt lat="35.1742060114" lon="129.2018780584">
<ele>0</ele>
<time>2026-05-19T07:13:40.000Z</time><extensions>
<ns3:TrackPointExtension>
<ns3:hr>154</ns3:hr>
</ns3:TrackPointExtension>
</extensions>
</trkpt>
<trkpt lat="35.1742290453" lon="129.2017979315">
<ele>0</ele>
<time>2026-05-19T07:13:41.000Z</time><extensions>
<ns3:TrackPointExtension>
<ns3:hr>154</ns3:hr>
</ns3:TrackPointExtension>
</extensions>
</trkpt>
<trkpt lat="35.1742505478" lon="129.2017200357">
<ele>0</ele>
<time>2026-05-19T07:13:42.000Z</time><extensions>
<ns3:TrackPointExtension>
<ns3:hr>154</ns3:hr>
</ns3:TrackPointExtension>
</extensions>
</trkpt>
<trkpt lat="35.1742760353" lon="129.20163996">
<ele>0</ele>
<time>2026-05-19T07:13:43.000Z</time><extensions>
<ns3:TrackPointExtension>
<ns3:hr>154</ns3:hr>
</ns3:TrackPointExtension>
</extensions>
</trkpt>
<trkpt lat="35.1742976997" lon="129.2015590072">
<ele>0</ele>
<time>2026-05-19T07:13:44.000Z</time><extensions>
<ns3:TrackPointExtension>
<ns3:hr>154</ns3:hr>
</ns3:TrackPointExtension>
</extensions>
</trkpt>
<trkpt lat="35.1743162112" lon="129.2014740012">
<ele>0</ele>
<time>2026-05-19T07:13:45.000Z</time><extensions>
<ns3:TrackPointExtension>
<ns3:hr>154</ns3:hr>
</ns3:TrackPointExtension>
</extensions>
</trkpt>
<trkpt lat="35.1743356986" lon="129.2013885651">
<ele>0</ele>
<time>2026-05-19T07:13:46.000Z</time><extensions>
<ns3:TrackPointExtension>
<ns3:hr>156</ns3:hr>
</ns3:TrackPointExtension>
</extensions>
</trkpt>
<trkpt lat="35.1743536723" lon="129.2013026751">
<ele>0</ele>
<time>2026-05-19T07:13:47.000Z</time><extensions>
<ns3:TrackPointExtension>
<ns3:hr>156</ns3:hr>
</ns3:TrackPointExtension>
</extensions>
</trkpt>
<trkpt lat="35.1743740135" lon="129.2012175703">
<ele>0</ele>
<time>2026-05-19T07:13:48.000Z</time><extensions>
<ns3:TrackPointExtension>
<ns3:hr>156</ns3:hr>
</ns3:TrackPointExtension>
</extensions>
</trkpt>
<trkpt lat="35.1743945827" lon="129.2011300071">
<ele>0</ele>
<time>2026-05-19T07:13:49.000Z</time><extensions>
<ns3:TrackPointExtension>
<ns3:hr>156</ns3:hr>
</ns3:TrackPointExtension>
</extensions>
</trkpt>
<trkpt lat="35.1744159343" lon="129.2010414669">
<ele>0</ele>
<time>2026-05-19T07:13:50.000Z</time><extensions>
<ns3:TrackPointExtension>
<ns3:hr>156</ns3:hr>
</ns3:TrackPointExtension>
</extensions>
</trkpt>
<trkpt lat="35.1744387343" lon="129.2009552782">
<ele>0</ele>
<time>2026-05-19T07:13:51.000Z</time><extensions>
<ns3:TrackPointExtension>
<ns3:hr>157</ns3:hr>
</ns3:TrackPointExtension>
</extensions>
</trkpt>
<trkpt lat="35.1744624934" lon="129.2008674396">
<ele>0</ele>
<time>2026-05-19T07:13:52.000Z</time><extensions>
<ns3:TrackPointExtension>
<ns3:hr>157</ns3:hr>
</ns3:TrackPointExtension>
</extensions>
</trkpt>
<trkpt lat="35.1744884869" lon="129.2007787307">
<ele>0</ele>
<time>2026-05-19T07:13:53.000Z</time><extensions>
<ns3:TrackPointExtension>
<ns3:hr>157</ns3:hr>
</ns3:TrackPointExtension>
</extensions>
</trkpt>
<trkpt lat="35.1745164896" lon="129.2006880757">
<ele>0</ele>
<time>2026-05-19T07:13:54.000Z</time><extensions>
<ns3:TrackPointExtension>
<ns3:hr>157</ns3:hr>
</ns3:TrackPointExtension>
</extensions>
</trkpt>
<trkpt lat="35.1745491291" lon="129.2005981155">
<ele>0</ele>
<time>2026-05-19T07:13:55.000Z</time><extensions>
<ns3:TrackPointExtension>
<ns3:hr>157</ns3:hr>
</ns3:TrackPointExtension>
</extensions>
</trkpt>
<trkpt lat="35.1745858071" lon="129.2005111243">
<ele>0</ele>
<time>2026-05-19T07:13:56.000Z</time><extensions>
<ns3:TrackPointExtension>
<ns3:hr>156</ns3:hr>
</ns3:TrackPointExtension>
</extensions>
</trkpt>
<trkpt lat="35.174632128" lon="129.2004299141">
<ele>0</ele>
<time>2026-05-19T07:13:57.000Z</time><extensions>
<ns3:TrackPointExtension>
<ns3:hr>156</ns3:hr>
</ns3:TrackPointExtension>
</extensions>
</trkpt>
<trkpt lat="35.1746823518" lon="129.2003495601">
<ele>0</ele>
<time>2026-05-19T07:13:58.000Z</time><extensions>
<ns3:TrackPointExtension>
<ns3:hr>156</ns3:hr>
</ns3:TrackPointExtension>
</extensions>
</trkpt>
<trkpt lat="35.174738197" lon="129.2002746384">
<ele>0</ele>
<time>2026-05-19T07:13:59.000Z</time><extensions>
<ns3:TrackPointExtension>
<ns3:hr>156</ns3:hr>
</ns3:TrackPointExtension>
</extensions>
</trkpt>
<trkpt lat="35.1747956331" lon="129.2001997132">
<ele>0</ele>
<time>2026-05-19T07:14:00.000Z</time><extensions>
<ns3:TrackPointExtension>
<ns3:hr>156</ns3:hr>
</ns3:TrackPointExtension>
</extensions>
</trkpt>
<trkpt lat="35.1748542719" lon="129.2001268243">
<ele>0</ele>
<time>2026-05-19T07:14:01.000Z</time><extensions>
<ns3:TrackPointExtension>
<ns3:hr>157</ns3:hr>
</ns3:TrackPointExtension>
</extensions>
</trkpt>
<trkpt lat="35.1749182231" lon="129.2000627389">
<ele>0</ele>
<time>2026-05-19T07:14:02.000Z</time><extensions>
<ns3:TrackPointExtension>
<ns3:hr>157</ns3:hr>
</ns3:TrackPointExtension>
</extensions>
</trkpt>
<trkpt lat="35.1749817496" lon="129.2000020107">
<ele>0</ele>
<time>2026-05-19T07:14:03.000Z</time><extensions>
<ns3:TrackPointExtension>
<ns3:hr>157</ns3:hr>
</ns3:TrackPointExtension>
</extensions>
</trkpt>
<trkpt lat="35.1750470534" lon="129.1999531695">
<ele>0</ele>
<time>2026-05-19T07:14:04.000Z</time><extensions>
<ns3:TrackPointExtension>
<ns3:hr>157</ns3:hr>
</ns3:TrackPointExtension>
</extensions>
</trkpt>
<trkpt lat="35.1751131558" lon="129.1999378887">
<ele>0</ele>
<time>2026-05-19T07:14:05.000Z</time><extensions>
<ns3:TrackPointExtension>
<ns3:hr>157</ns3:hr>
</ns3:TrackPointExtension>
</extensions>
</trkpt>
<trkpt lat="35.1751777085" lon="129.1999636504">
<ele>0</ele>
<time>2026-05-19T07:14:06.000Z</time><extensions>
<ns3:TrackPointExtension>
<ns3:hr>162</ns3:hr>
</ns3:TrackPointExtension>
</extensions>
</trkpt>
<trkpt lat="35.1752181199" lon="129.2000366872">
<ele>0</ele>
<time>2026-05-19T07:14:07.000Z</time><extensions>
<ns3:TrackPointExtension>
<ns3:hr>162</ns3:hr>
</ns3:TrackPointExtension>
</extensions>
</trkpt>
<trkpt lat="35.175219106" lon="129.2001141804">
<ele>0</ele>
<time>2026-05-19T07:14:08.000Z</time><extensions>
<ns3:TrackPointExtension>
<ns3:hr>162</ns3:hr>
</ns3:TrackPointExtension>
</extensions>
</trkpt>
<trkpt lat="35.1752014547" lon="129.200183736">
<ele>0</ele>
<time>2026-05-19T07:14:09.000Z</time><extensions>
<ns3:TrackPointExtension>
<ns3:hr>162</ns3:hr>
</ns3:TrackPointExtension>
</extensions>
</trkpt>
<trkpt lat="35.175183913" lon="129.2002441997">
<ele>0</ele>
<time>2026-05-19T07:14:10.000Z</time><extensions>
<ns3:TrackPointExtension>
<ns3:hr>162</ns3:hr>
</ns3:TrackPointExtension>
</extensions>
</trkpt>
<trkpt lat="35.1751685933" lon="129.2002959615">
<ele>0</ele>
<time>2026-05-19T07:14:11.000Z</time><extensions>
<ns3:TrackPointExtension>
<ns3:hr>160</ns3:hr>
</ns3:TrackPointExtension>
</extensions>
</trkpt>
<trkpt lat="35.1751558415" lon="129.2003425983">
<ele>0</ele>
<time>2026-05-19T07:14:12.000Z</time><extensions>
<ns3:TrackPointExtension>
<ns3:hr>160</ns3:hr>
</ns3:TrackPointExtension>
</extensions>
</trkpt>
<trkpt lat="35.1751420189" lon="129.2003720198">
<ele>0</ele>
<time>2026-05-19T07:14:13.000Z</time><extensions>
<ns3:TrackPointExtension>
<ns3:hr>160</ns3:hr>
</ns3:TrackPointExtension>
</extensions>
</trkpt>
<trkpt lat="35.175132031" lon="129.2003919699">
<ele>0</ele>
<time>2026-05-19T07:14:15.000Z</time><extensions>
<ns3:TrackPointExtension>
<ns3:hr>160</ns3:hr>
</ns3:TrackPointExtension>
</extensions>
</trkpt>
<trkpt lat="35.1751538784" lon="129.200391225">
<ele>0</ele>
<time>2026-05-19T07:14:19.000Z</time><extensions>
<ns3:TrackPointExtension>
<ns3:hr>161</ns3:hr>
</ns3:TrackPointExtension>
</extensions>
</trkpt>
<trkpt lat="35.1751532943" lon="129.2004031117">
<ele>0</ele>
<time>2026-05-19T07:14:20.000Z</time><extensions>
<ns3:TrackPointExtension>
<ns3:hr>161</ns3:hr>
</ns3:TrackPointExtension>
</extensions>
</trkpt>
<trkpt lat="35.1751573811" lon="129.2003752881">
<ele>0</ele>
<time>2026-05-19T07:14:26.000Z</time><extensions>
<ns3:TrackPointExtension>
<ns3:hr>161</ns3:hr>
</ns3:TrackPointExtension>
</extensions>
</trkpt>
<trkpt lat="35.1751592801" lon="129.200332627">
<ele>0</ele>
<time>2026-05-19T07:14:28.000Z</time><extensions>
<ns3:TrackPointExtension>
<ns3:hr>161</ns3:hr>
</ns3:TrackPointExtension>
</extensions>
</trkpt>
<trkpt lat="35.1751437243" lon="129.2003759619">
<ele>0</ele>
<time>2026-05-19T07:14:30.000Z</time><extensions>
<ns3:TrackPointExtension>
<ns3:hr>160</ns3:hr>
</ns3:TrackPointExtension>
</extensions>
</trkpt>
<trkpt lat="35.1751421172" lon="129.2003426257">
<ele>0</ele>
<time>2026-05-19T07:14:32.000Z</time><extensions>
<ns3:TrackPointExtension>
<ns3:hr>160</ns3:hr>
</ns3:TrackPointExtension>
</extensions>
</trkpt>
<trkpt lat="35.1751381624" lon="129.2003820231">
<ele>0</ele>
<time>2026-05-19T07:14:35.000Z</time><extensions>
<ns3:TrackPointExtension>
<ns3:hr>160</ns3:hr>
</ns3:TrackPointExtension>
</extensions>
</trkpt>
<trkpt lat="35.1751407907" lon="129.2004040768">
<ele>0</ele>
<time>2026-05-19T07:14:37.000Z</time><extensions>
<ns3:TrackPointExtension>
<ns3:hr>150</ns3:hr>
</ns3:TrackPointExtension>
</extensions>
</trkpt>
<trkpt lat="35.1751455893" lon="129.2004289117">
<ele>0</ele>
<time>2026-05-19T07:14:51.000Z</time><extensions>
<ns3:TrackPointExtension>
<ns3:hr>143</ns3:hr>
</ns3:TrackPointExtension>
</extensions>
</trkpt>
<trkpt lat="35.1751393395" lon="129.2004511328">
<ele>0</ele>
<time>2026-05-19T07:14:58.000Z</time><extensions>
<ns3:TrackPointExtension>
<ns3:hr>141</ns3:hr>
</ns3:TrackPointExtension>
</extensions>
</trkpt>
<trkpt lat="35.1751333518" lon="129.2004720595">
<ele>0</ele>
<time>2026-05-19T07:15:06.000Z</time><extensions>
<ns3:TrackPointExtension>
<ns3:hr>135</ns3:hr>
</ns3:TrackPointExtension>
</extensions>
</trkpt>
<trkpt lat="35.1751208596" lon="129.200490456">
<ele>0</ele>
<time>2026-05-19T07:15:14.000Z</time><extensions>
<ns3:TrackPointExtension>
<ns3:hr>136</ns3:hr>
</ns3:TrackPointExtension>
</extensions>
</trkpt>
<trkpt lat="35.1751133619" lon="129.2005137254">
<ele>0</ele>
<time>2026-05-19T07:15:21.000Z</time><extensions>
<ns3:TrackPointExtension>
<ns3:hr>135</ns3:hr>
</ns3:TrackPointExtension>
</extensions>
</trkpt>
<trkpt lat="35.1751013228" lon="129.2005342576">
<ele>0</ele>
<time>2026-05-19T07:15:29.000Z</time><extensions>
<ns3:TrackPointExtension>
<ns3:hr>132</ns3:hr>
</ns3:TrackPointExtension>
</extensions>
</trkpt>
<trkpt lat="35.1750897845" lon="129.2005528691">
<ele>0</ele>
<time>2026-05-19T07:15:37.000Z</time><extensions>
<ns3:TrackPointExtension>
<ns3:hr>127</ns3:hr>
</ns3:TrackPointExtension>
</extensions>
</trkpt>
<trkpt lat="35.1750810421" lon="129.2005722743">
<ele>0</ele>
<time>2026-05-19T07:15:47.000Z</time><extensions>
<ns3:TrackPointExtension>
<ns3:hr>122</ns3:hr>
</ns3:TrackPointExtension>
</extensions>
</trkpt>
<trkpt lat="35.1750785394" lon="129.2005959798">
<ele>0</ele>
<time>2026-05-19T07:15:58.000Z</time><extensions>
<ns3:TrackPointExtension>
<ns3:hr>115</ns3:hr>
</ns3:TrackPointExtension>
</extensions>
</trkpt>
<trkpt lat="35.1750767179" lon="129.200619165">
<ele>0</ele>
<time>2026-05-19T07:16:07.000Z</time><extensions>
<ns3:TrackPointExtension>
<ns3:hr>114</ns3:hr>
</ns3:TrackPointExtension>
</extensions>
</trkpt>
<trkpt lat="35.175068165" lon="129.2006410124">
<ele>0</ele>
<time>2026-05-19T07:16:15.000Z</time><extensions>
<ns3:TrackPointExtension>
<ns3:hr>114</ns3:hr>
</ns3:TrackPointExtension>
</extensions>
</trkpt>
<trkpt lat="35.1750585698" lon="129.2006599012">
<ele>0</ele>
<time>2026-05-19T07:16:22.000Z</time><extensions>
<ns3:TrackPointExtension>
<ns3:hr>111</ns3:hr>
</ns3:TrackPointExtension>
</extensions>
</trkpt>
<trkpt lat="35.1750505697" lon="129.2006800139">
<ele>0</ele>
<time>2026-05-19T07:16:28.000Z</time><extensions>
<ns3:TrackPointExtension>
<ns3:hr>113</ns3:hr>
</ns3:TrackPointExtension>
</extensions>
</trkpt>
<trkpt lat="35.1750434009" lon="129.2007010513">
<ele>0</ele>
<time>2026-05-19T07:16:33.000Z</time><extensions>
<ns3:TrackPointExtension>
<ns3:hr>111</ns3:hr>
</ns3:TrackPointExtension>
</extensions>
</trkpt>
<trkpt lat="35.1750430745" lon="129.2006777014">
<ele>0</ele>
<time>2026-05-19T07:16:44.000Z</time><extensions>
<ns3:TrackPointExtension>
<ns3:hr>113</ns3:hr>
</ns3:TrackPointExtension>
</extensions>
</trkpt>
<trkpt lat="35.1750485948" lon="129.2006549176">
<ele>0</ele>
<time>2026-05-19T07:16:49.000Z</time><extensions>
<ns3:TrackPointExtension>
<ns3:hr>115</ns3:hr>
</ns3:TrackPointExtension>
</extensions>
</trkpt>
<trkpt lat="35.1750490092" lon="129.2006290107">
<ele>0</ele>
<time>2026-05-19T07:16:54.000Z</time><extensions>
<ns3:TrackPointExtension>
<ns3:hr>115</ns3:hr>
</ns3:TrackPointExtension>
</extensions>
</trkpt>
<trkpt lat="35.1750478419" lon="129.200606881">
<ele>0</ele>
<time>2026-05-19T07:16:59.000Z</time><extensions>
<ns3:TrackPointExtension>
<ns3:hr>115</ns3:hr>
</ns3:TrackPointExtension>
</extensions>
</trkpt>
<trkpt lat="35.1750473166" lon="129.2005842522">
<ele>0</ele>
<time>2026-05-19T07:17:03.000Z</time><extensions>
<ns3:TrackPointExtension>
<ns3:hr>117</ns3:hr>
</ns3:TrackPointExtension>
</extensions>
</trkpt>
<trkpt lat="35.1750487224" lon="129.2005546602">
<ele>0</ele>
<time>2026-05-19T07:17:08.000Z</time><extensions>
<ns3:TrackPointExtension>
<ns3:hr>116</ns3:hr>
</ns3:TrackPointExtension>
</extensions>
</trkpt>
<trkpt lat="35.1750468837" lon="129.2005210543">
<ele>0</ele>
<time>2026-05-19T07:17:11.000Z</time><extensions>
<ns3:TrackPointExtension>
<ns3:hr>116</ns3:hr>
</ns3:TrackPointExtension>
</extensions>
</trkpt>
<trkpt lat="35.1750441033" lon="129.2004937155">
<ele>0</ele>
<time>2026-05-19T07:17:13.000Z</time><extensions>
<ns3:TrackPointExtension>
<ns3:hr>116</ns3:hr>
</ns3:TrackPointExtension>
</extensions>
</trkpt>
<trkpt lat="35.1750463463" lon="129.2004674123">
<ele>0</ele>
<time>2026-05-19T07:17:15.000Z</time><extensions>
<ns3:TrackPointExtension>
<ns3:hr>116</ns3:hr>
</ns3:TrackPointExtension>
</extensions>
</trkpt>
<trkpt lat="35.1750530674" lon="129.200428763">
<ele>0</ele>
<time>2026-05-19T07:17:17.000Z</time><extensions>
<ns3:TrackPointExtension>
<ns3:hr>119</ns3:hr>
</ns3:TrackPointExtension>
</extensions>
</trkpt>
<trkpt lat="35.1750579523" lon="129.2003997143">
<ele>0</ele>
<time>2026-05-19T07:17:18.000Z</time><extensions>
<ns3:TrackPointExtension>
<ns3:hr>119</ns3:hr>
</ns3:TrackPointExtension>
</extensions>
</trkpt>
<trkpt lat="35.175067951" lon="129.2003749848">
<ele>0</ele>
<time>2026-05-19T07:17:19.000Z</time><extensions>
<ns3:TrackPointExtension>
<ns3:hr>119</ns3:hr>
</ns3:TrackPointExtension>
</extensions>
</trkpt>
<trkpt lat="35.1750873212" lon="129.2003518555">
<ele>0</ele>
<time>2026-05-19T07:17:20.000Z</time><extensions>
<ns3:TrackPointExtension>
<ns3:hr>119</ns3:hr>
</ns3:TrackPointExtension>
</extensions>
</trkpt>
<trkpt lat="35.1751059785" lon="129.2003314366">
<ele>0</ele>
<time>2026-05-19T07:17:21.000Z</time><extensions>
<ns3:TrackPointExtension>
<ns3:hr>123</ns3:hr>
</ns3:TrackPointExtension>
</extensions>
</trkpt>
<trkpt lat="35.1751250524" lon="129.2003012209">
<ele>0</ele>
<time>2026-05-19T07:17:22.000Z</time><extensions>
<ns3:TrackPointExtension>
<ns3:hr>123</ns3:hr>
</ns3:TrackPointExtension>
</extensions>
</trkpt>
<trkpt lat="35.1751494815" lon="129.2002665943">
<ele>0</ele>
<time>2026-05-19T07:17:23.000Z</time><extensions>
<ns3:TrackPointExtension>
<ns3:hr>123</ns3:hr>
</ns3:TrackPointExtension>
</extensions>
</trkpt>
<trkpt lat="35.175173915" lon="129.2002239389">
<ele>0</ele>
<time>2026-05-19T07:17:24.000Z</time><extensions>
<ns3:TrackPointExtension>
<ns3:hr>123</ns3:hr>
</ns3:TrackPointExtension>
</extensions>
</trkpt>
<trkpt lat="35.1751987304" lon="129.2001767564">
<ele>0</ele>
<time>2026-05-19T07:17:25.000Z</time><extensions>
<ns3:TrackPointExtension>
<ns3:hr>123</ns3:hr>
</ns3:TrackPointExtension>
</extensions>
</trkpt>
<trkpt lat="35.1752242736" lon="129.2001360443">
<ele>0</ele>
<time>2026-05-19T07:17:26.000Z</time><extensions>
<ns3:TrackPointExtension>
<ns3:hr>123</ns3:hr>
</ns3:TrackPointExtension>
</extensions>
</trkpt>
<trkpt lat="35.1752520347" lon="129.2000935671">
<ele>0</ele>
<time>2026-05-19T07:17:27.000Z</time><extensions>
<ns3:TrackPointExtension>
<ns3:hr>129</ns3:hr>
</ns3:TrackPointExtension>
</extensions>
</trkpt>
<trkpt lat="35.175280995" lon="129.2000508188">
<ele>0</ele>
<time>2026-05-19T07:17:28.000Z</time><extensions>
<ns3:TrackPointExtension>
<ns3:hr>129</ns3:hr>
</ns3:TrackPointExtension>
</extensions>
</trkpt>
<trkpt lat="35.1753099334" lon="129.2000102916">
<ele>0</ele>
<time>2026-05-19T07:17:29.000Z</time><extensions>
<ns3:TrackPointExtension>
<ns3:hr>129</ns3:hr>
</ns3:TrackPointExtension>
</extensions>
</trkpt>
<trkpt lat="35.175340303" lon="129.1999657468">
<ele>0</ele>
<time>2026-05-19T07:17:30.000Z</time><extensions>
<ns3:TrackPointExtension>
<ns3:hr>129</ns3:hr>
</ns3:TrackPointExtension>
</extensions>
</trkpt>
<trkpt lat="35.1753746749" lon="129.1999273229">
<ele>0</ele>
<time>2026-05-19T07:17:31.000Z</time><extensions>
<ns3:TrackPointExtension>
<ns3:hr>129</ns3:hr>
</ns3:TrackPointExtension>
</extensions>
</trkpt>
<trkpt lat="35.1754070949" lon="129.1998790867">
<ele>0</ele>
<time>2026-05-19T07:17:32.000Z</time><extensions>
<ns3:TrackPointExtension>
<ns3:hr>142</ns3:hr>
</ns3:TrackPointExtension>
</extensions>
</trkpt>
<trkpt lat="35.175439838" lon="129.1998307401">
<ele>0</ele>
<time>2026-05-19T07:17:33.000Z</time><extensions>
<ns3:TrackPointExtension>
<ns3:hr>142</ns3:hr>
</ns3:TrackPointExtension>
</extensions>
</trkpt>
<trkpt lat="35.1754686435" lon="129.1997796617">
<ele>0</ele>
<time>2026-05-19T07:17:34.000Z</time><extensions>
<ns3:TrackPointExtension>
<ns3:hr>142</ns3:hr>
</ns3:TrackPointExtension>
</extensions>
</trkpt>
<trkpt lat="35.175497795" lon="129.1997297024">
<ele>0</ele>
<time>2026-05-19T07:17:35.000Z</time><extensions>
<ns3:TrackPointExtension>
<ns3:hr>142</ns3:hr>
</ns3:TrackPointExtension>
</extensions>
</trkpt>
<trkpt lat="35.175526589" lon="129.1996795531">
<ele>0</ele>
<time>2026-05-19T07:17:36.000Z</time><extensions>
<ns3:TrackPointExtension>
<ns3:hr>142</ns3:hr>
</ns3:TrackPointExtension>
</extensions>
</trkpt>
<trkpt lat="35.175553398" lon="129.1996420314">
<ele>0</ele>
<time>2026-05-19T07:17:37.000Z</time><extensions>
<ns3:TrackPointExtension>
<ns3:hr>149</ns3:hr>
</ns3:TrackPointExtension>
</extensions>
</trkpt>
<trkpt lat="35.1755650071" lon="129.1996101139">
<ele>0</ele>
<time>2026-05-19T07:17:38.000Z</time><extensions>
<ns3:TrackPointExtension>
<ns3:hr>149</ns3:hr>
</ns3:TrackPointExtension>
</extensions>
</trkpt>
<trkpt lat="35.1755712437" lon="129.1995760459">
<ele>0</ele>
<time>2026-05-19T07:17:40.000Z</time><extensions>
<ns3:TrackPointExtension>
<ns3:hr>149</ns3:hr>
</ns3:TrackPointExtension>
</extensions>
</trkpt>
<trkpt lat="35.1755778261" lon="129.1995513144">
<ele>0</ele>
<time>2026-05-19T07:17:43.000Z</time><extensions>
<ns3:TrackPointExtension>
<ns3:hr>159</ns3:hr>
</ns3:TrackPointExtension>
</extensions>
</trkpt>
<trkpt lat="35.1755770525" lon="129.199524477">
<ele>0</ele>
<time>2026-05-19T07:17:46.000Z</time><extensions>
<ns3:TrackPointExtension>
<ns3:hr>159</ns3:hr>
</ns3:TrackPointExtension>
</extensions>
</trkpt>
<trkpt lat="35.1755766692" lon="129.1994989187">
<ele>0</ele>
<time>2026-05-19T07:17:49.000Z</time><extensions>
<ns3:TrackPointExtension>
<ns3:hr>161</ns3:hr>
</ns3:TrackPointExtension>
</extensions>
</trkpt>
<trkpt lat="35.1755794315" lon="129.1994758944">
<ele>0</ele>
<time>2026-05-19T07:17:53.000Z</time><extensions>
<ns3:TrackPointExtension>
<ns3:hr>167</ns3:hr>
</ns3:TrackPointExtension>
</extensions>
</trkpt>
<trkpt lat="35.1755938761" lon="129.1994593019">
<ele>0</ele>
<time>2026-05-19T07:18:02.000Z</time><extensions>
<ns3:TrackPointExtension>
<ns3:hr>161</ns3:hr>
</ns3:TrackPointExtension>
</extensions>
</trkpt>
<trkpt lat="35.1756019208" lon="129.1994791334">
<ele>0</ele>
<time>2026-05-19T07:18:12.000Z</time><extensions>
<ns3:TrackPointExtension>
<ns3:hr>151</ns3:hr>
</ns3:TrackPointExtension>
</extensions>
</trkpt>
<trkpt lat="35.1755958498" lon="129.199500522">
<ele>0</ele>
<time>2026-05-19T07:18:24.000Z</time><extensions>
<ns3:TrackPointExtension>
<ns3:hr>149</ns3:hr>
</ns3:TrackPointExtension>
</extensions>
</trkpt>
<trkpt lat="35.1755946258" lon="129.1995260431">
<ele>0</ele>
<time>2026-05-19T07:18:34.000Z</time><extensions>
<ns3:TrackPointExtension>
<ns3:hr>144</ns3:hr>
</ns3:TrackPointExtension>
</extensions>
</trkpt>
<trkpt lat="35.1755894666" lon="129.1995485268">
<ele>0</ele>
<time>2026-05-19T07:18:40.000Z</time><extensions>
<ns3:TrackPointExtension>
<ns3:hr>142</ns3:hr>
</ns3:TrackPointExtension>
</extensions>
</trkpt>
<trkpt lat="35.175579864" lon="129.199569717">
<ele>0</ele>
<time>2026-05-19T07:18:47.000Z</time><extensions>
<ns3:TrackPointExtension>
<ns3:hr>136</ns3:hr>
</ns3:TrackPointExtension>
</extensions>
</trkpt>
<trkpt lat="35.1755731843" lon="129.1995924797">
<ele>0</ele>
<time>2026-05-19T07:18:55.000Z</time><extensions>
<ns3:TrackPointExtension>
<ns3:hr>133</ns3:hr>
</ns3:TrackPointExtension>
</extensions>
</trkpt>
<trkpt lat="35.1755670442" lon="129.1996145503">
<ele>0</ele>
<time>2026-05-19T07:19:01.000Z</time><extensions>
<ns3:TrackPointExtension>
<ns3:hr>126</ns3:hr>
</ns3:TrackPointExtension>
</extensions>
</trkpt>
<trkpt lat="35.1755596824" lon="129.1996358468">
<ele>0</ele>
<time>2026-05-19T07:19:07.000Z</time><extensions>
<ns3:TrackPointExtension>
<ns3:hr>126</ns3:hr>
</ns3:TrackPointExtension>
</extensions>
</trkpt>
<trkpt lat="35.1755496061" lon="129.1996557664">
<ele>0</ele>
<time>2026-05-19T07:19:14.000Z</time><extensions>
<ns3:TrackPointExtension>
<ns3:hr>124</ns3:hr>
</ns3:TrackPointExtension>
</extensions>
</trkpt>
<trkpt lat="35.1755412106" lon="129.1996757856">
<ele>0</ele>
<time>2026-05-19T07:19:23.000Z</time><extensions>
<ns3:TrackPointExtension>
<ns3:hr>120</ns3:hr>
</ns3:TrackPointExtension>
</extensions>
</trkpt>
<trkpt lat="35.1755357567" lon="129.1996998416">
<ele>0</ele>
<time>2026-05-19T07:19:33.000Z</time><extensions>
<ns3:TrackPointExtension>
<ns3:hr>118</ns3:hr>
</ns3:TrackPointExtension>
</extensions>
</trkpt>
<trkpt lat="35.1755262261" lon="129.1997200264">
<ele>0</ele>
<time>2026-05-19T07:19:41.000Z</time><extensions>
<ns3:TrackPointExtension>
<ns3:hr>116</ns3:hr>
</ns3:TrackPointExtension>
</extensions>
</trkpt>
<trkpt lat="35.175514736" lon="129.199738729">
<ele>0</ele>
<time>2026-05-19T07:19:48.000Z</time><extensions>
<ns3:TrackPointExtension>
<ns3:hr>115</ns3:hr>
</ns3:TrackPointExtension>
</extensions>
</trkpt>
<trkpt lat="35.1755076819" lon="129.1997596615">
<ele>0</ele>
<time>2026-05-19T07:19:54.000Z</time><extensions>
<ns3:TrackPointExtension>
<ns3:hr>117</ns3:hr>
</ns3:TrackPointExtension>
</extensions>
</trkpt>
<trkpt lat="35.1755054373" lon="129.1997829663">
<ele>0</ele>
<time>2026-05-19T07:20:01.000Z</time><extensions>
<ns3:TrackPointExtension>
<ns3:hr>121</ns3:hr>
</ns3:TrackPointExtension>
</extensions>
</trkpt>
<trkpt lat="35.1754905893" lon="129.1997966223">
<ele>0</ele>
<time>2026-05-19T07:20:14.000Z</time><extensions>
<ns3:TrackPointExtension>
<ns3:hr>115</ns3:hr>
</ns3:TrackPointExtension>
</extensions>
</trkpt>
<trkpt lat="35.1754903354" lon="129.199818862">
<ele>0</ele>
<time>2026-05-19T07:20:21.000Z</time><extensions>
<ns3:TrackPointExtension>
<ns3:hr>115</ns3:hr>
</ns3:TrackPointExtension>
</extensions>
</trkpt>
<trkpt lat="35.1754819384" lon="129.1998383951">
<ele>0</ele>
<time>2026-05-19T07:20:27.000Z</time><extensions>
<ns3:TrackPointExtension>
<ns3:hr>114</ns3:hr>
</ns3:TrackPointExtension>
</extensions>
</trkpt>
<trkpt lat="35.1754690929" lon="129.1998538705">
<ele>0</ele>
<time>2026-05-19T07:20:35.000Z</time><extensions>
<ns3:TrackPointExtension>
<ns3:hr>112</ns3:hr>
</ns3:TrackPointExtension>
</extensions>
</trkpt>
<trkpt lat="35.175467654" lon="129.1998790879">
<ele>0</ele>
<time>2026-05-19T07:20:44.000Z</time><extensions>
<ns3:TrackPointExtension>
<ns3:hr>114</ns3:hr>
</ns3:TrackPointExtension>
</extensions>
</trkpt>
<trkpt lat="35.1754564876" lon="129.1998971558">
<ele>0</ele>
<time>2026-05-19T07:20:52.000Z</time><extensions>
<ns3:TrackPointExtension>
<ns3:hr>114</ns3:hr>
</ns3:TrackPointExtension>
</extensions>
</trkpt>
<trkpt lat="35.1754450548" lon="129.1999175174">
<ele>0</ele>
<time>2026-05-19T07:21:00.000Z</time><extensions>
<ns3:TrackPointExtension>
<ns3:hr>113</ns3:hr>
</ns3:TrackPointExtension>
</extensions>
</trkpt>
<trkpt lat="35.1754370751" lon="129.1999375479">
<ele>0</ele>
<time>2026-05-19T07:21:05.000Z</time><extensions>
<ns3:TrackPointExtension>
<ns3:hr>115</ns3:hr>
</ns3:TrackPointExtension>
</extensions>
</trkpt>
<trkpt lat="35.1754267068" lon="129.1999591087">
<ele>0</ele>
<time>2026-05-19T07:21:10.000Z</time><extensions>
<ns3:TrackPointExtension>
<ns3:hr>116</ns3:hr>
</ns3:TrackPointExtension>
</extensions>
</trkpt>
<trkpt lat="35.1754134149" lon="129.1999797973">
<ele>0</ele>
<time>2026-05-19T07:21:16.000Z</time><extensions>
<ns3:TrackPointExtension>
<ns3:hr>117</ns3:hr>
</ns3:TrackPointExtension>
</extensions>
</trkpt>
<trkpt lat="35.1754091784" lon="129.2000021896">
<ele>0</ele>
<time>2026-05-19T07:21:21.000Z</time><extensions>
<ns3:TrackPointExtension>
<ns3:hr>114</ns3:hr>
</ns3:TrackPointExtension>
</extensions>
</trkpt>
<trkpt lat="35.1753957191" lon="129.2000188832">
<ele>0</ele>
<time>2026-05-19T07:21:26.000Z</time><extensions>
<ns3:TrackPointExtension>
<ns3:hr>114</ns3:hr>
</ns3:TrackPointExtension>
</extensions>
</trkpt>
<trkpt lat="35.175384623" lon="129.200036509">
<ele>0</ele>
<time>2026-05-19T07:21:32.000Z</time><extensions>
<ns3:TrackPointExtension>
<ns3:hr>114</ns3:hr>
</ns3:TrackPointExtension>
</extensions>
</trkpt>
<trkpt lat="35.1753785804" lon="129.2000582549">
<ele>0</ele>
<time>2026-05-19T07:21:37.000Z</time><extensions>
<ns3:TrackPointExtension>
<ns3:hr>114</ns3:hr>
</ns3:TrackPointExtension>
</extensions>
</trkpt>
<trkpt lat="35.1753692205" lon="129.2000849418">
<ele>0</ele>
<time>2026-05-19T07:21:43.000Z</time><extensions>
<ns3:TrackPointExtension>
<ns3:hr>113</ns3:hr>
</ns3:TrackPointExtension>
</extensions>
</trkpt>
<trkpt lat="35.1753610398" lon="129.2001078301">
<ele>0</ele>
<time>2026-05-19T07:21:49.000Z</time><extensions>
<ns3:TrackPointExtension>
<ns3:hr>112</ns3:hr>
</ns3:TrackPointExtension>
</extensions>
</trkpt>
<trkpt lat="35.1753523844" lon="129.2001290775">
<ele>0</ele>
<time>2026-05-19T07:21:54.000Z</time><extensions>
<ns3:TrackPointExtension>
<ns3:hr>110</ns3:hr>
</ns3:TrackPointExtension>
</extensions>
</trkpt>
<trkpt lat="35.1753494106" lon="129.2001514844">
<ele>0</ele>
<time>2026-05-19T07:21:59.000Z</time><extensions>
<ns3:TrackPointExtension>
<ns3:hr>110</ns3:hr>
</ns3:TrackPointExtension>
</extensions>
</trkpt>
<trkpt lat="35.1753410563" lon="129.2001720997">
<ele>0</ele>
<time>2026-05-19T07:22:03.000Z</time><extensions>
<ns3:TrackPointExtension>
<ns3:hr>111</ns3:hr>
</ns3:TrackPointExtension>
</extensions>
</trkpt>
<trkpt lat="35.1753351153" lon="129.2001974197">
<ele>0</ele>
<time>2026-05-19T07:22:12.000Z</time><extensions>
<ns3:TrackPointExtension>
<ns3:hr>112</ns3:hr>
</ns3:TrackPointExtension>
</extensions>
</trkpt>
<trkpt lat="35.1753296578" lon="129.2002197103">
<ele>0</ele>
<time>2026-05-19T07:22:18.000Z</time><extensions>
<ns3:TrackPointExtension>
<ns3:hr>113</ns3:hr>
</ns3:TrackPointExtension>
</extensions>
</trkpt>
<trkpt lat="35.1753217062" lon="129.2002424744">
<ele>0</ele>
<time>2026-05-19T07:22:24.000Z</time><extensions>
<ns3:TrackPointExtension>
<ns3:hr>113</ns3:hr>
</ns3:TrackPointExtension>
</extensions>
</trkpt>
<trkpt lat="35.1753168668" lon="129.2002654491">
<ele>0</ele>
<time>2026-05-19T07:22:30.000Z</time><extensions>
<ns3:TrackPointExtension>
<ns3:hr>112</ns3:hr>
</ns3:TrackPointExtension>
</extensions>
</trkpt>
<trkpt lat="35.1753135811" lon="129.2002892734">
<ele>0</ele>
<time>2026-05-19T07:22:37.000Z</time><extensions>
<ns3:TrackPointExtension>
<ns3:hr>113</ns3:hr>
</ns3:TrackPointExtension>
</extensions>
</trkpt>
<trkpt lat="35.175306098" lon="129.200310998">
<ele>0</ele>
<time>2026-05-19T07:22:41.000Z</time><extensions>
<ns3:TrackPointExtension>
<ns3:hr>113</ns3:hr>
</ns3:TrackPointExtension>
</extensions>
</trkpt>
<trkpt lat="35.1753039537" lon="129.2003402868">
<ele>0</ele>
<time>2026-05-19T07:22:44.000Z</time><extensions>
<ns3:TrackPointExtension>
<ns3:hr>113</ns3:hr>
</ns3:TrackPointExtension>
</extensions>
</trkpt>
<trkpt lat="35.1753071803" lon="129.2003891211">
<ele>0</ele>
<time>2026-05-19T07:22:50.000Z</time><extensions>
<ns3:TrackPointExtension>
<ns3:hr>113</ns3:hr>
</ns3:TrackPointExtension>
</extensions>
</trkpt>
<trkpt lat="35.1753348469" lon="129.2003857244">
<ele>0</ele>
<time>2026-05-19T07:22:52.000Z</time><extensions>
<ns3:TrackPointExtension>
<ns3:hr>113</ns3:hr>
</ns3:TrackPointExtension>
</extensions>
</trkpt>
<trkpt lat="35.1753193119" lon="129.2003707944">
<ele>0</ele>
<time>2026-05-19T07:22:53.000Z</time><extensions>
<ns3:TrackPointExtension>
<ns3:hr>113</ns3:hr>
</ns3:TrackPointExtension>
</extensions>
</trkpt>
<trkpt lat="35.175333742" lon="129.2003571933">
<ele>0</ele>
<time>2026-05-19T07:22:59.000Z</time><extensions>
<ns3:TrackPointExtension>
<ns3:hr>113</ns3:hr>
</ns3:TrackPointExtension>
</extensions>
</trkpt>
<trkpt lat="35.1753456456" lon="129.2003390375">
<ele>0</ele>
<time>2026-05-19T07:23:04.000Z</time><extensions>
<ns3:TrackPointExtension>
<ns3:hr>116</ns3:hr>
</ns3:TrackPointExtension>
</extensions>
</trkpt>
<trkpt lat="35.175367712" lon="129.2003386843">
<ele>0</ele>
<time>2026-05-19T07:23:06.000Z</time><extensions>
<ns3:TrackPointExtension>
<ns3:hr>116</ns3:hr>
</ns3:TrackPointExtension>
</extensions>
</trkpt>
<trkpt lat="35.1753382247" lon="129.200348865">
<ele>0</ele>
<time>2026-05-19T07:23:08.000Z</time><extensions>
<ns3:TrackPointExtension>
<ns3:hr>118</ns3:hr>
</ns3:TrackPointExtension>
</extensions>
</trkpt>
<trkpt lat="35.1753222879" lon="129.2003626958">
<ele>0</ele>
<time>2026-05-19T07:23:12.000Z</time><extensions>
<ns3:TrackPointExtension>
<ns3:hr>119</ns3:hr>
</ns3:TrackPointExtension>
</extensions>
</trkpt>
<trkpt lat="35.1753284368" lon="129.2003847324">
<ele>0</ele>
<time>2026-05-19T07:23:18.000Z</time><extensions>
<ns3:TrackPointExtension>
<ns3:hr>118</ns3:hr>
</ns3:TrackPointExtension>
</extensions>
</trkpt>
<trkpt lat="35.1753205609" lon="129.2004092609">
<ele>0</ele>
<time>2026-05-19T07:23:30.000Z</time><extensions>
<ns3:TrackPointExtension>
<ns3:hr>126</ns3:hr>
</ns3:TrackPointExtension>
</extensions>
</trkpt>
<trkpt lat="35.1753248486" lon="129.2004320249">
<ele>0</ele>
<time>2026-05-19T07:23:43.000Z</time><extensions>
<ns3:TrackPointExtension>
<ns3:hr>122</ns3:hr>
</ns3:TrackPointExtension>
</extensions>
</trkpt>
<trkpt lat="35.1753312621" lon="129.2004571298">
<ele>0</ele>
<time>2026-05-19T07:23:51.000Z</time><extensions>
<ns3:TrackPointExtension>
<ns3:hr>121</ns3:hr>
</ns3:TrackPointExtension>
</extensions>
</trkpt>
<trkpt lat="35.1753240254" lon="129.2004802235">
<ele>0</ele>
<time>2026-05-19T07:23:58.000Z</time><extensions>
<ns3:TrackPointExtension>
<ns3:hr>119</ns3:hr>
</ns3:TrackPointExtension>
</extensions>
</trkpt>
<trkpt lat="35.1753155304" lon="129.2004997358">
<ele>0</ele>
<time>2026-05-19T07:24:06.000Z</time><extensions>
<ns3:TrackPointExtension>
<ns3:hr>107</ns3:hr>
</ns3:TrackPointExtension>
</extensions>
</trkpt>
<trkpt lat="35.1753052191" lon="129.2005209248">
<ele>0</ele>
<time>2026-05-19T07:24:12.000Z</time><extensions>
<ns3:TrackPointExtension>
<ns3:hr>104</ns3:hr>
</ns3:TrackPointExtension>
</extensions>
</trkpt>
<trkpt lat="35.1753011701" lon="129.2005456023">
<ele>0</ele>
<time>2026-05-19T07:24:19.000Z</time><extensions>
<ns3:TrackPointExtension>
<ns3:hr>102</ns3:hr>
</ns3:TrackPointExtension>
</extensions>
</trkpt>
<trkpt lat="35.1752953823" lon="129.2005672543">
<ele>0</ele>
<time>2026-05-19T07:24:25.000Z</time><extensions>
<ns3:TrackPointExtension>
<ns3:hr>103</ns3:hr>
</ns3:TrackPointExtension>
</extensions>
</trkpt>
<trkpt lat="35.1752966716" lon="129.2005893517">
<ele>0</ele>
<time>2026-05-19T07:24:31.000Z</time><extensions>
<ns3:TrackPointExtension>
<ns3:hr>101</ns3:hr>
</ns3:TrackPointExtension>
</extensions>
</trkpt>
<trkpt lat="35.1752914016" lon="129.2006106209">
<ele>0</ele>
<time>2026-05-19T07:24:37.000Z</time><extensions>
<ns3:TrackPointExtension>
<ns3:hr>97</ns3:hr>
</ns3:TrackPointExtension>
</extensions>
</trkpt>
<trkpt lat="35.1752886497" lon="129.2006333121">
<ele>0</ele>
<time>2026-05-19T07:24:51.000Z</time><extensions>
<ns3:TrackPointExtension>
<ns3:hr>99</ns3:hr>
</ns3:TrackPointExtension>
</extensions>
</trkpt>
<trkpt lat="35.1752924523" lon="129.200656524">
<ele>0</ele>
<time>2026-05-19T07:24:57.000Z</time><extensions>
<ns3:TrackPointExtension>
<ns3:hr>100</ns3:hr>
</ns3:TrackPointExtension>
</extensions>
</trkpt>
<trkpt lat="35.1752896576" lon="129.2006823105">
<ele>0</ele>
<time>2026-05-19T07:25:02.000Z</time><extensions>
<ns3:TrackPointExtension>
<ns3:hr>103</ns3:hr>
</ns3:TrackPointExtension>
</extensions>
</trkpt>
<trkpt lat="35.1752813212" lon="129.200705067">
<ele>0</ele>
<time>2026-05-19T07:25:08.000Z</time><extensions>
<ns3:TrackPointExtension>
<ns3:hr>101</ns3:hr>
</ns3:TrackPointExtension>
</extensions>
</trkpt>
<trkpt lat="35.1752749358" lon="129.2007262631">
<ele>0</ele>
<time>2026-05-19T07:25:15.000Z</time><extensions>
<ns3:TrackPointExtension>
<ns3:hr>102</ns3:hr>
</ns3:TrackPointExtension>
</extensions>
</trkpt>
<trkpt lat="35.1752659164" lon="129.2007497086">
<ele>0</ele>
<time>2026-05-19T07:25:22.000Z</time><extensions>
<ns3:TrackPointExtension>
<ns3:hr>100</ns3:hr>
</ns3:TrackPointExtension>
</extensions>
</trkpt>
<trkpt lat="35.1752581133" lon="129.2007731463">
<ele>0</ele>
<time>2026-05-19T07:25:29.000Z</time><extensions>
<ns3:TrackPointExtension>
<ns3:hr>100</ns3:hr>
</ns3:TrackPointExtension>
</extensions>
</trkpt>
<trkpt lat="35.1752447194" lon="129.2007904827">
<ele>0</ele>
<time>2026-05-19T07:25:36.000Z</time><extensions>
<ns3:TrackPointExtension>
<ns3:hr>98</ns3:hr>
</ns3:TrackPointExtension>
</extensions>
</trkpt>
<trkpt lat="35.1752327794" lon="129.2008102287">
<ele>0</ele>
<time>2026-05-19T07:25:42.000Z</time><extensions>
<ns3:TrackPointExtension>
<ns3:hr>101</ns3:hr>
</ns3:TrackPointExtension>
</extensions>
</trkpt>
<trkpt lat="35.1752234046" lon="129.200831633">
<ele>0</ele>
<time>2026-05-19T07:25:47.000Z</time><extensions>
<ns3:TrackPointExtension>
<ns3:hr>102</ns3:hr>
</ns3:TrackPointExtension>
</extensions>
</trkpt>
<trkpt lat="35.1752153952" lon="129.2008516344">
<ele>0</ele>
<time>2026-05-19T07:25:53.000Z</time><extensions>
<ns3:TrackPointExtension>
<ns3:hr>96</ns3:hr>
</ns3:TrackPointExtension>
</extensions>
</trkpt>
<trkpt lat="35.1752105619" lon="129.2008771512">
<ele>0</ele>
<time>2026-05-19T07:25:57.000Z</time><extensions>
<ns3:TrackPointExtension>
<ns3:hr>95</ns3:hr>
</ns3:TrackPointExtension>
</extensions>
</trkpt>
<trkpt lat="35.1752061336" lon="129.2008986227">
<ele>0</ele>
<time>2026-05-19T07:26:00.000Z</time><extensions>
<ns3:TrackPointExtension>
<ns3:hr>95</ns3:hr>
</ns3:TrackPointExtension>
</extensions>
</trkpt>
<trkpt lat="35.1752024103" lon="129.2009238749">
<ele>0</ele>
<time>2026-05-19T07:26:04.000Z</time><extensions>
<ns3:TrackPointExtension>
<ns3:hr>96</ns3:hr>
</ns3:TrackPointExtension>
</extensions>
</trkpt>
<trkpt lat="35.1752024286" lon="129.2009459871">
<ele>0</ele>
<time>2026-05-19T07:26:08.000Z</time><extensions>
<ns3:TrackPointExtension>
<ns3:hr>97</ns3:hr>
</ns3:TrackPointExtension>
</extensions>
</trkpt>
<trkpt lat="35.1751988512" lon="129.2009690882">
<ele>0</ele>
<time>2026-05-19T07:26:12.000Z</time><extensions>
<ns3:TrackPointExtension>
<ns3:hr>97</ns3:hr>
</ns3:TrackPointExtension>
</extensions>
</trkpt>
<trkpt lat="35.1752010166" lon="129.2009924571">
<ele>0</ele>
<time>2026-05-19T07:26:16.000Z</time><extensions>
<ns3:TrackPointExtension>
<ns3:hr>98</ns3:hr>
</ns3:TrackPointExtension>
</extensions>
</trkpt>
<trkpt lat="35.1752033959" lon="129.2010178966">
<ele>0</ele>
<time>2026-05-19T07:26:19.000Z</time><extensions>
<ns3:TrackPointExtension>
<ns3:hr>98</ns3:hr>
</ns3:TrackPointExtension>
</extensions>
</trkpt>
<trkpt lat="35.1752113077" lon="129.2010384168">
<ele>0</ele>
<time>2026-05-19T07:26:22.000Z</time><extensions>
<ns3:TrackPointExtension>
<ns3:hr>99</ns3:hr>
</ns3:TrackPointExtension>
</extensions>
</trkpt>
<trkpt lat="35.175214141" lon="129.2010616436">
<ele>0</ele>
<time>2026-05-19T07:26:25.000Z</time><extensions>
<ns3:TrackPointExtension>
<ns3:hr>99</ns3:hr>
</ns3:TrackPointExtension>
</extensions>
</trkpt>
<trkpt lat="35.1752203404" lon="129.2010851355">
<ele>0</ele>
<time>2026-05-19T07:26:28.000Z</time><extensions>
<ns3:TrackPointExtension>
<ns3:hr>102</ns3:hr>
</ns3:TrackPointExtension>
</extensions>
</trkpt>
<trkpt lat="35.1752220499" lon="129.2011131171">
<ele>0</ele>
<time>2026-05-19T07:26:32.000Z</time><extensions>
<ns3:TrackPointExtension>
<ns3:hr>104</ns3:hr>
</ns3:TrackPointExtension>
</extensions>
</trkpt>
<trkpt lat="35.1752213615" lon="129.2011378059">
<ele>0</ele>
<time>2026-05-19T07:26:35.000Z</time><extensions>
<ns3:TrackPointExtension>
<ns3:hr>104</ns3:hr>
</ns3:TrackPointExtension>
</extensions>
</trkpt>
<trkpt lat="35.1752252281" lon="129.2011682621">
<ele>0</ele>
<time>2026-05-19T07:26:38.000Z</time><extensions>
<ns3:TrackPointExtension>
<ns3:hr>105</ns3:hr>
</ns3:TrackPointExtension>
</extensions>
</trkpt>
<trkpt lat="35.1752306906" lon="129.2011949165">
<ele>0</ele>
<time>2026-05-19T07:26:41.000Z</time><extensions>
<ns3:TrackPointExtension>
<ns3:hr>105</ns3:hr>
</ns3:TrackPointExtension>
</extensions>
</trkpt>
<trkpt lat="35.1752385168" lon="129.2012228899">
<ele>0</ele>
<time>2026-05-19T07:26:45.000Z</time><extensions>
<ns3:TrackPointExtension>
<ns3:hr>105</ns3:hr>
</ns3:TrackPointExtension>
</extensions>
</trkpt>
<trkpt lat="35.1752452342" lon="129.2012460194">
<ele>0</ele>
<time>2026-05-19T07:26:48.000Z</time><extensions>
<ns3:TrackPointExtension>
<ns3:hr>104</ns3:hr>
</ns3:TrackPointExtension>
</extensions>
</trkpt>
<trkpt lat="35.1752543998" lon="129.201268567">
<ele>0</ele>
<time>2026-05-19T07:26:51.000Z</time><extensions>
<ns3:TrackPointExtension>
<ns3:hr>104</ns3:hr>
</ns3:TrackPointExtension>
</extensions>
</trkpt>
<trkpt lat="35.1752642178" lon="129.2012901711">
<ele>0</ele>
<time>2026-05-19T07:26:54.000Z</time><extensions>
<ns3:TrackPointExtension>
<ns3:hr>105</ns3:hr>
</ns3:TrackPointExtension>
</extensions>
</trkpt>
<trkpt lat="35.1752822653" lon="129.2013091269">
<ele>0</ele>
<time>2026-05-19T07:26:57.000Z</time><extensions>
<ns3:TrackPointExtension>
<ns3:hr>105</ns3:hr>
</ns3:TrackPointExtension>
</extensions>
</trkpt>
<trkpt lat="35.1753012835" lon="129.2013262327">
<ele>0</ele>
<time>2026-05-19T07:27:00.000Z</time><extensions>
<ns3:TrackPointExtension>
<ns3:hr>105</ns3:hr>
</ns3:TrackPointExtension>
</extensions>
</trkpt>
<trkpt lat="35.1753191872" lon="129.2013458178">
<ele>0</ele>
<time>2026-05-19T07:27:03.000Z</time><extensions>
<ns3:TrackPointExtension>
<ns3:hr>103</ns3:hr>
</ns3:TrackPointExtension>
</extensions>
</trkpt>
<trkpt lat="35.1753360797" lon="129.2013660876">
<ele>0</ele>
<time>2026-05-19T07:27:06.000Z</time><extensions>
<ns3:TrackPointExtension>
<ns3:hr>103</ns3:hr>
</ns3:TrackPointExtension>
</extensions>
</trkpt>
<trkpt lat="35.1753515169" lon="129.2013859094">
<ele>0</ele>
<time>2026-05-19T07:27:09.000Z</time><extensions>
<ns3:TrackPointExtension>
<ns3:hr>104</ns3:hr>
</ns3:TrackPointExtension>
</extensions>
</trkpt>
<trkpt lat="35.1753683769" lon="129.2014057982">
<ele>0</ele>
<time>2026-05-19T07:27:12.000Z</time><extensions>
<ns3:TrackPointExtension>
<ns3:hr>104</ns3:hr>
</ns3:TrackPointExtension>
</extensions>
</trkpt>
<trkpt lat="35.1753847964" lon="129.2014204101">
<ele>0</ele>
<time>2026-05-19T07:27:15.000Z</time><extensions>
<ns3:TrackPointExtension>
<ns3:hr>104</ns3:hr>
</ns3:TrackPointExtension>
</extensions>
</trkpt>
<trkpt lat="35.1753988756" lon="129.2014358019">
<ele>0</ele>
<time>2026-05-19T07:27:18.000Z</time><extensions>
<ns3:TrackPointExtension>
<ns3:hr>104</ns3:hr>
</ns3:TrackPointExtension>
</extensions>
</trkpt>
<trkpt lat="35.1754205401" lon="129.2014505631">
<ele>0</ele>
<time>2026-05-19T07:27:22.000Z</time><extensions>
<ns3:TrackPointExtension>
<ns3:hr>103</ns3:hr>
</ns3:TrackPointExtension>
</extensions>
</trkpt>
<trkpt lat="35.1754375097" lon="129.2014652621">
<ele>0</ele>
<time>2026-05-19T07:27:25.000Z</time><extensions>
<ns3:TrackPointExtension>
<ns3:hr>103</ns3:hr>
</ns3:TrackPointExtension>
</extensions>
</trkpt>
<trkpt lat="35.1754431476" lon="129.2014724092">
<ele>0</ele>
<time>2026-05-19T07:27:26.000Z</time><extensions>
<ns3:TrackPointExtension>
<ns3:hr>103</ns3:hr>
</ns3:TrackPointExtension>
</extensions>
</trkpt>
<trkpt lat="35.1754751437" lon="129.2015093284">
<ele>0</ele>
<time>2026-05-19T07:27:31.000Z</time><extensions>
<ns3:TrackPointExtension>
<ns3:hr>104</ns3:hr>
</ns3:TrackPointExtension>
</extensions>
</trkpt>
<trkpt lat="35.175486087" lon="129.2015282004">
<ele>0</ele>
<time>2026-05-19T07:27:34.000Z</time><extensions>
<ns3:TrackPointExtension>
<ns3:hr>103</ns3:hr>
</ns3:TrackPointExtension>
</extensions>
</trkpt>
<trkpt lat="35.1754973773" lon="129.2015544254">
<ele>0</ele>
<time>2026-05-19T07:27:38.000Z</time><extensions>
<ns3:TrackPointExtension>
<ns3:hr>103</ns3:hr>
</ns3:TrackPointExtension>
</extensions>
</trkpt>
<trkpt lat="35.1755189955" lon="129.201569474">
<ele>0</ele>
<time>2026-05-19T07:27:41.000Z</time><extensions>
<ns3:TrackPointExtension>
<ns3:hr>103</ns3:hr>
</ns3:TrackPointExtension>
</extensions>
</trkpt>
<trkpt lat="35.1755361" lon="129.2015767919">
<ele>0</ele>
<time>2026-05-19T07:27:43.000Z</time><extensions>
<ns3:TrackPointExtension>
<ns3:hr>105</ns3:hr>
</ns3:TrackPointExtension>
</extensions>
</trkpt>
<trkpt lat="35.1755589664" lon="129.2015930462">
<ele>0</ele>
<time>2026-05-19T07:27:46.000Z</time><extensions>
<ns3:TrackPointExtension>
<ns3:hr>105</ns3:hr>
</ns3:TrackPointExtension>
</extensions>
</trkpt>
<trkpt lat="35.1755824724" lon="129.2015984754">
<ele>0</ele>
<time>2026-05-19T07:27:49.000Z</time><extensions>
<ns3:TrackPointExtension>
<ns3:hr>106</ns3:hr>
</ns3:TrackPointExtension>
</extensions>
</trkpt>
<trkpt lat="35.1756016622" lon="129.2016063372">
<ele>0</ele>
<time>2026-05-19T07:27:51.000Z</time><extensions>
<ns3:TrackPointExtension>
<ns3:hr>106</ns3:hr>
</ns3:TrackPointExtension>
</extensions>
</trkpt>
<trkpt lat="35.1756259725" lon="129.201614115">
<ele>0</ele>
<time>2026-05-19T07:27:54.000Z</time><extensions>
<ns3:TrackPointExtension>
<ns3:hr>103</ns3:hr>
</ns3:TrackPointExtension>
</extensions>
</trkpt>
<trkpt lat="35.1756442234" lon="129.2016225885">
<ele>0</ele>
<time>2026-05-19T07:27:56.000Z</time><extensions>
<ns3:TrackPointExtension>
<ns3:hr>103</ns3:hr>
</ns3:TrackPointExtension>
</extensions>
</trkpt>
<trkpt lat="35.1756671557" lon="129.2016308957">
<ele>0</ele>
<time>2026-05-19T07:27:59.000Z</time><extensions>
<ns3:TrackPointExtension>
<ns3:hr>103</ns3:hr>
</ns3:TrackPointExtension>
</extensions>
</trkpt>
<trkpt lat="35.1756878984" lon="129.2016364907">
<ele>0</ele>
<time>2026-05-19T07:28:02.000Z</time><extensions>
<ns3:TrackPointExtension>
<ns3:hr>103</ns3:hr>
</ns3:TrackPointExtension>
</extensions>
</trkpt>
<trkpt lat="35.1757035594" lon="129.201651912">
<ele>0</ele>
<time>2026-05-19T07:28:04.000Z</time><extensions>
<ns3:TrackPointExtension>
<ns3:hr>103</ns3:hr>
</ns3:TrackPointExtension>
</extensions>
</trkpt>
<trkpt lat="35.1757116522" lon="129.2016762105">
<ele>0</ele>
<time>2026-05-19T07:28:07.000Z</time><extensions>
<ns3:TrackPointExtension>
<ns3:hr>103</ns3:hr>
</ns3:TrackPointExtension>
</extensions>
</trkpt>
<trkpt lat="35.1757226239" lon="129.2016980488">
<ele>0</ele>
<time>2026-05-19T07:28:11.000Z</time><extensions>
<ns3:TrackPointExtension>
<ns3:hr>103</ns3:hr>
</ns3:TrackPointExtension>
</extensions>
</trkpt>
<trkpt lat="35.1757280893" lon="129.2017219722">
<ele>0</ele>
<time>2026-05-19T07:28:14.000Z</time><extensions>
<ns3:TrackPointExtension>
<ns3:hr>103</ns3:hr>
</ns3:TrackPointExtension>
</extensions>
</trkpt>
<trkpt lat="35.1757325552" lon="129.2017487481">
<ele>0</ele>
<time>2026-05-19T07:28:17.000Z</time><extensions>
<ns3:TrackPointExtension>
<ns3:hr>103</ns3:hr>
</ns3:TrackPointExtension>
</extensions>
</trkpt>
<trkpt lat="35.1757329269" lon="129.2017718449">
<ele>0</ele>
<time>2026-05-19T07:28:20.000Z</time><extensions>
<ns3:TrackPointExtension>
<ns3:hr>103</ns3:hr>
</ns3:TrackPointExtension>
</extensions>
</trkpt>
<trkpt lat="35.1757421591" lon="129.201792356">
<ele>0</ele>
<time>2026-05-19T07:28:27.000Z</time><extensions>
<ns3:TrackPointExtension>
<ns3:hr>102</ns3:hr>
</ns3:TrackPointExtension>
</extensions>
</trkpt>
<trkpt lat="35.1757631703" lon="129.2017909658">
<ele>0</ele>
<time>2026-05-19T07:28:31.000Z</time><extensions>
<ns3:TrackPointExtension>
<ns3:hr>103</ns3:hr>
</ns3:TrackPointExtension>
</extensions>
</trkpt>
<trkpt lat="35.1757846117" lon="129.2017838246">
<ele>0</ele>
<time>2026-05-19T07:28:34.000Z</time><extensions>
<ns3:TrackPointExtension>
<ns3:hr>103</ns3:hr>
</ns3:TrackPointExtension>
</extensions>
</trkpt>
<trkpt lat="35.1758034374" lon="129.2017803349">
<ele>0</ele>
<time>2026-05-19T07:28:38.000Z</time><extensions>
<ns3:TrackPointExtension>
<ns3:hr>103</ns3:hr>
</ns3:TrackPointExtension>
</extensions>
</trkpt>
<trkpt lat="35.1758242346" lon="129.2017757671">
<ele>0</ele>
<time>2026-05-19T07:28:42.000Z</time><extensions>
<ns3:TrackPointExtension>
<ns3:hr>103</ns3:hr>
</ns3:TrackPointExtension>
</extensions>
</trkpt>
<trkpt lat="35.1758465945" lon="129.2017767232">
<ele>0</ele>
<time>2026-05-19T07:28:46.000Z</time><extensions>
<ns3:TrackPointExtension>
<ns3:hr>103</ns3:hr>
</ns3:TrackPointExtension>
</extensions>
</trkpt>
<trkpt lat="35.1758648526" lon="129.2017732667">
<ele>0</ele>
<time>2026-05-19T07:28:49.000Z</time><extensions>
<ns3:TrackPointExtension>
<ns3:hr>100</ns3:hr>
</ns3:TrackPointExtension>
</extensions>
</trkpt>
<trkpt lat="35.175885543" lon="129.2017750516">
<ele>0</ele>
<time>2026-05-19T07:28:52.000Z</time><extensions>
<ns3:TrackPointExtension>
<ns3:hr>99</ns3:hr>
</ns3:TrackPointExtension>
</extensions>
</trkpt>
<trkpt lat="35.1759047522" lon="129.2017786563">
<ele>0</ele>
<time>2026-05-19T07:28:55.000Z</time><extensions>
<ns3:TrackPointExtension>
<ns3:hr>99</ns3:hr>
</ns3:TrackPointExtension>
</extensions>
</trkpt>
<trkpt lat="35.1759271645" lon="129.2017836151">
<ele>0</ele>
<time>2026-05-19T07:28:59.000Z</time><extensions>
<ns3:TrackPointExtension>
<ns3:hr>98</ns3:hr>
</ns3:TrackPointExtension>
</extensions>
</trkpt>
<trkpt lat="35.1759474222" lon="129.2017957381">
<ele>0</ele>
<time>2026-05-19T07:29:03.000Z</time><extensions>
<ns3:TrackPointExtension>
<ns3:hr>99</ns3:hr>
</ns3:TrackPointExtension>
</extensions>
</trkpt>
<trkpt lat="35.1759642263" lon="129.2018057597">
<ele>0</ele>
<time>2026-05-19T07:29:06.000Z</time><extensions>
<ns3:TrackPointExtension>
<ns3:hr>99</ns3:hr>
</ns3:TrackPointExtension>
</extensions>
</trkpt>
<trkpt lat="35.1759781869" lon="129.2018201042">
<ele>0</ele>
<time>2026-05-19T07:29:09.000Z</time><extensions>
<ns3:TrackPointExtension>
<ns3:hr>99</ns3:hr>
</ns3:TrackPointExtension>
</extensions>
</trkpt>
<trkpt lat="35.1759991694" lon="129.2018353947">
<ele>0</ele>
<time>2026-05-19T07:29:13.000Z</time><extensions>
<ns3:TrackPointExtension>
<ns3:hr>100</ns3:hr>
</ns3:TrackPointExtension>
</extensions>
</trkpt>
<trkpt lat="35.1760180431" lon="129.2018431697">
<ele>0</ele>
<time>2026-05-19T07:29:16.000Z</time><extensions>
<ns3:TrackPointExtension>
<ns3:hr>100</ns3:hr>
</ns3:TrackPointExtension>
</extensions>
</trkpt>
<trkpt lat="35.1760386617" lon="129.2018506183">
<ele>0</ele>
<time>2026-05-19T07:29:19.000Z</time><extensions>
<ns3:TrackPointExtension>
<ns3:hr>100</ns3:hr>
</ns3:TrackPointExtension>
</extensions>
</trkpt>
<trkpt lat="35.1760592793" lon="129.2018568479">
<ele>0</ele>
<time>2026-05-19T07:29:22.000Z</time><extensions>
<ns3:TrackPointExtension>
<ns3:hr>100</ns3:hr>
</ns3:TrackPointExtension>
</extensions>
</trkpt>
<trkpt lat="35.1760794224" lon="129.2018603285">
<ele>0</ele>
<time>2026-05-19T07:29:25.000Z</time><extensions>
<ns3:TrackPointExtension>
<ns3:hr>100</ns3:hr>
</ns3:TrackPointExtension>
</extensions>
</trkpt>
<trkpt lat="35.1760994053" lon="129.2018602845">
<ele>0</ele>
<time>2026-05-19T07:29:28.000Z</time><extensions>
<ns3:TrackPointExtension>
<ns3:hr>98</ns3:hr>
</ns3:TrackPointExtension>
</extensions>
</trkpt>
<trkpt lat="35.1761217622" lon="129.2018632097">
<ele>0</ele>
<time>2026-05-19T07:29:31.000Z</time><extensions>
<ns3:TrackPointExtension>
<ns3:hr>98</ns3:hr>
</ns3:TrackPointExtension>
</extensions>
</trkpt>
<trkpt lat="35.1761407532" lon="129.2018641485">
<ele>0</ele>
<time>2026-05-19T07:29:34.000Z</time><extensions>
<ns3:TrackPointExtension>
<ns3:hr>98</ns3:hr>
</ns3:TrackPointExtension>
</extensions>
</trkpt>
<trkpt lat="35.1761592367" lon="129.2018665546">
<ele>0</ele>
<time>2026-05-19T07:29:37.000Z</time><extensions>
<ns3:TrackPointExtension>
<ns3:hr>98</ns3:hr>
</ns3:TrackPointExtension>
</extensions>
</trkpt>
<trkpt lat="35.1761762156" lon="129.2018739824">
<ele>0</ele>
<time>2026-05-19T07:29:40.000Z</time><extensions>
<ns3:TrackPointExtension>
<ns3:hr>98</ns3:hr>
</ns3:TrackPointExtension>
</extensions>
</trkpt>
<trkpt lat="35.1761949708" lon="129.2018889634">
<ele>0</ele>
<time>2026-05-19T07:29:44.000Z</time><extensions>
<ns3:TrackPointExtension>
<ns3:hr>98</ns3:hr>
</ns3:TrackPointExtension>
</extensions>
</trkpt>
<trkpt lat="35.1762129397" lon="129.201904239">
<ele>0</ele>
<time>2026-05-19T07:29:48.000Z</time><extensions>
<ns3:TrackPointExtension>
<ns3:hr>98</ns3:hr>
</ns3:TrackPointExtension>
</extensions>
</trkpt>
<trkpt lat="35.17622823" lon="129.2019256813">
<ele>0</ele>
<time>2026-05-19T07:29:52.000Z</time><extensions>
<ns3:TrackPointExtension>
<ns3:hr>98</ns3:hr>
</ns3:TrackPointExtension>
</extensions>
</trkpt>
<trkpt lat="35.1762446151" lon="129.201947323">
<ele>0</ele>
<time>2026-05-19T07:29:56.000Z</time><extensions>
<ns3:TrackPointExtension>
<ns3:hr>98</ns3:hr>
</ns3:TrackPointExtension>
</extensions>
</trkpt>
<trkpt lat="35.1762583746" lon="129.2019620921">
<ele>0</ele>
<time>2026-05-19T07:29:59.000Z</time><extensions>
<ns3:TrackPointExtension>
<ns3:hr>97</ns3:hr>
</ns3:TrackPointExtension>
</extensions>
</trkpt>
<trkpt lat="35.1762763552" lon="129.2019806218">
<ele>0</ele>
<time>2026-05-19T07:30:03.000Z</time><extensions>
<ns3:TrackPointExtension>
<ns3:hr>96</ns3:hr>
</ns3:TrackPointExtension>
</extensions>
</trkpt>
<trkpt lat="35.176292546" lon="129.2019935449">
<ele>0</ele>
<time>2026-05-19T07:30:06.000Z</time><extensions>
<ns3:TrackPointExtension>
<ns3:hr>96</ns3:hr>
</ns3:TrackPointExtension>
</extensions>
</trkpt>
<trkpt lat="35.1763099598" lon="129.2020034035">
<ele>0</ele>
<time>2026-05-19T07:30:09.000Z</time><extensions>
<ns3:TrackPointExtension>
<ns3:hr>96</ns3:hr>
</ns3:TrackPointExtension>
</extensions>
</trkpt>
<trkpt lat="35.1763274695" lon="129.2020123505">
<ele>0</ele>
<time>2026-05-19T07:30:12.000Z</time><extensions>
<ns3:TrackPointExtension>
<ns3:hr>98</ns3:hr>
</ns3:TrackPointExtension>
</extensions>
</trkpt>
<trkpt lat="35.1763472357" lon="129.2020179198">
<ele>0</ele>
<time>2026-05-19T07:30:15.000Z</time><extensions>
<ns3:TrackPointExtension>
<ns3:hr>98</ns3:hr>
</ns3:TrackPointExtension>
</extensions>
</trkpt>
<trkpt lat="35.176365939" lon="129.2020208894">
<ele>0</ele>
<time>2026-05-19T07:30:18.000Z</time><extensions>
<ns3:TrackPointExtension>
<ns3:hr>98</ns3:hr>
</ns3:TrackPointExtension>
</extensions>
</trkpt>
<trkpt lat="35.1763858412" lon="129.2020320404">
<ele>0</ele>
<time>2026-05-19T07:30:21.000Z</time><extensions>
<ns3:TrackPointExtension>
<ns3:hr>98</ns3:hr>
</ns3:TrackPointExtension>
</extensions>
</trkpt>
<trkpt lat="35.1764054526" lon="129.202043355">
<ele>0</ele>
<time>2026-05-19T07:30:24.000Z</time><extensions>
<ns3:TrackPointExtension>
<ns3:hr>98</ns3:hr>
</ns3:TrackPointExtension>
</extensions>
</trkpt>
<trkpt lat="35.1764241089" lon="129.2020580905">
<ele>0</ele>
<time>2026-05-19T07:30:27.000Z</time><extensions>
<ns3:TrackPointExtension>
<ns3:hr>96</ns3:hr>
</ns3:TrackPointExtension>
</extensions>
</trkpt>
<trkpt lat="35.1764427418" lon="129.2020681432">
<ele>0</ele>
<time>2026-05-19T07:30:30.000Z</time><extensions>
<ns3:TrackPointExtension>
<ns3:hr>96</ns3:hr>
</ns3:TrackPointExtension>
</extensions>
</trkpt>
<trkpt lat="35.1764651568" lon="129.2020779243">
<ele>0</ele>
<time>2026-05-19T07:30:34.000Z</time><extensions>
<ns3:TrackPointExtension>
<ns3:hr>96</ns3:hr>
</ns3:TrackPointExtension>
</extensions>
</trkpt>
<trkpt lat="35.1764877531" lon="129.20208218">
<ele>0</ele>
<time>2026-05-19T07:30:38.000Z</time><extensions>
<ns3:TrackPointExtension>
<ns3:hr>96</ns3:hr>
</ns3:TrackPointExtension>
</extensions>
</trkpt>
<trkpt lat="35.1765077844" lon="129.202096427">
<ele>0</ele>
<time>2026-05-19T07:30:42.000Z</time><extensions>
<ns3:TrackPointExtension>
<ns3:hr>95</ns3:hr>
</ns3:TrackPointExtension>
</extensions>
</trkpt>
<trkpt lat="35.1765290509" lon="129.2020993183">
<ele>0</ele>
<time>2026-05-19T07:30:46.000Z</time><extensions>
<ns3:TrackPointExtension>
<ns3:hr>96</ns3:hr>
</ns3:TrackPointExtension>
</extensions>
</trkpt>
<trkpt lat="35.1765514698" lon="129.202095559">
<ele>0</ele>
<time>2026-05-19T07:30:50.000Z</time><extensions>
<ns3:TrackPointExtension>
<ns3:hr>96</ns3:hr>
</ns3:TrackPointExtension>
</extensions>
</trkpt>
<trkpt lat="35.1765734911" lon="129.2020967449">
<ele>0</ele>
<time>2026-05-19T07:30:54.000Z</time><extensions>
<ns3:TrackPointExtension>
<ns3:hr>100</ns3:hr>
</ns3:TrackPointExtension>
</extensions>
</trkpt>
<trkpt lat="35.1765935493" lon="129.2021045376">
<ele>0</ele>
<time>2026-05-19T07:30:57.000Z</time><extensions>
<ns3:TrackPointExtension>
<ns3:hr>101</ns3:hr>
</ns3:TrackPointExtension>
</extensions>
</trkpt>
<trkpt lat="35.1766135499" lon="129.2021126297">
<ele>0</ele>
<time>2026-05-19T07:31:01.000Z</time><extensions>
<ns3:TrackPointExtension>
<ns3:hr>101</ns3:hr>
</ns3:TrackPointExtension>
</extensions>
</trkpt>
<trkpt lat="35.1766319413" lon="129.2021243116">
<ele>0</ele>
<time>2026-05-19T07:31:04.000Z</time><extensions>
<ns3:TrackPointExtension>
<ns3:hr>101</ns3:hr>
</ns3:TrackPointExtension>
</extensions>
</trkpt>
<trkpt lat="35.1766454297" lon="129.2021396883">
<ele>0</ele>
<time>2026-05-19T07:31:07.000Z</time><extensions>
<ns3:TrackPointExtension>
<ns3:hr>101</ns3:hr>
</ns3:TrackPointExtension>
</extensions>
</trkpt>
<trkpt lat="35.176667739" lon="129.2021468831">
<ele>0</ele>
<time>2026-05-19T07:31:11.000Z</time><extensions>
<ns3:TrackPointExtension>
<ns3:hr>101</ns3:hr>
</ns3:TrackPointExtension>
</extensions>
</trkpt>
<trkpt lat="35.1766902342" lon="129.2021549808">
<ele>0</ele>
<time>2026-05-19T07:31:16.000Z</time><extensions>
<ns3:TrackPointExtension>
<ns3:hr>102</ns3:hr>
</ns3:TrackPointExtension>
</extensions>
</trkpt>
<trkpt lat="35.1767093218" lon="129.2021617734">
<ele>0</ele>
<time>2026-05-19T07:31:19.000Z</time><extensions>
<ns3:TrackPointExtension>
<ns3:hr>103</ns3:hr>
</ns3:TrackPointExtension>
</extensions>
</trkpt>
<trkpt lat="35.1767288078" lon="129.2021667316">
<ele>0</ele>
<time>2026-05-19T07:31:22.000Z</time><extensions>
<ns3:TrackPointExtension>
<ns3:hr>102</ns3:hr>
</ns3:TrackPointExtension>
</extensions>
</trkpt>
<trkpt lat="35.1767498545" lon="129.2021725528">
<ele>0</ele>
<time>2026-05-19T07:31:26.000Z</time><extensions>
<ns3:TrackPointExtension>
<ns3:hr>102</ns3:hr>
</ns3:TrackPointExtension>
</extensions>
</trkpt>
<trkpt lat="35.1767678692" lon="129.2021798671">
<ele>0</ele>
<time>2026-05-19T07:31:29.000Z</time><extensions>
<ns3:TrackPointExtension>
<ns3:hr>100</ns3:hr>
</ns3:TrackPointExtension>
</extensions>
</trkpt>
<trkpt lat="35.1767865583" lon="129.2021970855">
<ele>0</ele>
<time>2026-05-19T07:31:33.000Z</time><extensions>
<ns3:TrackPointExtension>
<ns3:hr>97</ns3:hr>
</ns3:TrackPointExtension>
</extensions>
</trkpt>
<trkpt lat="35.1768083644" lon="129.202208842">
<ele>0</ele>
<time>2026-05-19T07:31:36.000Z</time><extensions>
<ns3:TrackPointExtension>
<ns3:hr>97</ns3:hr>
</ns3:TrackPointExtension>
</extensions>
</trkpt>
<trkpt lat="35.1768331681" lon="129.2022142059">
<ele>0</ele>
<time>2026-05-19T07:31:39.000Z</time><extensions>
<ns3:TrackPointExtension>
<ns3:hr>97</ns3:hr>
</ns3:TrackPointExtension>
</extensions>
</trkpt>
<trkpt lat="35.1768580569" lon="129.202217667">
<ele>0</ele>
<time>2026-05-19T07:31:42.000Z</time><extensions>
<ns3:TrackPointExtension>
<ns3:hr>99</ns3:hr>
</ns3:TrackPointExtension>
</extensions>
</trkpt>
<trkpt lat="35.1768833657" lon="129.2022171704">
<ele>0</ele>
<time>2026-05-19T07:31:45.000Z</time><extensions>
<ns3:TrackPointExtension>
<ns3:hr>99</ns3:hr>
</ns3:TrackPointExtension>
</extensions>
</trkpt>
<trkpt lat="35.1769075523" lon="129.2022147024">
<ele>0</ele>
<time>2026-05-19T07:31:48.000Z</time><extensions>
<ns3:TrackPointExtension>
<ns3:hr>99</ns3:hr>
</ns3:TrackPointExtension>
</extensions>
</trkpt>
<trkpt lat="35.1769238348" lon="129.2022028689">
<ele>0</ele>
<time>2026-05-19T07:31:53.000Z</time><extensions>
<ns3:TrackPointExtension>
<ns3:hr>98</ns3:hr>
</ns3:TrackPointExtension>
</extensions>
</trkpt>
<trkpt lat="35.1769425192" lon="129.2021966254">
<ele>0</ele>
<time>2026-05-19T07:32:00.000Z</time><extensions>
<ns3:TrackPointExtension>
<ns3:hr>98</ns3:hr>
</ns3:TrackPointExtension>
</extensions>
</trkpt>
<trkpt lat="35.1769648667" lon="129.2021878812">
<ele>0</ele>
<time>2026-05-19T07:32:06.000Z</time><extensions>
<ns3:TrackPointExtension>
<ns3:hr>99</ns3:hr>
</ns3:TrackPointExtension>
</extensions>
</trkpt>
<trkpt lat="35.1769898512" lon="129.2021880761">
<ele>0</ele>
<time>2026-05-19T07:32:10.000Z</time><extensions>
<ns3:TrackPointExtension>
<ns3:hr>97</ns3:hr>
</ns3:TrackPointExtension>
</extensions>
</trkpt>
<trkpt lat="35.1770132378" lon="129.2021927221">
<ele>0</ele>
<time>2026-05-19T07:32:13.000Z</time><extensions>
<ns3:TrackPointExtension>
<ns3:hr>99</ns3:hr>
</ns3:TrackPointExtension>
</extensions>
</trkpt>
<trkpt lat="35.1770359869" lon="129.2021993002">
<ele>0</ele>
<time>2026-05-19T07:32:17.000Z</time><extensions>
<ns3:TrackPointExtension>
<ns3:hr>100</ns3:hr>
</ns3:TrackPointExtension>
</extensions>
</trkpt>
<trkpt lat="35.1770583811" lon="129.202212429">
<ele>0</ele>
<time>2026-05-19T07:32:20.000Z</time><extensions>
<ns3:TrackPointExtension>
<ns3:hr>100</ns3:hr>
</ns3:TrackPointExtension>
</extensions>
</trkpt>
<trkpt lat="35.177075782" lon="129.2022252257">
<ele>0</ele>
<time>2026-05-19T07:32:23.000Z</time><extensions>
<ns3:TrackPointExtension>
<ns3:hr>100</ns3:hr>
</ns3:TrackPointExtension>
</extensions>
</trkpt>
<trkpt lat="35.1770917817" lon="129.2022373829">
<ele>0</ele>
<time>2026-05-19T07:32:26.000Z</time><extensions>
<ns3:TrackPointExtension>
<ns3:hr>102</ns3:hr>
</ns3:TrackPointExtension>
</extensions>
</trkpt>
<trkpt lat="35.1771091563" lon="129.2022527368">
<ele>0</ele>
<time>2026-05-19T07:32:29.000Z</time><extensions>
<ns3:TrackPointExtension>
<ns3:hr>102</ns3:hr>
</ns3:TrackPointExtension>
</extensions>
</trkpt>
<trkpt lat="35.1771237548" lon="129.2022679873">
<ele>0</ele>
<time>2026-05-19T07:32:32.000Z</time><extensions>
<ns3:TrackPointExtension>
<ns3:hr>101</ns3:hr>
</ns3:TrackPointExtension>
</extensions>
</trkpt>
<trkpt lat="35.1771472332" lon="129.2022748451">
<ele>0</ele>
<time>2026-05-19T07:32:36.000Z</time><extensions>
<ns3:TrackPointExtension>
<ns3:hr>101</ns3:hr>
</ns3:TrackPointExtension>
</extensions>
</trkpt>
<trkpt lat="35.1771694258" lon="129.2022815014">
<ele>0</ele>
<time>2026-05-19T07:32:39.000Z</time><extensions>
<ns3:TrackPointExtension>
<ns3:hr>99</ns3:hr>
</ns3:TrackPointExtension>
</extensions>
</trkpt>
<trkpt lat="35.1771908507" lon="129.2022876632">
<ele>0</ele>
<time>2026-05-19T07:32:42.000Z</time><extensions>
<ns3:TrackPointExtension>
<ns3:hr>98</ns3:hr>
</ns3:TrackPointExtension>
</extensions>
</trkpt>
<trkpt lat="35.1772129695" lon="129.2022952484">
<ele>0</ele>
<time>2026-05-19T07:32:45.000Z</time><extensions>
<ns3:TrackPointExtension>
<ns3:hr>98</ns3:hr>
</ns3:TrackPointExtension>
</extensions>
</trkpt>
<trkpt lat="35.1772298907" lon="129.2023089409">
<ele>0</ele>
<time>2026-05-19T07:32:48.000Z</time><extensions>
<ns3:TrackPointExtension>
<ns3:hr>99</ns3:hr>
</ns3:TrackPointExtension>
</extensions>
</trkpt>
<trkpt lat="35.1772439436" lon="129.2023247335">
<ele>0</ele>
<time>2026-05-19T07:32:51.000Z</time><extensions>
<ns3:TrackPointExtension>
<ns3:hr>99</ns3:hr>
</ns3:TrackPointExtension>
</extensions>
</trkpt>
<trkpt lat="35.1772567688" lon="129.2023418638">
<ele>0</ele>
<time>2026-05-19T07:32:54.000Z</time><extensions>
<ns3:TrackPointExtension>
<ns3:hr>100</ns3:hr>
</ns3:TrackPointExtension>
</extensions>
</trkpt>
<trkpt lat="35.1772733833" lon="129.2023590433">
<ele>0</ele>
<time>2026-05-19T07:32:57.000Z</time><extensions>
<ns3:TrackPointExtension>
<ns3:hr>96</ns3:hr>
</ns3:TrackPointExtension>
</extensions>
</trkpt>
<trkpt lat="35.1772952154" lon="129.2023639888">
<ele>0</ele>
<time>2026-05-19T07:33:00.000Z</time><extensions>
<ns3:TrackPointExtension>
<ns3:hr>96</ns3:hr>
</ns3:TrackPointExtension>
</extensions>
</trkpt>
<trkpt lat="35.1773162495" lon="129.2023645035">
<ele>0</ele>
<time>2026-05-19T07:33:03.000Z</time><extensions>
<ns3:TrackPointExtension>
<ns3:hr>95</ns3:hr>
</ns3:TrackPointExtension>
</extensions>
</trkpt>
<trkpt lat="35.1773398902" lon="129.2023621953">
<ele>0</ele>
<time>2026-05-19T07:33:06.000Z</time><extensions>
<ns3:TrackPointExtension>
<ns3:hr>95</ns3:hr>
</ns3:TrackPointExtension>
</extensions>
</trkpt>
<trkpt lat="35.1773615704" lon="129.2023601141">
<ele>0</ele>
<time>2026-05-19T07:33:09.000Z</time><extensions>
<ns3:TrackPointExtension>
<ns3:hr>97</ns3:hr>
</ns3:TrackPointExtension>
</extensions>
</trkpt>
<trkpt lat="35.1773805605" lon="129.2023605819">
<ele>0</ele>
<time>2026-05-19T07:33:12.000Z</time><extensions>
<ns3:TrackPointExtension>
<ns3:hr>96</ns3:hr>
</ns3:TrackPointExtension>
</extensions>
</trkpt>
<trkpt lat="35.1774011211" lon="129.2023595381">
<ele>0</ele>
<time>2026-05-19T07:33:15.000Z</time><extensions>
<ns3:TrackPointExtension>
<ns3:hr>96</ns3:hr>
</ns3:TrackPointExtension>
</extensions>
</trkpt>
<trkpt lat="35.1774205396" lon="129.2023624384">
<ele>0</ele>
<time>2026-05-19T07:33:18.000Z</time><extensions>
<ns3:TrackPointExtension>
<ns3:hr>95</ns3:hr>
</ns3:TrackPointExtension>
</extensions>
</trkpt>
<trkpt lat="35.1774388447" lon="129.202366954">
<ele>0</ele>
<time>2026-05-19T07:33:21.000Z</time><extensions>
<ns3:TrackPointExtension>
<ns3:hr>95</ns3:hr>
</ns3:TrackPointExtension>
</extensions>
</trkpt>
<trkpt lat="35.1774616331" lon="129.2023678572">
<ele>0</ele>
<time>2026-05-19T07:33:25.000Z</time><extensions>
<ns3:TrackPointExtension>
<ns3:hr>95</ns3:hr>
</ns3:TrackPointExtension>
</extensions>
</trkpt>
<trkpt lat="35.177482605" lon="129.2023657289">
<ele>0</ele>
<time>2026-05-19T07:33:29.000Z</time><extensions>
<ns3:TrackPointExtension>
<ns3:hr>93</ns3:hr>
</ns3:TrackPointExtension>
</extensions>
</trkpt>
<trkpt lat="35.1775051918" lon="129.2023633321">
<ele>0</ele>
<time>2026-05-19T07:33:33.000Z</time><extensions>
<ns3:TrackPointExtension>
<ns3:hr>93</ns3:hr>
</ns3:TrackPointExtension>
</extensions>
</trkpt>
<trkpt lat="35.1775256827" lon="129.2023718498">
<ele>0</ele>
<time>2026-05-19T07:33:37.000Z</time><extensions>
<ns3:TrackPointExtension>
<ns3:hr>92</ns3:hr>
</ns3:TrackPointExtension>
</extensions>
</trkpt>
<trkpt lat="35.1775479006" lon="129.2023786335">
<ele>0</ele>
<time>2026-05-19T07:33:41.000Z</time><extensions>
<ns3:TrackPointExtension>
<ns3:hr>92</ns3:hr>
</ns3:TrackPointExtension>
</extensions>
</trkpt>
<trkpt lat="35.1775698095" lon="129.2023794942">
<ele>0</ele>
<time>2026-05-19T07:33:45.000Z</time><extensions>
<ns3:TrackPointExtension>
<ns3:hr>93</ns3:hr>
</ns3:TrackPointExtension>
</extensions>
</trkpt>
<trkpt lat="35.1775887918" lon="129.2023826041">
<ele>0</ele>
<time>2026-05-19T07:33:49.000Z</time><extensions>
<ns3:TrackPointExtension>
<ns3:hr>94</ns3:hr>
</ns3:TrackPointExtension>
</extensions>
</trkpt>
<trkpt lat="35.1776071781" lon="129.2023840983">
<ele>0</ele>
<time>2026-05-19T07:33:53.000Z</time><extensions>
<ns3:TrackPointExtension>
<ns3:hr>95</ns3:hr>
</ns3:TrackPointExtension>
</extensions>
</trkpt>
<trkpt lat="35.1776266735" lon="129.2023809784">
<ele>0</ele>
<time>2026-05-19T07:33:58.000Z</time><extensions>
<ns3:TrackPointExtension>
<ns3:hr>96</ns3:hr>
</ns3:TrackPointExtension>
</extensions>
</trkpt>
<trkpt lat="35.1776488501" lon="129.2023792716">
<ele>0</ele>
<time>2026-05-19T07:34:03.000Z</time><extensions>
<ns3:TrackPointExtension>
<ns3:hr>97</ns3:hr>
</ns3:TrackPointExtension>
</extensions>
</trkpt>
<trkpt lat="35.1776684296" lon="129.2023868327">
<ele>0</ele>
<time>2026-05-19T07:34:07.000Z</time><extensions>
<ns3:TrackPointExtension>
<ns3:hr>97</ns3:hr>
</ns3:TrackPointExtension>
</extensions>
</trkpt>
<trkpt lat="35.1776830299" lon="129.2024005895">
<ele>0</ele>
<time>2026-05-19T07:34:11.000Z</time><extensions>
<ns3:TrackPointExtension>
<ns3:hr>97</ns3:hr>
</ns3:TrackPointExtension>
</extensions>
</trkpt>
<trkpt lat="35.1777020902" lon="129.2024133304">
<ele>0</ele>
<time>2026-05-19T07:34:16.000Z</time><extensions>
<ns3:TrackPointExtension>
<ns3:hr>96</ns3:hr>
</ns3:TrackPointExtension>
</extensions>
</trkpt>
<trkpt lat="35.1777208443" lon="129.2024171882">
<ele>0</ele>
<time>2026-05-19T07:34:20.000Z</time><extensions>
<ns3:TrackPointExtension>
<ns3:hr>97</ns3:hr>
</ns3:TrackPointExtension>
</extensions>
</trkpt>
<trkpt lat="35.177740588" lon="129.202413962">
<ele>0</ele>
<time>2026-05-19T07:34:24.000Z</time><extensions>
<ns3:TrackPointExtension>
<ns3:hr>98</ns3:hr>
</ns3:TrackPointExtension>
</extensions>
</trkpt>
<trkpt lat="35.1777592246" lon="129.2024094878">
<ele>0</ele>
<time>2026-05-19T07:34:30.000Z</time><extensions>
<ns3:TrackPointExtension>
<ns3:hr>98</ns3:hr>
</ns3:TrackPointExtension>
</extensions>
</trkpt>
<trkpt lat="35.1777755434" lon="129.2023935425">
<ele>0</ele>
<time>2026-05-19T07:34:38.000Z</time><extensions>
<ns3:TrackPointExtension>
<ns3:hr>99</ns3:hr>
</ns3:TrackPointExtension>
</extensions>
</trkpt>
<trkpt lat="35.1777973805" lon="129.2023896951">
<ele>0</ele>
<time>2026-05-19T07:34:42.000Z</time><extensions>
<ns3:TrackPointExtension>
<ns3:hr>99</ns3:hr>
</ns3:TrackPointExtension>
</extensions>
</trkpt>
<trkpt lat="35.1778182389" lon="129.202388357">
<ele>0</ele>
<time>2026-05-19T07:34:46.000Z</time><extensions>
<ns3:TrackPointExtension>
<ns3:hr>100</ns3:hr>
</ns3:TrackPointExtension>
</extensions>
</trkpt>
<trkpt lat="35.1778362482" lon="129.2023830289">
<ele>0</ele>
<time>2026-05-19T07:34:50.000Z</time><extensions>
<ns3:TrackPointExtension>
<ns3:hr>100</ns3:hr>
</ns3:TrackPointExtension>
</extensions>
</trkpt>
<trkpt lat="35.1778551477" lon="129.2023740674">
<ele>0</ele>
<time>2026-05-19T07:34:54.000Z</time><extensions>
<ns3:TrackPointExtension>
<ns3:hr>100</ns3:hr>
</ns3:TrackPointExtension>
</extensions>
</trkpt>
<trkpt lat="35.1778728906" lon="129.20236962">
<ele>0</ele>
<time>2026-05-19T07:34:57.000Z</time><extensions>
<ns3:TrackPointExtension>
<ns3:hr>97</ns3:hr>
</ns3:TrackPointExtension>
</extensions>
</trkpt>
<trkpt lat="35.1778952905" lon="129.2023655473">
<ele>0</ele>
<time>2026-05-19T07:35:01.000Z</time><extensions>
<ns3:TrackPointExtension>
<ns3:hr>96</ns3:hr>
</ns3:TrackPointExtension>
</extensions>
</trkpt>
<trkpt lat="35.1779173551" lon="129.2023574606">
<ele>0</ele>
<time>2026-05-19T07:35:05.000Z</time><extensions>
<ns3:TrackPointExtension>
<ns3:hr>96</ns3:hr>
</ns3:TrackPointExtension>
</extensions>
</trkpt>
<trkpt lat="35.177939854" lon="129.2023506647">
<ele>0</ele>
<time>2026-05-19T07:35:09.000Z</time><extensions>
<ns3:TrackPointExtension>
<ns3:hr>96</ns3:hr>
</ns3:TrackPointExtension>
</extensions>
</trkpt>
<trkpt lat="35.1779644583" lon="129.2023463367">
<ele>0</ele>
<time>2026-05-19T07:35:13.000Z</time><extensions>
<ns3:TrackPointExtension>
<ns3:hr>92</ns3:hr>
</ns3:TrackPointExtension>
</extensions>
</trkpt>
<trkpt lat="35.1779842567" lon="129.202340244">
<ele>0</ele>
<time>2026-05-19T07:35:16.000Z</time><extensions>
<ns3:TrackPointExtension>
<ns3:hr>92</ns3:hr>
</ns3:TrackPointExtension>
</extensions>
</trkpt>
<trkpt lat="35.1780046889" lon="129.2023354961">
<ele>0</ele>
<time>2026-05-19T07:35:20.000Z</time><extensions>
<ns3:TrackPointExtension>
<ns3:hr>89</ns3:hr>
</ns3:TrackPointExtension>
</extensions>
</trkpt>
<trkpt lat="35.1780263962" lon="129.2023311561">
<ele>0</ele>
<time>2026-05-19T07:35:24.000Z</time><extensions>
<ns3:TrackPointExtension>
<ns3:hr>90</ns3:hr>
</ns3:TrackPointExtension>
</extensions>
</trkpt>
<trkpt lat="35.1780489046" lon="129.2023349725">
<ele>0</ele>
<time>2026-05-19T07:35:28.000Z</time><extensions>
<ns3:TrackPointExtension>
<ns3:hr>88</ns3:hr>
</ns3:TrackPointExtension>
</extensions>
</trkpt>
<trkpt lat="35.1780677034" lon="129.2023398831">
<ele>0</ele>
<time>2026-05-19T07:35:32.000Z</time><extensions>
<ns3:TrackPointExtension>
<ns3:hr>87</ns3:hr>
</ns3:TrackPointExtension>
</extensions>
</trkpt>
<trkpt lat="35.1780872793" lon="129.2023383845">
<ele>0</ele>
<time>2026-05-19T07:35:37.000Z</time><extensions>
<ns3:TrackPointExtension>
<ns3:hr>87</ns3:hr>
</ns3:TrackPointExtension>
</extensions>
</trkpt>
<trkpt lat="35.1781090669" lon="129.2023399278">
<ele>0</ele>
<time>2026-05-19T07:35:41.000Z</time><extensions>
<ns3:TrackPointExtension>
<ns3:hr>87</ns3:hr>
</ns3:TrackPointExtension>
</extensions>
</trkpt>
<trkpt lat="35.1781294843" lon="129.2023375812">
<ele>0</ele>
<time>2026-05-19T07:35:45.000Z</time><extensions>
<ns3:TrackPointExtension>
<ns3:hr>84</ns3:hr>
</ns3:TrackPointExtension>
</extensions>
</trkpt>
<trkpt lat="35.1781478242" lon="129.2023316497">
<ele>0</ele>
<time>2026-05-19T07:35:49.000Z</time><extensions>
<ns3:TrackPointExtension>
<ns3:hr>84</ns3:hr>
</ns3:TrackPointExtension>
</extensions>
</trkpt>
<trkpt lat="35.1781657342" lon="129.202339522">
<ele>0</ele>
<time>2026-05-19T07:35:53.000Z</time><extensions>
<ns3:TrackPointExtension>
<ns3:hr>86</ns3:hr>
</ns3:TrackPointExtension>
</extensions>
</trkpt>
<trkpt lat="35.1781845391" lon="129.2023521492">
<ele>0</ele>
<time>2026-05-19T07:35:57.000Z</time><extensions>
<ns3:TrackPointExtension>
<ns3:hr>85</ns3:hr>
</ns3:TrackPointExtension>
</extensions>
</trkpt>
<trkpt lat="35.1782042346" lon="129.2023551587">
<ele>0</ele>
<time>2026-05-19T07:36:01.000Z</time><extensions>
<ns3:TrackPointExtension>
<ns3:hr>85</ns3:hr>
</ns3:TrackPointExtension>
</extensions>
</trkpt>
<trkpt lat="35.1782264213" lon="129.2023529958">
<ele>0</ele>
<time>2026-05-19T07:36:05.000Z</time><extensions>
<ns3:TrackPointExtension>
<ns3:hr>87</ns3:hr>
</ns3:TrackPointExtension>
</extensions>
</trkpt>
<trkpt lat="35.178246286" lon="129.2023487025">
<ele>0</ele>
<time>2026-05-19T07:36:09.000Z</time><extensions>
<ns3:TrackPointExtension>
<ns3:hr>87</ns3:hr>
</ns3:TrackPointExtension>
</extensions>
</trkpt>
<trkpt lat="35.1782645257" lon="129.2023467105">
<ele>0</ele>
<time>2026-05-19T07:36:12.000Z</time><extensions>
<ns3:TrackPointExtension>
<ns3:hr>88</ns3:hr>
</ns3:TrackPointExtension>
</extensions>
</trkpt>
<trkpt lat="35.1782878692" lon="129.2023493222">
<ele>0</ele>
<time>2026-05-19T07:36:16.000Z</time><extensions>
<ns3:TrackPointExtension>
<ns3:hr>88</ns3:hr>
</ns3:TrackPointExtension>
</extensions>
</trkpt>
<trkpt lat="35.1783098017" lon="129.202345647">
<ele>0</ele>
<time>2026-05-19T07:36:20.000Z</time><extensions>
<ns3:TrackPointExtension>
<ns3:hr>89</ns3:hr>
</ns3:TrackPointExtension>
</extensions>
</trkpt>
<trkpt lat="35.1783333739" lon="129.2023478182">
<ele>0</ele>
<time>2026-05-19T07:36:24.000Z</time><extensions>
<ns3:TrackPointExtension>
<ns3:hr>89</ns3:hr>
</ns3:TrackPointExtension>
</extensions>
</trkpt>
<trkpt lat="35.1783517808" lon="129.2023478954">
<ele>0</ele>
<time>2026-05-19T07:36:27.000Z</time><extensions>
<ns3:TrackPointExtension>
<ns3:hr>88</ns3:hr>
</ns3:TrackPointExtension>
</extensions>
</trkpt>
<trkpt lat="35.1783723476" lon="129.2023492">
<ele>0</ele>
<time>2026-05-19T07:36:31.000Z</time><extensions>
<ns3:TrackPointExtension>
<ns3:hr>88</ns3:hr>
</ns3:TrackPointExtension>
</extensions>
</trkpt>
<trkpt lat="35.1783951994" lon="129.2023498826">
<ele>0</ele>
<time>2026-05-19T07:36:35.000Z</time><extensions>
<ns3:TrackPointExtension>
<ns3:hr>88</ns3:hr>
</ns3:TrackPointExtension>
</extensions>
</trkpt>
<trkpt lat="35.1784154223" lon="129.2023571202">
<ele>0</ele>
<time>2026-05-19T07:36:39.000Z</time><extensions>
<ns3:TrackPointExtension>
<ns3:hr>89</ns3:hr>
</ns3:TrackPointExtension>
</extensions>
</trkpt>
<trkpt lat="35.1784337474" lon="129.2023599038">
<ele>0</ele>
<time>2026-05-19T07:36:42.000Z</time><extensions>
<ns3:TrackPointExtension>
<ns3:hr>89</ns3:hr>
</ns3:TrackPointExtension>
</extensions>
</trkpt>
<trkpt lat="35.1784538572" lon="129.2023600303">
<ele>0</ele>
<time>2026-05-19T07:36:45.000Z</time><extensions>
<ns3:TrackPointExtension>
<ns3:hr>89</ns3:hr>
</ns3:TrackPointExtension>
</extensions>
</trkpt>
<trkpt lat="35.1784766481" lon="129.2023548678">
<ele>0</ele>
<time>2026-05-19T07:36:48.000Z</time><extensions>
<ns3:TrackPointExtension>
<ns3:hr>90</ns3:hr>
</ns3:TrackPointExtension>
</extensions>
</trkpt>
<trkpt lat="35.1784962534" lon="129.202356573">
<ele>0</ele>
<time>2026-05-19T07:36:51.000Z</time><extensions>
<ns3:TrackPointExtension>
<ns3:hr>91</ns3:hr>
</ns3:TrackPointExtension>
</extensions>
</trkpt>
<trkpt lat="35.1785199056" lon="129.2023492436">
<ele>0</ele>
<time>2026-05-19T07:36:55.000Z</time><extensions>
<ns3:TrackPointExtension>
<ns3:hr>91</ns3:hr>
</ns3:TrackPointExtension>
</extensions>
</trkpt>
<trkpt lat="35.1785381654" lon="129.2023416584">
<ele>0</ele>
<time>2026-05-19T07:36:59.000Z</time><extensions>
<ns3:TrackPointExtension>
<ns3:hr>90</ns3:hr>
</ns3:TrackPointExtension>
</extensions>
</trkpt>
<trkpt lat="35.1785565017" lon="129.202330539">
<ele>0</ele>
<time>2026-05-19T07:37:03.000Z</time><extensions>
<ns3:TrackPointExtension>
<ns3:hr>89</ns3:hr>
</ns3:TrackPointExtension>
</extensions>
</trkpt>
<trkpt lat="35.1785723113" lon="129.2023185632">
<ele>0</ele>
<time>2026-05-19T07:37:07.000Z</time><extensions>
<ns3:TrackPointExtension>
<ns3:hr>88</ns3:hr>
</ns3:TrackPointExtension>
</extensions>
</trkpt>
<trkpt lat="35.1785922332" lon="129.2023084485">
<ele>0</ele>
<time>2026-05-19T07:37:11.000Z</time><extensions>
<ns3:TrackPointExtension>
<ns3:hr>87</ns3:hr>
</ns3:TrackPointExtension>
</extensions>
</trkpt>
<trkpt lat="35.1786140473" lon="129.2023045301">
<ele>0</ele>
<time>2026-05-19T07:37:15.000Z</time><extensions>
<ns3:TrackPointExtension>
<ns3:hr>87</ns3:hr>
</ns3:TrackPointExtension>
</extensions>
</trkpt>
<trkpt lat="35.1786349281" lon="129.2022963848">
<ele>0</ele>
<time>2026-05-19T07:37:19.000Z</time><extensions>
<ns3:TrackPointExtension>
<ns3:hr>87</ns3:hr>
</ns3:TrackPointExtension>
</extensions>
</trkpt>
<trkpt lat="35.1786565332" lon="129.2022924194">
<ele>0</ele>
<time>2026-05-19T07:37:23.000Z</time><extensions>
<ns3:TrackPointExtension>
<ns3:hr>89</ns3:hr>
</ns3:TrackPointExtension>
</extensions>
</trkpt>
<trkpt lat="35.1786791801" lon="129.2022859311">
<ele>0</ele>
<time>2026-05-19T07:37:27.000Z</time><extensions>
<ns3:TrackPointExtension>
<ns3:hr>90</ns3:hr>
</ns3:TrackPointExtension>
</extensions>
</trkpt>
<trkpt lat="35.1787013706" lon="129.2022790049">
<ele>0</ele>
<time>2026-05-19T07:37:31.000Z</time><extensions>
<ns3:TrackPointExtension>
<ns3:hr>90</ns3:hr>
</ns3:TrackPointExtension>
</extensions>
</trkpt>
<trkpt lat="35.1787248889" lon="129.202276917">
<ele>0</ele>
<time>2026-05-19T07:37:35.000Z</time><extensions>
<ns3:TrackPointExtension>
<ns3:hr>95</ns3:hr>
</ns3:TrackPointExtension>
</extensions>
</trkpt>
<trkpt lat="35.1787462201" lon="129.2022728501">
<ele>0</ele>
<time>2026-05-19T07:37:39.000Z</time><extensions>
<ns3:TrackPointExtension>
<ns3:hr>92</ns3:hr>
</ns3:TrackPointExtension>
</extensions>
</trkpt>
<trkpt lat="35.1787641414" lon="129.2022685713">
<ele>0</ele>
<time>2026-05-19T07:37:42.000Z</time><extensions>
<ns3:TrackPointExtension>
<ns3:hr>90</ns3:hr>
</ns3:TrackPointExtension>
</extensions>
</trkpt>
<trkpt lat="35.1787860495" lon="129.2022611099">
<ele>0</ele>
<time>2026-05-19T07:37:46.000Z</time><extensions>
<ns3:TrackPointExtension>
<ns3:hr>90</ns3:hr>
</ns3:TrackPointExtension>
</extensions>
</trkpt>
<trkpt lat="35.1788041544" lon="129.2022571451">
<ele>0</ele>
<time>2026-05-19T07:37:50.000Z</time><extensions>
<ns3:TrackPointExtension>
<ns3:hr>88</ns3:hr>
</ns3:TrackPointExtension>
</extensions>
</trkpt>
<trkpt lat="35.1788252768" lon="129.202254154">
<ele>0</ele>
<time>2026-05-19T07:37:54.000Z</time><extensions>
<ns3:TrackPointExtension>
<ns3:hr>87</ns3:hr>
</ns3:TrackPointExtension>
</extensions>
</trkpt>
<trkpt lat="35.178841471" lon="129.2022645376">
<ele>0</ele>
<time>2026-05-19T07:37:57.000Z</time><extensions>
<ns3:TrackPointExtension>
<ns3:hr>86</ns3:hr>
</ns3:TrackPointExtension>
</extensions>
</trkpt>
<trkpt lat="35.1788596693" lon="129.2022786891">
<ele>0</ele>
<time>2026-05-19T07:38:01.000Z</time><extensions>
<ns3:TrackPointExtension>
<ns3:hr>86</ns3:hr>
</ns3:TrackPointExtension>
</extensions>
</trkpt>
<trkpt lat="35.1788723604" lon="129.2022955971">
<ele>0</ele>
<time>2026-05-19T07:38:05.000Z</time><extensions>
<ns3:TrackPointExtension>
<ns3:hr>86</ns3:hr>
</ns3:TrackPointExtension>
</extensions>
</trkpt>
<trkpt lat="35.1788875549" lon="129.2023126234">
<ele>0</ele>
<time>2026-05-19T07:38:09.000Z</time><extensions>
<ns3:TrackPointExtension>
<ns3:hr>88</ns3:hr>
</ns3:TrackPointExtension>
</extensions>
</trkpt>
<trkpt lat="35.1789035804" lon="129.2023294684">
<ele>0</ele>
<time>2026-05-19T07:38:13.000Z</time><extensions>
<ns3:TrackPointExtension>
<ns3:hr>88</ns3:hr>
</ns3:TrackPointExtension>
</extensions>
</trkpt>
<trkpt lat="35.1789171551" lon="129.2023481303">
<ele>0</ele>
<time>2026-05-19T07:38:18.000Z</time><extensions>
<ns3:TrackPointExtension>
<ns3:hr>87</ns3:hr>
</ns3:TrackPointExtension>
</extensions>
</trkpt>
<trkpt lat="35.1789310852" lon="129.2023654253">
<ele>0</ele>
<time>2026-05-19T07:38:22.000Z</time><extensions>
<ns3:TrackPointExtension>
<ns3:hr>87</ns3:hr>
</ns3:TrackPointExtension>
</extensions>
</trkpt>
<trkpt lat="35.1789526387" lon="129.2023727807">
<ele>0</ele>
<time>2026-05-19T07:38:27.000Z</time><extensions>
<ns3:TrackPointExtension>
<ns3:hr>85</ns3:hr>
</ns3:TrackPointExtension>
</extensions>
</trkpt>
<trkpt lat="35.1789757083" lon="129.2023745913">
<ele>0</ele>
<time>2026-05-19T07:38:32.000Z</time><extensions>
<ns3:TrackPointExtension>
<ns3:hr>83</ns3:hr>
</ns3:TrackPointExtension>
</extensions>
</trkpt>
<trkpt lat="35.178994231" lon="129.2023759573">
<ele>0</ele>
<time>2026-05-19T07:38:36.000Z</time><extensions>
<ns3:TrackPointExtension>
<ns3:hr>83</ns3:hr>
</ns3:TrackPointExtension>
</extensions>
</trkpt>
<trkpt lat="35.179012675" lon="129.2023817176">
<ele>0</ele>
<time>2026-05-19T07:38:40.000Z</time><extensions>
<ns3:TrackPointExtension>
<ns3:hr>87</ns3:hr>
</ns3:TrackPointExtension>
</extensions>
</trkpt>
<trkpt lat="35.1790341125" lon="129.2023892272">
<ele>0</ele>
<time>2026-05-19T07:38:45.000Z</time><extensions>
<ns3:TrackPointExtension>
<ns3:hr>88</ns3:hr>
</ns3:TrackPointExtension>
</extensions>
</trkpt>
<trkpt lat="35.1790544348" lon="129.2023939534">
<ele>0</ele>
<time>2026-05-19T07:38:49.000Z</time><extensions>
<ns3:TrackPointExtension>
<ns3:hr>87</ns3:hr>
</ns3:TrackPointExtension>
</extensions>
</trkpt>
<trkpt lat="35.1790732031" lon="129.2023965635">
<ele>0</ele>
<time>2026-05-19T07:38:53.000Z</time><extensions>
<ns3:TrackPointExtension>
<ns3:hr>86</ns3:hr>
</ns3:TrackPointExtension>
</extensions>
</trkpt>
<trkpt lat="35.1790957404" lon="129.2023983922">
<ele>0</ele>
<time>2026-05-19T07:38:57.000Z</time><extensions>
<ns3:TrackPointExtension>
<ns3:hr>83</ns3:hr>
</ns3:TrackPointExtension>
</extensions>
</trkpt>
<trkpt lat="35.1791125843" lon="129.2024063101">
<ele>0</ele>
<time>2026-05-19T07:39:00.000Z</time><extensions>
<ns3:TrackPointExtension>
<ns3:hr>83</ns3:hr>
</ns3:TrackPointExtension>
</extensions>
</trkpt>
<trkpt lat="35.1791298923" lon="129.2024145309">
<ele>0</ele>
<time>2026-05-19T07:39:04.000Z</time><extensions>
<ns3:TrackPointExtension>
<ns3:hr>83</ns3:hr>
</ns3:TrackPointExtension>
</extensions>
</trkpt>
<trkpt lat="35.1791472044" lon="129.2024290609">
<ele>0</ele>
<time>2026-05-19T07:39:08.000Z</time><extensions>
<ns3:TrackPointExtension>
<ns3:hr>84</ns3:hr>
</ns3:TrackPointExtension>
</extensions>
</trkpt>
<trkpt lat="35.1791608004" lon="129.2024438521">
<ele>0</ele>
<time>2026-05-19T07:39:12.000Z</time><extensions>
<ns3:TrackPointExtension>
<ns3:hr>86</ns3:hr>
</ns3:TrackPointExtension>
</extensions>
</trkpt>
<trkpt lat="35.1791767852" lon="129.2024632602">
<ele>0</ele>
<time>2026-05-19T07:39:17.000Z</time><extensions>
<ns3:TrackPointExtension>
<ns3:hr>89</ns3:hr>
</ns3:TrackPointExtension>
</extensions>
</trkpt>
<trkpt lat="35.1791899636" lon="129.202478812">
<ele>0</ele>
<time>2026-05-19T07:39:21.000Z</time><extensions>
<ns3:TrackPointExtension>
<ns3:hr>84</ns3:hr>
</ns3:TrackPointExtension>
</extensions>
</trkpt>
<trkpt lat="35.1792078729" lon="129.2024887329">
<ele>0</ele>
<time>2026-05-19T07:39:27.000Z</time><extensions>
<ns3:TrackPointExtension>
<ns3:hr>84</ns3:hr>
</ns3:TrackPointExtension>
</extensions>
</trkpt>
<trkpt lat="35.179227885" lon="129.2024898727">
<ele>0</ele>
<time>2026-05-19T07:39:31.000Z</time><extensions>
<ns3:TrackPointExtension>
<ns3:hr>86</ns3:hr>
</ns3:TrackPointExtension>
</extensions>
</trkpt>
<trkpt lat="35.1792470236" lon="129.2024878211">
<ele>0</ele>
<time>2026-05-19T07:39:34.000Z</time><extensions>
<ns3:TrackPointExtension>
<ns3:hr>86</ns3:hr>
</ns3:TrackPointExtension>
</extensions>
</trkpt>
<trkpt lat="35.1792673185" lon="129.2024844845">
<ele>0</ele>
<time>2026-05-19T07:39:38.000Z</time><extensions>
<ns3:TrackPointExtension>
<ns3:hr>86</ns3:hr>
</ns3:TrackPointExtension>
</extensions>
</trkpt>
<trkpt lat="35.1792873166" lon="129.2024817372">
<ele>0</ele>
<time>2026-05-19T07:39:43.000Z</time><extensions>
<ns3:TrackPointExtension>
<ns3:hr>85</ns3:hr>
</ns3:TrackPointExtension>
</extensions>
</trkpt>
<trkpt lat="35.1793118622" lon="129.2024855115">
<ele>0</ele>
<time>2026-05-19T07:39:52.000Z</time><extensions>
<ns3:TrackPointExtension>
<ns3:hr>83</ns3:hr>
</ns3:TrackPointExtension>
</extensions>
</trkpt>
<trkpt lat="35.1793267531" lon="129.20249866">
<ele>0</ele>
<time>2026-05-19T07:39:57.000Z</time><extensions>
<ns3:TrackPointExtension>
<ns3:hr>92</ns3:hr>
</ns3:TrackPointExtension>
</extensions>
</trkpt>
<trkpt lat="35.17934088" lon="129.2025132444">
<ele>0</ele>
<time>2026-05-19T07:40:06.000Z</time><extensions>
<ns3:TrackPointExtension>
<ns3:hr>93</ns3:hr>
</ns3:TrackPointExtension>
</extensions>
</trkpt>
<trkpt lat="35.1793599875" lon="129.2025124144">
<ele>0</ele>
<time>2026-05-19T07:40:19.000Z</time><extensions>
<ns3:TrackPointExtension>
<ns3:hr>93</ns3:hr>
</ns3:TrackPointExtension>
</extensions>
</trkpt>
<trkpt lat="35.1793785107" lon="129.2025218921">
<ele>0</ele>
<time>2026-05-19T07:40:49.000Z</time><extensions>
<ns3:TrackPointExtension>
<ns3:hr>95</ns3:hr>
</ns3:TrackPointExtension>
</extensions>
</trkpt>
<trkpt lat="35.1793963332" lon="129.2025263434">
<ele>0</ele>
<time>2026-05-19T07:40:52.000Z</time><extensions>
<ns3:TrackPointExtension>
<ns3:hr>98</ns3:hr>
</ns3:TrackPointExtension>
</extensions>
</trkpt>
<trkpt lat="35.1794137087" lon="129.2025336793">
<ele>0</ele>
<time>2026-05-19T07:40:57.000Z</time><extensions>
<ns3:TrackPointExtension>
<ns3:hr>97</ns3:hr>
</ns3:TrackPointExtension>
</extensions>
</trkpt>
<trkpt lat="35.1794338058" lon="129.2025368931">
<ele>0</ele>
<time>2026-05-19T07:41:01.000Z</time><extensions>
<ns3:TrackPointExtension>
<ns3:hr>97</ns3:hr>
</ns3:TrackPointExtension>
</extensions>
</trkpt>
<trkpt lat="35.1794536388" lon="129.2025415975">
<ele>0</ele>
<time>2026-05-19T07:41:05.000Z</time><extensions>
<ns3:TrackPointExtension>
<ns3:hr>97</ns3:hr>
</ns3:TrackPointExtension>
</extensions>
</trkpt>
<trkpt lat="35.1794719329" lon="129.2025476128">
<ele>0</ele>
<time>2026-05-19T07:41:09.000Z</time><extensions>
<ns3:TrackPointExtension>
<ns3:hr>97</ns3:hr>
</ns3:TrackPointExtension>
</extensions>
</trkpt>
<trkpt lat="35.1794935978" lon="129.2025550239">
<ele>0</ele>
<time>2026-05-19T07:41:13.000Z</time><extensions>
<ns3:TrackPointExtension>
<ns3:hr>95</ns3:hr>
</ns3:TrackPointExtension>
</extensions>
</trkpt>
<trkpt lat="35.179512647" lon="129.2025656178">
<ele>0</ele>
<time>2026-05-19T07:41:17.000Z</time><extensions>
<ns3:TrackPointExtension>
<ns3:hr>95</ns3:hr>
</ns3:TrackPointExtension>
</extensions>
</trkpt>
<trkpt lat="35.1795345146" lon="129.2025729054">
<ele>0</ele>
<time>2026-05-19T07:41:21.000Z</time><extensions>
<ns3:TrackPointExtension>
<ns3:hr>95</ns3:hr>
</ns3:TrackPointExtension>
</extensions>
</trkpt>
<trkpt lat="35.179553953" lon="129.2025784035">
<ele>0</ele>
<time>2026-05-19T07:41:26.000Z</time><extensions>
<ns3:TrackPointExtension>
<ns3:hr>97</ns3:hr>
</ns3:TrackPointExtension>
</extensions>
</trkpt>
<trkpt lat="35.1795719821" lon="129.2025817489">
<ele>0</ele>
<time>2026-05-19T07:41:32.000Z</time><extensions>
<ns3:TrackPointExtension>
<ns3:hr>98</ns3:hr>
</ns3:TrackPointExtension>
</extensions>
</trkpt>
<trkpt lat="35.1796264342" lon="129.2026073605">
<ele>0</ele>
<time>2026-05-19T07:41:45.000Z</time><extensions>
<ns3:TrackPointExtension>
<ns3:hr>106</ns3:hr>
</ns3:TrackPointExtension>
</extensions>
</trkpt>
<trkpt lat="35.1796459674" lon="129.2026129914">
<ele>0</ele>
<time>2026-05-19T07:41:49.000Z</time><extensions>
<ns3:TrackPointExtension>
<ns3:hr>110</ns3:hr>
</ns3:TrackPointExtension>
</extensions>
</trkpt>
<trkpt lat="35.1796647321" lon="129.2026183016">
<ele>0</ele>
<time>2026-05-19T07:41:53.000Z</time><extensions>
<ns3:TrackPointExtension>
<ns3:hr>108</ns3:hr>
</ns3:TrackPointExtension>
</extensions>
</trkpt>
<trkpt lat="35.1796827649" lon="129.2026264487">
<ele>0</ele>
<time>2026-05-19T07:41:57.000Z</time><extensions>
<ns3:TrackPointExtension>
<ns3:hr>103</ns3:hr>
</ns3:TrackPointExtension>
</extensions>
</trkpt>
<trkpt lat="35.1797037148" lon="129.2026298174">
<ele>0</ele>
<time>2026-05-19T07:42:01.000Z</time><extensions>
<ns3:TrackPointExtension>
<ns3:hr>103</ns3:hr>
</ns3:TrackPointExtension>
</extensions>
</trkpt>
<trkpt lat="35.1797227706" lon="129.202633155">
<ele>0</ele>
<time>2026-05-19T07:42:06.000Z</time><extensions>
<ns3:TrackPointExtension>
<ns3:hr>103</ns3:hr>
</ns3:TrackPointExtension>
</extensions>
</trkpt>
<trkpt lat="35.1797416355" lon="129.2026328527">
<ele>0</ele>
<time>2026-05-19T07:42:12.000Z</time><extensions>
<ns3:TrackPointExtension>
<ns3:hr>94</ns3:hr>
</ns3:TrackPointExtension>
</extensions>
</trkpt>
<trkpt lat="35.1797628302" lon="129.2026421603">
<ele>0</ele>
<time>2026-05-19T07:42:17.000Z</time><extensions>
<ns3:TrackPointExtension>
<ns3:hr>94</ns3:hr>
</ns3:TrackPointExtension>
</extensions>
</trkpt>
<trkpt lat="35.1797811501" lon="129.2026449556">
<ele>0</ele>
<time>2026-05-19T07:42:21.000Z</time><extensions>
<ns3:TrackPointExtension>
<ns3:hr>94</ns3:hr>
</ns3:TrackPointExtension>
</extensions>
</trkpt>
<trkpt lat="35.179799558" lon="129.202648311">
<ele>0</ele>
<time>2026-05-19T07:42:25.000Z</time><extensions>
<ns3:TrackPointExtension>
<ns3:hr>96</ns3:hr>
</ns3:TrackPointExtension>
</extensions>
</trkpt>
<trkpt lat="35.1798185196" lon="129.202653427">
<ele>0</ele>
<time>2026-05-19T07:42:28.000Z</time><extensions>
<ns3:TrackPointExtension>
<ns3:hr>102</ns3:hr>
</ns3:TrackPointExtension>
</extensions>
</trkpt>
<trkpt lat="35.1798379004" lon="129.2026565243">
<ele>0</ele>
<time>2026-05-19T07:42:31.000Z</time><extensions>
<ns3:TrackPointExtension>
<ns3:hr>102</ns3:hr>
</ns3:TrackPointExtension>
</extensions>
</trkpt>
<trkpt lat="35.1798585534" lon="129.2026612882">
<ele>0</ele>
<time>2026-05-19T07:42:35.000Z</time><extensions>
<ns3:TrackPointExtension>
<ns3:hr>104</ns3:hr>
</ns3:TrackPointExtension>
</extensions>
</trkpt>
<trkpt lat="35.1798790069" lon="129.2026631747">
<ele>0</ele>
<time>2026-05-19T07:42:38.000Z</time><extensions>
<ns3:TrackPointExtension>
<ns3:hr>104</ns3:hr>
</ns3:TrackPointExtension>
</extensions>
</trkpt>
<trkpt lat="35.1798981187" lon="129.2026637272">
<ele>0</ele>
<time>2026-05-19T07:42:42.000Z</time><extensions>
<ns3:TrackPointExtension>
<ns3:hr>103</ns3:hr>
</ns3:TrackPointExtension>
</extensions>
</trkpt>
<trkpt lat="35.1799190509" lon="129.2026669823">
<ele>0</ele>
<time>2026-05-19T07:42:47.000Z</time><extensions>
<ns3:TrackPointExtension>
<ns3:hr>103</ns3:hr>
</ns3:TrackPointExtension>
</extensions>
</trkpt>
<trkpt lat="35.179942009" lon="129.2026715307">
<ele>0</ele>
<time>2026-05-19T07:42:51.000Z</time><extensions>
<ns3:TrackPointExtension>
<ns3:hr>103</ns3:hr>
</ns3:TrackPointExtension>
</extensions>
</trkpt>
<trkpt lat="35.1799644727" lon="129.2026752207">
<ele>0</ele>
<time>2026-05-19T07:42:55.000Z</time><extensions>
<ns3:TrackPointExtension>
<ns3:hr>104</ns3:hr>
</ns3:TrackPointExtension>
</extensions>
</trkpt>
<trkpt lat="35.1799838624" lon="129.202674725">
<ele>0</ele>
<time>2026-05-19T07:42:58.000Z</time><extensions>
<ns3:TrackPointExtension>
<ns3:hr>105</ns3:hr>
</ns3:TrackPointExtension>
</extensions>
</trkpt>
<trkpt lat="35.180001676" lon="129.2026814054">
<ele>0</ele>
<time>2026-05-19T07:43:01.000Z</time><extensions>
<ns3:TrackPointExtension>
<ns3:hr>105</ns3:hr>
</ns3:TrackPointExtension>
</extensions>
</trkpt>
<trkpt lat="35.1800195409" lon="129.2026844416">
<ele>0</ele>
<time>2026-05-19T07:43:04.000Z</time><extensions>
<ns3:TrackPointExtension>
<ns3:hr>103</ns3:hr>
</ns3:TrackPointExtension>
</extensions>
</trkpt>
<trkpt lat="35.1800413893" lon="129.2026894398">
<ele>0</ele>
<time>2026-05-19T07:43:08.000Z</time><extensions>
<ns3:TrackPointExtension>
<ns3:hr>103</ns3:hr>
</ns3:TrackPointExtension>
</extensions>
</trkpt>
<trkpt lat="35.1800656401" lon="129.2026917952">
<ele>0</ele>
<time>2026-05-19T07:43:12.000Z</time><extensions>
<ns3:TrackPointExtension>
<ns3:hr>104</ns3:hr>
</ns3:TrackPointExtension>
</extensions>
</trkpt>
<trkpt lat="35.1800840315" lon="129.2026873972">
<ele>0</ele>
<time>2026-05-19T07:43:16.000Z</time><extensions>
<ns3:TrackPointExtension>
<ns3:hr>104</ns3:hr>
</ns3:TrackPointExtension>
</extensions>
</trkpt>
<trkpt lat="35.1800933263" lon="129.2026655051">
<ele>0</ele>
<time>2026-05-19T07:43:50.000Z</time><extensions>
<ns3:TrackPointExtension>
<ns3:hr>108</ns3:hr>
</ns3:TrackPointExtension>
</extensions>
</trkpt>
<trkpt lat="35.1801093382" lon="129.2026504338">
<ele>0</ele>
<time>2026-05-19T07:43:55.000Z</time><extensions>
<ns3:TrackPointExtension>
<ns3:hr>108</ns3:hr>
</ns3:TrackPointExtension>
</extensions>
</trkpt>
<trkpt lat="35.1801327362" lon="129.2026450651">
<ele>0</ele>
<time>2026-05-19T07:43:59.000Z</time><extensions>
<ns3:TrackPointExtension>
<ns3:hr>108</ns3:hr>
</ns3:TrackPointExtension>
</extensions>
</trkpt>
<trkpt lat="35.1801522475" lon="129.2026362506">
<ele>0</ele>
<time>2026-05-19T07:44:02.000Z</time><extensions>
<ns3:TrackPointExtension>
<ns3:hr>108</ns3:hr>
</ns3:TrackPointExtension>
</extensions>
</trkpt>
<trkpt lat="35.1801724798" lon="129.2026369367">
<ele>0</ele>
<time>2026-05-19T07:44:06.000Z</time><extensions>
<ns3:TrackPointExtension>
<ns3:hr>108</ns3:hr>
</ns3:TrackPointExtension>
</extensions>
</trkpt>
<trkpt lat="35.1801942671" lon="129.2026322739">
<ele>0</ele>
<time>2026-05-19T07:44:09.000Z</time><extensions>
<ns3:TrackPointExtension>
<ns3:hr>108</ns3:hr>
</ns3:TrackPointExtension>
</extensions>
</trkpt>
<trkpt lat="35.1802128418" lon="129.202629746">
<ele>0</ele>
<time>2026-05-19T07:44:12.000Z</time><extensions>
<ns3:TrackPointExtension>
<ns3:hr>107</ns3:hr>
</ns3:TrackPointExtension>
</extensions>
</trkpt>
<trkpt lat="35.180235494" lon="129.2026201127">
<ele>0</ele>
<time>2026-05-19T07:44:15.000Z</time><extensions>
<ns3:TrackPointExtension>
<ns3:hr>107</ns3:hr>
</ns3:TrackPointExtension>
</extensions>
</trkpt>
<trkpt lat="35.1802570202" lon="129.2026093445">
<ele>0</ele>
<time>2026-05-19T07:44:17.000Z</time><extensions>
<ns3:TrackPointExtension>
<ns3:hr>107</ns3:hr>
</ns3:TrackPointExtension>
</extensions>
</trkpt>
<trkpt lat="35.1802741403" lon="129.2026000664">
<ele>0</ele>
<time>2026-05-19T07:44:20.000Z</time><extensions>
<ns3:TrackPointExtension>
<ns3:hr>107</ns3:hr>
</ns3:TrackPointExtension>
</extensions>
</trkpt>
<trkpt lat="35.1802939537" lon="129.2025903802">
<ele>0</ele>
<time>2026-05-19T07:44:23.000Z</time><extensions>
<ns3:TrackPointExtension>
<ns3:hr>107</ns3:hr>
</ns3:TrackPointExtension>
</extensions>
</trkpt>
<trkpt lat="35.1803140222" lon="129.2025839491">
<ele>0</ele>
<time>2026-05-19T07:44:27.000Z</time><extensions>
<ns3:TrackPointExtension>
<ns3:hr>111</ns3:hr>
</ns3:TrackPointExtension>
</extensions>
</trkpt>
<trkpt lat="35.1803371097" lon="129.2025705955">
<ele>0</ele>
<time>2026-05-19T07:44:30.000Z</time><extensions>
<ns3:TrackPointExtension>
<ns3:hr>111</ns3:hr>
</ns3:TrackPointExtension>
</extensions>
</trkpt>
<trkpt lat="35.180361381" lon="129.2025579522">
<ele>0</ele>
<time>2026-05-19T07:44:33.000Z</time><extensions>
<ns3:TrackPointExtension>
<ns3:hr>111</ns3:hr>
</ns3:TrackPointExtension>
</extensions>
</trkpt>
<trkpt lat="35.1803864168" lon="129.2025468609">
<ele>0</ele>
<time>2026-05-19T07:44:36.000Z</time><extensions>
<ns3:TrackPointExtension>
<ns3:hr>111</ns3:hr>
</ns3:TrackPointExtension>
</extensions>
</trkpt>
<trkpt lat="35.1804027284" lon="129.2025374894">
<ele>0</ele>
<time>2026-05-19T07:44:38.000Z</time><extensions>
<ns3:TrackPointExtension>
<ns3:hr>111</ns3:hr>
</ns3:TrackPointExtension>
</extensions>
</trkpt>
<trkpt lat="35.1804273937" lon="129.2025277037">
<ele>0</ele>
<time>2026-05-19T07:44:41.000Z</time><extensions>
<ns3:TrackPointExtension>
<ns3:hr>111</ns3:hr>
</ns3:TrackPointExtension>
</extensions>
</trkpt>
<trkpt lat="35.1804514658" lon="129.2025180117">
<ele>0</ele>
<time>2026-05-19T07:44:44.000Z</time><extensions>
<ns3:TrackPointExtension>
<ns3:hr>111</ns3:hr>
</ns3:TrackPointExtension>
</extensions>
</trkpt>
<trkpt lat="35.1804752949" lon="129.2025210033">
<ele>0</ele>
<time>2026-05-19T07:44:47.000Z</time><extensions>
<ns3:TrackPointExtension>
<ns3:hr>111</ns3:hr>
</ns3:TrackPointExtension>
</extensions>
</trkpt>
<trkpt lat="35.1804934251" lon="129.202515921">
<ele>0</ele>
<time>2026-05-19T07:44:50.000Z</time><extensions>
<ns3:TrackPointExtension>
<ns3:hr>111</ns3:hr>
</ns3:TrackPointExtension>
</extensions>
</trkpt>
<trkpt lat="35.1805112627" lon="129.2025097448">
<ele>0</ele>
<time>2026-05-19T07:44:54.000Z</time><extensions>
<ns3:TrackPointExtension>
<ns3:hr>111</ns3:hr>
</ns3:TrackPointExtension>
</extensions>
</trkpt>
<trkpt lat="35.1805286474" lon="129.2024966002">
<ele>0</ele>
<time>2026-05-19T07:44:57.000Z</time><extensions>
<ns3:TrackPointExtension>
<ns3:hr>109</ns3:hr>
</ns3:TrackPointExtension>
</extensions>
</trkpt>
<trkpt lat="35.1805429997" lon="129.2024822705">
<ele>0</ele>
<time>2026-05-19T07:45:01.000Z</time><extensions>
<ns3:TrackPointExtension>
<ns3:hr>109</ns3:hr>
</ns3:TrackPointExtension>
</extensions>
</trkpt>
<trkpt lat="35.180525802" lon="129.2024967914">
<ele>0</ele>
<time>2026-05-19T07:45:57.000Z</time><extensions>
<ns3:TrackPointExtension>
<ns3:hr>104</ns3:hr>
</ns3:TrackPointExtension>
</extensions>
</trkpt>
<trkpt lat="35.1805221425" lon="129.2024686775">
<ele>0</ele>
<time>2026-05-19T07:46:13.000Z</time><extensions>
<ns3:TrackPointExtension>
<ns3:hr>105</ns3:hr>
</ns3:TrackPointExtension>
</extensions>
</trkpt>
<trkpt lat="35.1805279857" lon="129.2024463433">
<ele>0</ele>
<time>2026-05-19T07:46:16.000Z</time><extensions>
<ns3:TrackPointExtension>
<ns3:hr>111</ns3:hr>
</ns3:TrackPointExtension>
</extensions>
</trkpt>
<trkpt lat="35.1805180522" lon="129.2024263393">
<ele>0</ele>
<time>2026-05-19T07:46:24.000Z</time><extensions>
<ns3:TrackPointExtension>
<ns3:hr>115</ns3:hr>
</ns3:TrackPointExtension>
</extensions>
</trkpt>
<trkpt lat="35.1805253171" lon="129.2024466191">
<ele>0</ele>
<time>2026-05-19T07:48:59.000Z</time><extensions>
<ns3:TrackPointExtension>
<ns3:hr>87</ns3:hr>
</ns3:TrackPointExtension>
</extensions>
</trkpt>
<trkpt lat="35.1805318691" lon="129.2024690438">
<ele>0</ele>
<time>2026-05-19T07:49:02.000Z</time><extensions>
<ns3:TrackPointExtension>
<ns3:hr>95</ns3:hr>
</ns3:TrackPointExtension>
</extensions>
</trkpt>
<trkpt lat="35.1805329488" lon="129.2024939719">
<ele>0</ele>
<time>2026-05-19T07:49:27.000Z</time><extensions>
<ns3:TrackPointExtension>
<ns3:hr>86</ns3:hr>
</ns3:TrackPointExtension>
</extensions>
</trkpt>
<trkpt lat="35.1805505544" lon="129.202480055">
<ele>0</ele>
<time>2026-05-19T07:49:40.000Z</time><extensions>
<ns3:TrackPointExtension>
<ns3:hr>88</ns3:hr>
</ns3:TrackPointExtension>
</extensions>
</trkpt>
<trkpt lat="35.1805699235" lon="129.2024822492">
<ele>0</ele>
<time>2026-05-19T07:49:43.000Z</time><extensions>
<ns3:TrackPointExtension>
<ns3:hr>85</ns3:hr>
</ns3:TrackPointExtension>
</extensions>
</trkpt>
<trkpt lat="35.180580958" lon="129.2025018579">
<ele>0</ele>
<time>2026-05-19T07:49:48.000Z</time><extensions>
<ns3:TrackPointExtension>
<ns3:hr>86</ns3:hr>
</ns3:TrackPointExtension>
</extensions>
</trkpt>
<trkpt lat="35.1805942781" lon="129.2025178337">
<ele>0</ele>
<time>2026-05-19T07:49:55.000Z</time><extensions>
<ns3:TrackPointExtension>
<ns3:hr>86</ns3:hr>
</ns3:TrackPointExtension>
</extensions>
</trkpt>
<trkpt lat="35.1805761043" lon="129.2025198371">
<ele>0</ele>
<time>2026-05-19T07:49:58.000Z</time><extensions>
<ns3:TrackPointExtension>
<ns3:hr>86</ns3:hr>
</ns3:TrackPointExtension>
</extensions>
</trkpt>
<trkpt lat="35.180564679" lon="129.2025026583">
<ele>0</ele>
<time>2026-05-19T07:50:01.000Z</time><extensions>
<ns3:TrackPointExtension>
<ns3:hr>86</ns3:hr>
</ns3:TrackPointExtension>
</extensions>
</trkpt>
<trkpt lat="35.1805464682" lon="129.2025173361">
<ele>0</ele>
<time>2026-05-19T07:50:04.000Z</time><extensions>
<ns3:TrackPointExtension>
<ns3:hr>86</ns3:hr>
</ns3:TrackPointExtension>
</extensions>
</trkpt>
<trkpt lat="35.1805257573" lon="129.2025315841">
<ele>0</ele>
<time>2026-05-19T07:50:06.000Z</time><extensions>
<ns3:TrackPointExtension>
<ns3:hr>86</ns3:hr>
</ns3:TrackPointExtension>
</extensions>
</trkpt>
<trkpt lat="35.1805064834" lon="129.2025393032">
<ele>0</ele>
<time>2026-05-19T07:50:08.000Z</time><extensions>
<ns3:TrackPointExtension>
<ns3:hr>86</ns3:hr>
</ns3:TrackPointExtension>
</extensions>
</trkpt>
<trkpt lat="35.1804751136" lon="129.2025473366">
<ele>0</ele>
<time>2026-05-19T07:50:11.000Z</time><extensions>
<ns3:TrackPointExtension>
<ns3:hr>86</ns3:hr>
</ns3:TrackPointExtension>
</extensions>
</trkpt>
<trkpt lat="35.1804492678" lon="129.2025605354">
<ele>0</ele>
<time>2026-05-19T07:50:13.000Z</time><extensions>
<ns3:TrackPointExtension>
<ns3:hr>86</ns3:hr>
</ns3:TrackPointExtension>
</extensions>
</trkpt>
<trkpt lat="35.1804240619" lon="129.2025770711">
<ele>0</ele>
<time>2026-05-19T07:50:15.000Z</time><extensions>
<ns3:TrackPointExtension>
<ns3:hr>86</ns3:hr>
</ns3:TrackPointExtension>
</extensions>
</trkpt>
<trkpt lat="35.1803977499" lon="129.2025939939">
<ele>0</ele>
<time>2026-05-19T07:50:17.000Z</time><extensions>
<ns3:TrackPointExtension>
<ns3:hr>87</ns3:hr>
</ns3:TrackPointExtension>
</extensions>
</trkpt>
<trkpt lat="35.1803768785" lon="129.2026081989">
<ele>0</ele>
<time>2026-05-19T07:50:19.000Z</time><extensions>
<ns3:TrackPointExtension>
<ns3:hr>87</ns3:hr>
</ns3:TrackPointExtension>
</extensions>
</trkpt>
<trkpt lat="35.1803610235" lon="129.2026196996">
<ele>0</ele>
<time>2026-05-19T07:50:21.000Z</time><extensions>
<ns3:TrackPointExtension>
<ns3:hr>89</ns3:hr>
</ns3:TrackPointExtension>
</extensions>
</trkpt>
<trkpt lat="35.1803362414" lon="129.2026276662">
<ele>0</ele>
<time>2026-05-19T07:50:23.000Z</time><extensions>
<ns3:TrackPointExtension>
<ns3:hr>89</ns3:hr>
</ns3:TrackPointExtension>
</extensions>
</trkpt>
<trkpt lat="35.180318678" lon="129.2026395772">
<ele>0</ele>
<time>2026-05-19T07:50:25.000Z</time><extensions>
<ns3:TrackPointExtension>
<ns3:hr>89</ns3:hr>
</ns3:TrackPointExtension>
</extensions>
</trkpt>
<trkpt lat="35.1803263993" lon="129.2026179956">
<ele>0</ele>
<time>2026-05-19T07:50:34.000Z</time><extensions>
<ns3:TrackPointExtension>
<ns3:hr>89</ns3:hr>
</ns3:TrackPointExtension>
</extensions>
</trkpt>
<trkpt lat="35.1803446058" lon="129.2026118216">
<ele>0</ele>
<time>2026-05-19T07:50:36.000Z</time><extensions>
<ns3:TrackPointExtension>
<ns3:hr>90</ns3:hr>
</ns3:TrackPointExtension>
</extensions>
</trkpt>
<trkpt lat="35.1803614806" lon="129.2026012405">
<ele>0</ele>
<time>2026-05-19T07:50:38.000Z</time><extensions>
<ns3:TrackPointExtension>
<ns3:hr>90</ns3:hr>
</ns3:TrackPointExtension>
</extensions>
</trkpt>
<trkpt lat="35.1803832326" lon="129.2025881499">
<ele>0</ele>
<time>2026-05-19T07:50:41.000Z</time><extensions>
<ns3:TrackPointExtension>
<ns3:hr>90</ns3:hr>
</ns3:TrackPointExtension>
</extensions>
</trkpt>
<trkpt lat="35.1804081324" lon="129.2025786491">
<ele>0</ele>
<time>2026-05-19T07:50:43.000Z</time><extensions>
<ns3:TrackPointExtension>
<ns3:hr>89</ns3:hr>
</ns3:TrackPointExtension>
</extensions>
</trkpt>
<trkpt lat="35.1804241434" lon="129.2025679768">
<ele>0</ele>
<time>2026-05-19T07:50:45.000Z</time><extensions>
<ns3:TrackPointExtension>
<ns3:hr>89</ns3:hr>
</ns3:TrackPointExtension>
</extensions>
</trkpt>
<trkpt lat="35.1804438003" lon="129.2025578092">
<ele>0</ele>
<time>2026-05-19T07:50:47.000Z</time><extensions>
<ns3:TrackPointExtension>
<ns3:hr>89</ns3:hr>
</ns3:TrackPointExtension>
</extensions>
</trkpt>
<trkpt lat="35.1804677929" lon="129.2025506197">
<ele>0</ele>
<time>2026-05-19T07:50:50.000Z</time><extensions>
<ns3:TrackPointExtension>
<ns3:hr>89</ns3:hr>
</ns3:TrackPointExtension>
</extensions>
</trkpt>
<trkpt lat="35.1804913446" lon="129.2025414841">
<ele>0</ele>
<time>2026-05-19T07:50:53.000Z</time><extensions>
<ns3:TrackPointExtension>
<ns3:hr>93</ns3:hr>
</ns3:TrackPointExtension>
</extensions>
</trkpt>
<trkpt lat="35.1805071879" lon="129.2025181222">
<ele>0</ele>
<time>2026-05-19T07:50:56.000Z</time><extensions>
<ns3:TrackPointExtension>
<ns3:hr>93</ns3:hr>
</ns3:TrackPointExtension>
</extensions>
</trkpt>
<trkpt lat="35.1805266903" lon="129.2025073919">
<ele>0</ele>
<time>2026-05-19T07:50:59.000Z</time><extensions>
<ns3:TrackPointExtension>
<ns3:hr>95</ns3:hr>
</ns3:TrackPointExtension>
</extensions>
</trkpt>
<trkpt lat="35.1805481004" lon="129.2025073857">
<ele>0</ele>
<time>2026-05-19T07:51:02.000Z</time><extensions>
<ns3:TrackPointExtension>
<ns3:hr>96</ns3:hr>
</ns3:TrackPointExtension>
</extensions>
</trkpt>
<trkpt lat="35.1805649031" lon="129.2024938822">
<ele>0</ele>
<time>2026-05-19T07:51:06.000Z</time><extensions>
<ns3:TrackPointExtension>
<ns3:hr>96</ns3:hr>
</ns3:TrackPointExtension>
</extensions>
</trkpt>
<trkpt lat="35.1805671628" lon="129.2024899854">
<ele>0</ele>
<time>2026-05-19T07:51:47.000Z</time><extensions>
<ns3:TrackPointExtension>
<ns3:hr>93</ns3:hr>
</ns3:TrackPointExtension>
</extensions>
</trkpt>
<trkpt lat="35.1805792601" lon="129.2024673571">
<ele>0</ele>
<time>2026-05-19T07:51:59.000Z</time><extensions>
<ns3:TrackPointExtension>
<ns3:hr>86</ns3:hr>
</ns3:TrackPointExtension>
</extensions>
</trkpt>
<trkpt lat="35.1805895084" lon="129.2024403909">
<ele>0</ele>
<time>2026-05-19T07:52:02.000Z</time><extensions>
<ns3:TrackPointExtension>
<ns3:hr>86</ns3:hr>
</ns3:TrackPointExtension>
</extensions>
</trkpt>
<trkpt lat="35.1806136322" lon="129.2024378636">
<ele>0</ele>
<time>2026-05-19T07:52:07.000Z</time><extensions>
<ns3:TrackPointExtension>
<ns3:hr>85</ns3:hr>
</ns3:TrackPointExtension>
</extensions>
</trkpt>
<trkpt lat="35.180632194" lon="129.2024438445">
<ele>0</ele>
<time>2026-05-19T07:52:09.000Z</time><extensions>
<ns3:TrackPointExtension>
<ns3:hr>85</ns3:hr>
</ns3:TrackPointExtension>
</extensions>
</trkpt>
<trkpt lat="35.1806521127" lon="129.2024352969">
<ele>0</ele>
<time>2026-05-19T07:52:11.000Z</time><extensions>
<ns3:TrackPointExtension>
<ns3:hr>86</ns3:hr>
</ns3:TrackPointExtension>
</extensions>
</trkpt>
<trkpt lat="35.1806749569" lon="129.2024265361">
<ele>0</ele>
<time>2026-05-19T07:52:14.000Z</time><extensions>
<ns3:TrackPointExtension>
<ns3:hr>86</ns3:hr>
</ns3:TrackPointExtension>
</extensions>
</trkpt>
<trkpt lat="35.1806938877" lon="129.2024292235">
<ele>0</ele>
<time>2026-05-19T07:52:16.000Z</time><extensions>
<ns3:TrackPointExtension>
<ns3:hr>86</ns3:hr>
</ns3:TrackPointExtension>
</extensions>
</trkpt>
<trkpt lat="35.1807149369" lon="129.2024242932">
<ele>0</ele>
<time>2026-05-19T07:52:18.000Z</time><extensions>
<ns3:TrackPointExtension>
<ns3:hr>86</ns3:hr>
</ns3:TrackPointExtension>
</extensions>
</trkpt>
<trkpt lat="35.1807402009" lon="129.2024198508">
<ele>0</ele>
<time>2026-05-19T07:52:20.000Z</time><extensions>
<ns3:TrackPointExtension>
<ns3:hr>85</ns3:hr>
</ns3:TrackPointExtension>
</extensions>
</trkpt>
<trkpt lat="35.1807628782" lon="129.202420353">
<ele>0</ele>
<time>2026-05-19T07:52:22.000Z</time><extensions>
<ns3:TrackPointExtension>
<ns3:hr>85</ns3:hr>
</ns3:TrackPointExtension>
</extensions>
</trkpt>
<trkpt lat="35.180784679" lon="129.2024281191">
<ele>0</ele>
<time>2026-05-19T07:52:24.000Z</time><extensions>
<ns3:TrackPointExtension>
<ns3:hr>85</ns3:hr>
</ns3:TrackPointExtension>
</extensions>
</trkpt>
<trkpt lat="35.1808126002" lon="129.2024320595">
<ele>0</ele>
<time>2026-05-19T07:52:26.000Z</time><extensions>
<ns3:TrackPointExtension>
<ns3:hr>82</ns3:hr>
</ns3:TrackPointExtension>
</extensions>
</trkpt>
<trkpt lat="35.1808307955" lon="129.2024281662">
<ele>0</ele>
<time>2026-05-19T07:52:27.000Z</time><extensions>
<ns3:TrackPointExtension>
<ns3:hr>82</ns3:hr>
</ns3:TrackPointExtension>
</extensions>
</trkpt>
<trkpt lat="35.1808595966" lon="129.2024262743">
<ele>0</ele>
<time>2026-05-19T07:52:29.000Z</time><extensions>
<ns3:TrackPointExtension>
<ns3:hr>82</ns3:hr>
</ns3:TrackPointExtension>
</extensions>
</trkpt>
<trkpt lat="35.1808828597" lon="129.2024131579">
<ele>0</ele>
<time>2026-05-19T07:52:31.000Z</time><extensions>
<ns3:TrackPointExtension>
<ns3:hr>83</ns3:hr>
</ns3:TrackPointExtension>
</extensions>
</trkpt>
<trkpt lat="35.1809101248" lon="129.2024116867">
<ele>0</ele>
<time>2026-05-19T07:52:34.000Z</time><extensions>
<ns3:TrackPointExtension>
<ns3:hr>83</ns3:hr>
</ns3:TrackPointExtension>
</extensions>
</trkpt>
<trkpt lat="35.1809327853" lon="129.2024005126">
<ele>0</ele>
<time>2026-05-19T07:52:36.000Z</time><extensions>
<ns3:TrackPointExtension>
<ns3:hr>83</ns3:hr>
</ns3:TrackPointExtension>
</extensions>
</trkpt>
<trkpt lat="35.1809572778" lon="129.202393161">
<ele>0</ele>
<time>2026-05-19T07:52:38.000Z</time><extensions>
<ns3:TrackPointExtension>
<ns3:hr>83</ns3:hr>
</ns3:TrackPointExtension>
</extensions>
</trkpt>
<trkpt lat="35.1809794014" lon="129.202392016">
<ele>0</ele>
<time>2026-05-19T07:52:40.000Z</time><extensions>
<ns3:TrackPointExtension>
<ns3:hr>83</ns3:hr>
</ns3:TrackPointExtension>
</extensions>
</trkpt>
<trkpt lat="35.1809980984" lon="129.2024077608">
<ele>0</ele>
<time>2026-05-19T07:52:42.000Z</time><extensions>
<ns3:TrackPointExtension>
<ns3:hr>83</ns3:hr>
</ns3:TrackPointExtension>
</extensions>
</trkpt>
<trkpt lat="35.1810098215" lon="129.2024289821">
<ele>0</ele>
<time>2026-05-19T07:52:44.000Z</time><extensions>
<ns3:TrackPointExtension>
<ns3:hr>83</ns3:hr>
</ns3:TrackPointExtension>
</extensions>
</trkpt>
<trkpt lat="35.1810334916" lon="129.2024476681">
<ele>0</ele>
<time>2026-05-19T07:52:47.000Z</time><extensions>
<ns3:TrackPointExtension>
<ns3:hr>88</ns3:hr>
</ns3:TrackPointExtension>
</extensions>
</trkpt>
<trkpt lat="35.1810347942" lon="129.2024709316">
<ele>0</ele>
<time>2026-05-19T07:52:49.000Z</time><extensions>
<ns3:TrackPointExtension>
<ns3:hr>88</ns3:hr>
</ns3:TrackPointExtension>
</extensions>
</trkpt>
<trkpt lat="35.1810303423" lon="129.2024958139">
<ele>0</ele>
<time>2026-05-19T07:52:51.000Z</time><extensions>
<ns3:TrackPointExtension>
<ns3:hr>88</ns3:hr>
</ns3:TrackPointExtension>
</extensions>
</trkpt>
<trkpt lat="35.1810299119" lon="129.2025235479">
<ele>0</ele>
<time>2026-05-19T07:52:58.000Z</time><extensions>
<ns3:TrackPointExtension>
<ns3:hr>89</ns3:hr>
</ns3:TrackPointExtension>
</extensions>
</trkpt>
<trkpt lat="35.1810136716" lon="129.202539727">
<ele>0</ele>
<time>2026-05-19T07:53:01.000Z</time><extensions>
<ns3:TrackPointExtension>
<ns3:hr>89</ns3:hr>
</ns3:TrackPointExtension>
</extensions>
</trkpt>
<trkpt lat="35.1809973707" lon="129.2025526397">
<ele>0</ele>
<time>2026-05-19T07:53:05.000Z</time><extensions>
<ns3:TrackPointExtension>
<ns3:hr>88</ns3:hr>
</ns3:TrackPointExtension>
</extensions>
</trkpt>
<trkpt lat="35.1809835585" lon="129.2025240992">
<ele>0</ele>
<time>2026-05-19T07:53:12.000Z</time><extensions>
<ns3:TrackPointExtension>
<ns3:hr>89</ns3:hr>
</ns3:TrackPointExtension>
</extensions>
</trkpt>
<trkpt lat="35.1810019532" lon="129.2025193323">
<ele>0</ele>
<time>2026-05-19T07:53:15.000Z</time><extensions>
<ns3:TrackPointExtension>
<ns3:hr>89</ns3:hr>
</ns3:TrackPointExtension>
</extensions>
</trkpt>
<trkpt lat="35.1810086088" lon="129.2024863051">
<ele>0</ele>
<time>2026-05-19T07:53:16.000Z</time><extensions>
<ns3:TrackPointExtension>
<ns3:hr>89</ns3:hr>
</ns3:TrackPointExtension>
</extensions>
</trkpt>
<trkpt lat="35.181016541" lon="129.2024552555">
<ele>0</ele>
<time>2026-05-19T07:53:17.000Z</time><extensions>
<ns3:TrackPointExtension>
<ns3:hr>90</ns3:hr>
</ns3:TrackPointExtension>
</extensions>
</trkpt>
<trkpt lat="35.1810226018" lon="129.202420503">
<ele>0</ele>
<time>2026-05-19T07:53:18.000Z</time><extensions>
<ns3:TrackPointExtension>
<ns3:hr>90</ns3:hr>
</ns3:TrackPointExtension>
</extensions>
</trkpt>
<trkpt lat="35.1810327579" lon="129.2023876995">
<ele>0</ele>
<time>2026-05-19T07:53:19.000Z</time><extensions>
<ns3:TrackPointExtension>
<ns3:hr>90</ns3:hr>
</ns3:TrackPointExtension>
</extensions>
</trkpt>
<trkpt lat="35.1810444883" lon="129.2023502622">
<ele>0</ele>
<time>2026-05-19T07:53:20.000Z</time><extensions>
<ns3:TrackPointExtension>
<ns3:hr>90</ns3:hr>
</ns3:TrackPointExtension>
</extensions>
</trkpt>
<trkpt lat="35.1810532053" lon="129.2023131716">
<ele>0</ele>
<time>2026-05-19T07:53:21.000Z</time><extensions>
<ns3:TrackPointExtension>
<ns3:hr>90</ns3:hr>
</ns3:TrackPointExtension>
</extensions>
</trkpt>
<trkpt lat="35.181060137" lon="129.2022768838">
<ele>0</ele>
<time>2026-05-19T07:53:22.000Z</time><extensions>
<ns3:TrackPointExtension>
<ns3:hr>86</ns3:hr>
</ns3:TrackPointExtension>
</extensions>
</trkpt>
<trkpt lat="35.1810726163" lon="129.202240057">
<ele>0</ele>
<time>2026-05-19T07:53:23.000Z</time><extensions>
<ns3:TrackPointExtension>
<ns3:hr>86</ns3:hr>
</ns3:TrackPointExtension>
</extensions>
</trkpt>
<trkpt lat="35.1810837939" lon="129.2022042584">
<ele>0</ele>
<time>2026-05-19T07:53:24.000Z</time><extensions>
<ns3:TrackPointExtension>
<ns3:hr>86</ns3:hr>
</ns3:TrackPointExtension>
</extensions>
</trkpt>
<trkpt lat="35.1810918146" lon="129.2021678266">
<ele>0</ele>
<time>2026-05-19T07:53:25.000Z</time><extensions>
<ns3:TrackPointExtension>
<ns3:hr>86</ns3:hr>
</ns3:TrackPointExtension>
</extensions>
</trkpt>
<trkpt lat="35.1811016554" lon="129.2021344887">
<ele>0</ele>
<time>2026-05-19T07:53:26.000Z</time><extensions>
<ns3:TrackPointExtension>
<ns3:hr>86</ns3:hr>
</ns3:TrackPointExtension>
</extensions>
</trkpt>
<trkpt lat="35.1811094412" lon="129.2021021311">
<ele>0</ele>
<time>2026-05-19T07:53:27.000Z</time><extensions>
<ns3:TrackPointExtension>
<ns3:hr>86</ns3:hr>
</ns3:TrackPointExtension>
</extensions>
</trkpt>
<trkpt lat="35.1811189213" lon="129.2020690808">
<ele>0</ele>
<time>2026-05-19T07:53:28.000Z</time><extensions>
<ns3:TrackPointExtension>
<ns3:hr>86</ns3:hr>
</ns3:TrackPointExtension>
</extensions>
</trkpt>
<trkpt lat="35.1811262603" lon="129.2020385483">
<ele>0</ele>
<time>2026-05-19T07:53:29.000Z</time><extensions>
<ns3:TrackPointExtension>
<ns3:hr>86</ns3:hr>
</ns3:TrackPointExtension>
</extensions>
</trkpt>
<trkpt lat="35.1811430374" lon="129.2020089927">
<ele>0</ele>
<time>2026-05-19T07:53:30.000Z</time><extensions>
<ns3:TrackPointExtension>
<ns3:hr>86</ns3:hr>
</ns3:TrackPointExtension>
</extensions>
</trkpt>
<trkpt lat="35.1811659676" lon="129.2019881325">
<ele>0</ele>
<time>2026-05-19T07:53:31.000Z</time><extensions>
<ns3:TrackPointExtension>
<ns3:hr>86</ns3:hr>
</ns3:TrackPointExtension>
</extensions>
</trkpt>
<trkpt lat="35.1811852284" lon="129.2019745407">
<ele>0</ele>
<time>2026-05-19T07:53:32.000Z</time><extensions>
<ns3:TrackPointExtension>
<ns3:hr>84</ns3:hr>
</ns3:TrackPointExtension>
</extensions>
</trkpt>
<trkpt lat="35.1811954987" lon="129.2019513155">
<ele>0</ele>
<time>2026-05-19T07:53:33.000Z</time><extensions>
<ns3:TrackPointExtension>
<ns3:hr>84</ns3:hr>
</ns3:TrackPointExtension>
</extensions>
</trkpt>
<trkpt lat="35.1812281067" lon="129.201962515">
<ele>0</ele>
<time>2026-05-19T07:53:34.000Z</time><extensions>
<ns3:TrackPointExtension>
<ns3:hr>84</ns3:hr>
</ns3:TrackPointExtension>
</extensions>
</trkpt>
<trkpt lat="35.1812472637" lon="129.2019625121">
<ele>0</ele>
<time>2026-05-19T07:53:35.000Z</time><extensions>
<ns3:TrackPointExtension>
<ns3:hr>84</ns3:hr>
</ns3:TrackPointExtension>
</extensions>
</trkpt>
<trkpt lat="35.181266377" lon="129.2019569072">
<ele>0</ele>
<time>2026-05-19T07:53:36.000Z</time><extensions>
<ns3:TrackPointExtension>
<ns3:hr>84</ns3:hr>
</ns3:TrackPointExtension>
</extensions>
</trkpt>
<trkpt lat="35.1812792167" lon="129.2019390174">
<ele>0</ele>
<time>2026-05-19T07:53:38.000Z</time><extensions>
<ns3:TrackPointExtension>
<ns3:hr>81</ns3:hr>
</ns3:TrackPointExtension>
</extensions>
</trkpt>
<trkpt lat="35.1812932493" lon="129.201924828">
<ele>0</ele>
<time>2026-05-19T07:53:39.000Z</time><extensions>
<ns3:TrackPointExtension>
<ns3:hr>81</ns3:hr>
</ns3:TrackPointExtension>
</extensions>
</trkpt>
<trkpt lat="35.1813196037" lon="129.2019036591">
<ele>0</ele>
<time>2026-05-19T07:53:41.000Z</time><extensions>
<ns3:TrackPointExtension>
<ns3:hr>81</ns3:hr>
</ns3:TrackPointExtension>
</extensions>
</trkpt>
<trkpt lat="35.1813438413" lon="129.2018867085">
<ele>0</ele>
<time>2026-05-19T07:53:43.000Z</time><extensions>
<ns3:TrackPointExtension>
<ns3:hr>81</ns3:hr>
</ns3:TrackPointExtension>
</extensions>
</trkpt>
<trkpt lat="35.1813630076" lon="129.2018822435">
<ele>0</ele>
<time>2026-05-19T07:53:45.000Z</time><extensions>
<ns3:TrackPointExtension>
<ns3:hr>81</ns3:hr>
</ns3:TrackPointExtension>
</extensions>
</trkpt>
<trkpt lat="35.1813720678" lon="129.2018575012">
<ele>0</ele>
<time>2026-05-19T07:53:47.000Z</time><extensions>
<ns3:TrackPointExtension>
<ns3:hr>85</ns3:hr>
</ns3:TrackPointExtension>
</extensions>
</trkpt>
<trkpt lat="35.1813778081" lon="129.2018286962">
<ele>0</ele>
<time>2026-05-19T07:53:48.000Z</time><extensions>
<ns3:TrackPointExtension>
<ns3:hr>85</ns3:hr>
</ns3:TrackPointExtension>
</extensions>
</trkpt>
<trkpt lat="35.1813832166" lon="129.2018051984">
<ele>0</ele>
<time>2026-05-19T07:53:49.000Z</time><extensions>
<ns3:TrackPointExtension>
<ns3:hr>85</ns3:hr>
</ns3:TrackPointExtension>
</extensions>
</trkpt>
<trkpt lat="35.1813912253" lon="129.2017852943">
<ele>0</ele>
<time>2026-05-19T07:53:50.000Z</time><extensions>
<ns3:TrackPointExtension>
<ns3:hr>85</ns3:hr>
</ns3:TrackPointExtension>
</extensions>
</trkpt>
<trkpt lat="35.181393391" lon="129.2017608933">
<ele>0</ele>
<time>2026-05-19T07:53:51.000Z</time><extensions>
<ns3:TrackPointExtension>
<ns3:hr>85</ns3:hr>
</ns3:TrackPointExtension>
</extensions>
</trkpt>
<trkpt lat="35.1813932151" lon="129.201738313">
<ele>0</ele>
<time>2026-05-19T07:53:52.000Z</time><extensions>
<ns3:TrackPointExtension>
<ns3:hr>86</ns3:hr>
</ns3:TrackPointExtension>
</extensions>
</trkpt>
<trkpt lat="35.1813820152" lon="129.2017732219">
<ele>0</ele>
<time>2026-05-19T07:53:53.000Z</time><extensions>
<ns3:TrackPointExtension>
<ns3:hr>86</ns3:hr>
</ns3:TrackPointExtension>
</extensions>
</trkpt>
<trkpt lat="35.1813610977" lon="129.2018167887">
<ele>0</ele>
<time>2026-05-19T07:53:55.000Z</time><extensions>
<ns3:TrackPointExtension>
<ns3:hr>86</ns3:hr>
</ns3:TrackPointExtension>
</extensions>
</trkpt>
<trkpt lat="35.1813539206" lon="129.2017830499">
<ele>0</ele>
<time>2026-05-19T07:53:58.000Z</time><extensions>
<ns3:TrackPointExtension>
<ns3:hr>88</ns3:hr>
</ns3:TrackPointExtension>
</extensions>
</trkpt>
<trkpt lat="35.1813557005" lon="129.201747595">
<ele>0</ele>
<time>2026-05-19T07:54:00.000Z</time><extensions>
<ns3:TrackPointExtension>
<ns3:hr>88</ns3:hr>
</ns3:TrackPointExtension>
</extensions>
</trkpt>
<trkpt lat="35.1813575096" lon="129.2017210919">
<ele>0</ele>
<time>2026-05-19T07:54:02.000Z</time><extensions>
<ns3:TrackPointExtension>
<ns3:hr>88</ns3:hr>
</ns3:TrackPointExtension>
</extensions>
</trkpt>
<trkpt lat="35.1813409677" lon="129.201753015">
<ele>0</ele>
<time>2026-05-19T07:54:04.000Z</time><extensions>
<ns3:TrackPointExtension>
<ns3:hr>88</ns3:hr>
</ns3:TrackPointExtension>
</extensions>
</trkpt>
<trkpt lat="35.181329533" lon="129.2017957215">
<ele>0</ele>
<time>2026-05-19T07:54:06.000Z</time><extensions>
<ns3:TrackPointExtension>
<ns3:hr>88</ns3:hr>
</ns3:TrackPointExtension>
</extensions>
</trkpt>
<trkpt lat="35.1813146849" lon="129.2018411519">
<ele>0</ele>
<time>2026-05-19T07:54:07.000Z</time><extensions>
<ns3:TrackPointExtension>
<ns3:hr>89</ns3:hr>
</ns3:TrackPointExtension>
</extensions>
</trkpt>
<trkpt lat="35.1813137619" lon="129.2018055654">
<ele>0</ele>
<time>2026-05-19T07:54:09.000Z</time><extensions>
<ns3:TrackPointExtension>
<ns3:hr>89</ns3:hr>
</ns3:TrackPointExtension>
</extensions>
</trkpt>
<trkpt lat="35.1813102971" lon="129.2017779471">
<ele>0</ele>
<time>2026-05-19T07:54:10.000Z</time><extensions>
<ns3:TrackPointExtension>
<ns3:hr>89</ns3:hr>
</ns3:TrackPointExtension>
</extensions>
</trkpt>
<trkpt lat="35.1813017722" lon="129.2017526349">
<ele>0</ele>
<time>2026-05-19T07:54:11.000Z</time><extensions>
<ns3:TrackPointExtension>
<ns3:hr>89</ns3:hr>
</ns3:TrackPointExtension>
</extensions>
</trkpt>
<trkpt lat="35.1813160138" lon="129.2017198096">
<ele>0</ele>
<time>2026-05-19T07:54:13.000Z</time><extensions>
<ns3:TrackPointExtension>
<ns3:hr>86</ns3:hr>
</ns3:TrackPointExtension>
</extensions>
</trkpt>
<trkpt lat="35.1813388121" lon="129.2016943722">
<ele>0</ele>
<time>2026-05-19T07:54:14.000Z</time><extensions>
<ns3:TrackPointExtension>
<ns3:hr>86</ns3:hr>
</ns3:TrackPointExtension>
</extensions>
</trkpt>
<trkpt lat="35.1813391409" lon="129.2017342849">
<ele>0</ele>
<time>2026-05-19T07:54:15.000Z</time><extensions>
<ns3:TrackPointExtension>
<ns3:hr>86</ns3:hr>
</ns3:TrackPointExtension>
</extensions>
</trkpt>
<trkpt lat="35.1813568477" lon="129.201707258">
<ele>0</ele>
<time>2026-05-19T07:54:17.000Z</time><extensions>
<ns3:TrackPointExtension>
<ns3:hr>85</ns3:hr>
</ns3:TrackPointExtension>
</extensions>
</trkpt>
<trkpt lat="35.1813506898" lon="129.2016513865">
<ele>0</ele>
<time>2026-05-19T07:54:19.000Z</time><extensions>
<ns3:TrackPointExtension>
<ns3:hr>85</ns3:hr>
</ns3:TrackPointExtension>
</extensions>
</trkpt>
<trkpt lat="35.1813525842" lon="129.2016276642">
<ele>0</ele>
<time>2026-05-19T07:54:20.000Z</time><extensions>
<ns3:TrackPointExtension>
<ns3:hr>85</ns3:hr>
</ns3:TrackPointExtension>
</extensions>
</trkpt>
<trkpt lat="35.1813600161" lon="129.2016800023">
<ele>0</ele>
<time>2026-05-19T07:54:22.000Z</time><extensions>
<ns3:TrackPointExtension>
<ns3:hr>87</ns3:hr>
</ns3:TrackPointExtension>
</extensions>
</trkpt>
<trkpt lat="35.1813669284" lon="129.2017891914">
<ele>0</ele>
<time>2026-05-19T07:54:23.000Z</time><extensions>
<ns3:TrackPointExtension>
<ns3:hr>87</ns3:hr>
</ns3:TrackPointExtension>
</extensions>
</trkpt>
<trkpt lat="35.1813945804" lon="129.2017847204">
<ele>0</ele>
<time>2026-05-19T07:54:26.000Z</time><extensions>
<ns3:TrackPointExtension>
<ns3:hr>90</ns3:hr>
</ns3:TrackPointExtension>
</extensions>
</trkpt>
<trkpt lat="35.1814024065" lon="129.2018713295">
<ele>0</ele>
<time>2026-05-19T07:54:27.000Z</time><extensions>
<ns3:TrackPointExtension>
<ns3:hr>90</ns3:hr>
</ns3:TrackPointExtension>
</extensions>
</trkpt>
<trkpt lat="35.1814126083" lon="129.2019011506">
<ele>0</ele>
<time>2026-05-19T07:54:29.000Z</time><extensions>
<ns3:TrackPointExtension>
<ns3:hr>90</ns3:hr>
</ns3:TrackPointExtension>
</extensions>
</trkpt>
<trkpt lat="35.1814260581" lon="129.2019239433">
<ele>0</ele>
<time>2026-05-19T07:54:32.000Z</time><extensions>
<ns3:TrackPointExtension>
<ns3:hr>92</ns3:hr>
</ns3:TrackPointExtension>
</extensions>
</trkpt>
<trkpt lat="35.1814309143" lon="129.2019100579">
<ele>0</ele>
<time>2026-05-19T07:54:36.000Z</time><extensions>
<ns3:TrackPointExtension>
<ns3:hr>92</ns3:hr>
</ns3:TrackPointExtension>
</extensions>
</trkpt>
<trkpt lat="35.1813448671" lon="129.2021146578">
<ele>0</ele>
<time>2026-05-19T07:54:47.000Z</time><extensions>
<ns3:TrackPointExtension>
<ns3:hr>78</ns3:hr>
</ns3:TrackPointExtension>
</extensions>
</trkpt>
<trkpt lat="35.1813440116" lon="129.2021437595">
<ele>0</ele>
<time>2026-05-19T07:54:48.000Z</time><extensions>
<ns3:TrackPointExtension>
<ns3:hr>78</ns3:hr>
</ns3:TrackPointExtension>
</extensions>
</trkpt>
<trkpt lat="35.1813290254" lon="129.2022552752">
<ele>0</ele>
<time>2026-05-19T07:54:52.000Z</time><extensions>
<ns3:TrackPointExtension>
<ns3:hr>77</ns3:hr>
</ns3:TrackPointExtension>
</extensions>
</trkpt>
<trkpt lat="35.1813270382" lon="129.2022713606">
<ele>0</ele>
<time>2026-05-19T07:54:54.000Z</time><extensions>
<ns3:TrackPointExtension>
<ns3:hr>77</ns3:hr>
</ns3:TrackPointExtension>
</extensions>
</trkpt>
<trkpt lat="35.1813830205" lon="129.2023683927">
<ele>0</ele>
<time>2026-05-19T07:54:56.000Z</time><extensions>
<ns3:TrackPointExtension>
<ns3:hr>83</ns3:hr>
</ns3:TrackPointExtension>
</extensions>
</trkpt>
<trkpt lat="35.1813857607" lon="129.202399863">
<ele>0</ele>
<time>2026-05-19T07:55:01.000Z</time><extensions>
<ns3:TrackPointExtension>
<ns3:hr>87</ns3:hr>
</ns3:TrackPointExtension>
</extensions>
</trkpt>
<trkpt lat="35.181346837" lon="129.2024149584">
<ele>0</ele>
<time>2026-05-19T07:55:02.000Z</time><extensions>
<ns3:TrackPointExtension>
<ns3:hr>87</ns3:hr>
</ns3:TrackPointExtension>
</extensions>
</trkpt>
<trkpt lat="35.1813237002" lon="129.202418525">
<ele>0</ele>
<time>2026-05-19T07:55:03.000Z</time><extensions>
<ns3:TrackPointExtension>
<ns3:hr>87</ns3:hr>
</ns3:TrackPointExtension>
</extensions>
</trkpt>
<trkpt lat="35.1813138304" lon="129.2024376276">
<ele>0</ele>
<time>2026-05-19T07:55:13.000Z</time><extensions>
<ns3:TrackPointExtension>
<ns3:hr>86</ns3:hr>
</ns3:TrackPointExtension>
</extensions>
</trkpt>
<trkpt lat="35.1813088536" lon="129.2024618448">
<ele>0</ele>
<time>2026-05-19T07:55:16.000Z</time><extensions>
<ns3:TrackPointExtension>
<ns3:hr>86</ns3:hr>
</ns3:TrackPointExtension>
</extensions>
</trkpt>
<trkpt lat="35.1813014092" lon="129.2024322959">
<ele>0</ele>
<time>2026-05-19T07:55:22.000Z</time><extensions>
<ns3:TrackPointExtension>
<ns3:hr>82</ns3:hr>
</ns3:TrackPointExtension>
</extensions>
</trkpt>
<trkpt lat="35.1812902758" lon="129.2024129451">
<ele>0</ele>
<time>2026-05-19T07:55:27.000Z</time><extensions>
<ns3:TrackPointExtension>
<ns3:hr>80</ns3:hr>
</ns3:TrackPointExtension>
</extensions>
</trkpt>
<trkpt lat="35.1812960943" lon="129.2024484276">
<ele>0</ele>
<time>2026-05-19T07:55:39.000Z</time><extensions>
<ns3:TrackPointExtension>
<ns3:hr>84</ns3:hr>
</ns3:TrackPointExtension>
</extensions>
</trkpt>
<trkpt lat="35.1813101512" lon="129.2024298151">
<ele>0</ele>
<time>2026-05-19T07:55:42.000Z</time><extensions>
<ns3:TrackPointExtension>
<ns3:hr>76</ns3:hr>
</ns3:TrackPointExtension>
</extensions>
</trkpt>
<trkpt lat="35.1813203015" lon="129.2023826404">
<ele>0</ele>
<time>2026-05-19T07:55:43.000Z</time><extensions>
<ns3:TrackPointExtension>
<ns3:hr>76</ns3:hr>
</ns3:TrackPointExtension>
</extensions>
</trkpt>
<trkpt lat="35.1813221857" lon="129.202357269">
<ele>0</ele>
<time>2026-05-19T07:55:44.000Z</time><extensions>
<ns3:TrackPointExtension>
<ns3:hr>76</ns3:hr>
</ns3:TrackPointExtension>
</extensions>
</trkpt>
<trkpt lat="35.1813229683" lon="129.2023207287">
<ele>0</ele>
<time>2026-05-19T07:55:46.000Z</time><extensions>
<ns3:TrackPointExtension>
<ns3:hr>76</ns3:hr>
</ns3:TrackPointExtension>
</extensions>
</trkpt>
<trkpt lat="35.18132159" lon="129.202295184">
<ele>0</ele>
<time>2026-05-19T07:55:48.000Z</time><extensions>
<ns3:TrackPointExtension>
<ns3:hr>77</ns3:hr>
</ns3:TrackPointExtension>
</extensions>
</trkpt>
<trkpt lat="35.1813087127" lon="129.202270025">
<ele>0</ele>
<time>2026-05-19T07:55:49.000Z</time><extensions>
<ns3:TrackPointExtension>
<ns3:hr>77</ns3:hr>
</ns3:TrackPointExtension>
</extensions>
</trkpt>
<trkpt lat="35.181296998" lon="129.2022385311">
<ele>0</ele>
<time>2026-05-19T07:55:50.000Z</time><extensions>
<ns3:TrackPointExtension>
<ns3:hr>77</ns3:hr>
</ns3:TrackPointExtension>
</extensions>
</trkpt>
<trkpt lat="35.1812946436" lon="129.202214969">
<ele>0</ele>
<time>2026-05-19T07:55:51.000Z</time><extensions>
<ns3:TrackPointExtension>
<ns3:hr>77</ns3:hr>
</ns3:TrackPointExtension>
</extensions>
</trkpt>
<trkpt lat="35.1812924054" lon="129.2021924465">
<ele>0</ele>
<time>2026-05-19T07:55:52.000Z</time><extensions>
<ns3:TrackPointExtension>
<ns3:hr>74</ns3:hr>
</ns3:TrackPointExtension>
</extensions>
</trkpt>
<trkpt lat="35.1813051175" lon="129.2021731615">
<ele>0</ele>
<time>2026-05-19T07:55:55.000Z</time><extensions>
<ns3:TrackPointExtension>
<ns3:hr>74</ns3:hr>
</ns3:TrackPointExtension>
</extensions>
</trkpt>
<trkpt lat="35.1813189512" lon="129.2021526315">
<ele>0</ele>
<time>2026-05-19T07:55:59.000Z</time><extensions>
<ns3:TrackPointExtension>
<ns3:hr>74</ns3:hr>
</ns3:TrackPointExtension>
</extensions>
</trkpt>
<trkpt lat="35.1813179412" lon="129.2021075379">
<ele>0</ele>
<time>2026-05-19T07:56:01.000Z</time><extensions>
<ns3:TrackPointExtension>
<ns3:hr>74</ns3:hr>
</ns3:TrackPointExtension>
</extensions>
</trkpt>
<trkpt lat="35.1813134769" lon="129.20208562">
<ele>0</ele>
<time>2026-05-19T07:56:03.000Z</time><extensions>
<ns3:TrackPointExtension>
<ns3:hr>74</ns3:hr>
</ns3:TrackPointExtension>
</extensions>
</trkpt>
<trkpt lat="35.1812517096" lon="129.2021357128">
<ele>0</ele>
<time>2026-05-19T07:56:05.000Z</time><extensions>
<ns3:TrackPointExtension>
<ns3:hr>74</ns3:hr>
</ns3:TrackPointExtension>
</extensions>
</trkpt>
<trkpt lat="35.1812209532" lon="129.2022040452">
<ele>0</ele>
<time>2026-05-19T07:56:06.000Z</time><extensions>
<ns3:TrackPointExtension>
<ns3:hr>74</ns3:hr>
</ns3:TrackPointExtension>
</extensions>
</trkpt>
<trkpt lat="35.1812051907" lon="129.2022188606">
<ele>0</ele>
<time>2026-05-19T07:56:07.000Z</time><extensions>
<ns3:TrackPointExtension>
<ns3:hr>75</ns3:hr>
</ns3:TrackPointExtension>
</extensions>
</trkpt>
<trkpt lat="35.1811832093" lon="129.2022234884">
<ele>0</ele>
<time>2026-05-19T07:56:08.000Z</time><extensions>
<ns3:TrackPointExtension>
<ns3:hr>75</ns3:hr>
</ns3:TrackPointExtension>
</extensions>
</trkpt>
<trkpt lat="35.1810512293" lon="129.2021826539">
<ele>0</ele>
<time>2026-05-19T07:56:09.000Z</time><extensions>
<ns3:TrackPointExtension>
<ns3:hr>75</ns3:hr>
</ns3:TrackPointExtension>
</extensions>
</trkpt>
<trkpt lat="35.1810385844" lon="129.2021771709">
<ele>0</ele>
<time>2026-05-19T07:56:10.000Z</time><extensions>
<ns3:TrackPointExtension>
<ns3:hr>75</ns3:hr>
</ns3:TrackPointExtension>
</extensions>
</trkpt>
<trkpt lat="35.18101956" lon="129.2021700544">
<ele>0</ele>
<time>2026-05-19T07:56:12.000Z</time><extensions>
<ns3:TrackPointExtension>
<ns3:hr>79</ns3:hr>
</ns3:TrackPointExtension>
</extensions>
</trkpt>
<trkpt lat="35.1810295344" lon="129.2022369101">
<ele>0</ele>
<time>2026-05-19T07:56:14.000Z</time><extensions>
<ns3:TrackPointExtension>
<ns3:hr>79</ns3:hr>
</ns3:TrackPointExtension>
</extensions>
</trkpt>
<trkpt lat="35.1810342126" lon="129.2022893182">
<ele>0</ele>
<time>2026-05-19T07:56:15.000Z</time><extensions>
<ns3:TrackPointExtension>
<ns3:hr>79</ns3:hr>
</ns3:TrackPointExtension>
</extensions>
</trkpt>
<trkpt lat="35.1810356215" lon="129.2023260745">
<ele>0</ele>
<time>2026-05-19T07:56:16.000Z</time><extensions>
<ns3:TrackPointExtension>
<ns3:hr>79</ns3:hr>
</ns3:TrackPointExtension>
</extensions>
</trkpt>
<trkpt lat="35.1810268647" lon="129.2024098287">
<ele>0</ele>
<time>2026-05-19T07:56:17.000Z</time><extensions>
<ns3:TrackPointExtension>
<ns3:hr>83</ns3:hr>
</ns3:TrackPointExtension>
</extensions>
</trkpt>
<trkpt lat="35.1810279819" lon="129.202451241">
<ele>0</ele>
<time>2026-05-19T07:56:18.000Z</time><extensions>
<ns3:TrackPointExtension>
<ns3:hr>83</ns3:hr>
</ns3:TrackPointExtension>
</extensions>
</trkpt>
<trkpt lat="35.1810276851" lon="129.2024627497">
<ele>0</ele>
<time>2026-05-19T07:56:20.000Z</time><extensions>
<ns3:TrackPointExtension>
<ns3:hr>83</ns3:hr>
</ns3:TrackPointExtension>
</extensions>
</trkpt>
<trkpt lat="35.1810298661" lon="129.2024865403">
<ele>0</ele>
<time>2026-05-19T07:56:21.000Z</time><extensions>
<ns3:TrackPointExtension>
<ns3:hr>89</ns3:hr>
</ns3:TrackPointExtension>
</extensions>
</trkpt>
<trkpt lat="35.1810353406" lon="129.2025124198">
<ele>0</ele>
<time>2026-05-19T07:56:22.000Z</time><extensions>
<ns3:TrackPointExtension>
<ns3:hr>89</ns3:hr>
</ns3:TrackPointExtension>
</extensions>
</trkpt>
<trkpt lat="35.1810448229" lon="129.2025345804">
<ele>0</ele>
<time>2026-05-19T07:56:23.000Z</time><extensions>
<ns3:TrackPointExtension>
<ns3:hr>89</ns3:hr>
</ns3:TrackPointExtension>
</extensions>
</trkpt>
<trkpt lat="35.181054148" lon="129.2025551908">
<ele>0</ele>
<time>2026-05-19T07:56:27.000Z</time><extensions>
<ns3:TrackPointExtension>
<ns3:hr>92</ns3:hr>
</ns3:TrackPointExtension>
</extensions>
</trkpt>
<trkpt lat="35.1810629326" lon="129.2025749314">
<ele>0</ele>
<time>2026-05-19T07:56:29.000Z</time><extensions>
<ns3:TrackPointExtension>
<ns3:hr>92</ns3:hr>
</ns3:TrackPointExtension>
</extensions>
</trkpt>
<trkpt lat="35.1810759622" lon="129.2025933182">
<ele>0</ele>
<time>2026-05-19T07:56:31.000Z</time><extensions>
<ns3:TrackPointExtension>
<ns3:hr>92</ns3:hr>
</ns3:TrackPointExtension>
</extensions>
</trkpt>
<trkpt lat="35.1810936634" lon="129.2026067554">
<ele>0</ele>
<time>2026-05-19T07:56:39.000Z</time><extensions>
<ns3:TrackPointExtension>
<ns3:hr>92</ns3:hr>
</ns3:TrackPointExtension>
</extensions>
</trkpt>
<trkpt lat="35.1810881712" lon="129.2026361508">
<ele>0</ele>
<time>2026-05-19T07:57:02.000Z</time><extensions>
<ns3:TrackPointExtension>
<ns3:hr>94</ns3:hr>
</ns3:TrackPointExtension>
</extensions>
</trkpt>
<trkpt lat="35.1810696011" lon="129.2026343972">
<ele>0</ele>
<time>2026-05-19T07:57:08.000Z</time><extensions>
<ns3:TrackPointExtension>
<ns3:hr>95</ns3:hr>
</ns3:TrackPointExtension>
</extensions>
</trkpt>
<trkpt lat="35.1810491642" lon="129.2026372228">
<ele>0</ele>
<time>2026-05-19T07:57:10.000Z</time><extensions>
<ns3:TrackPointExtension>
<ns3:hr>95</ns3:hr>
</ns3:TrackPointExtension>
</extensions>
</trkpt>
<trkpt lat="35.1810337528" lon="129.202615263">
<ele>0</ele>
<time>2026-05-19T07:57:15.000Z</time><extensions>
<ns3:TrackPointExtension>
<ns3:hr>97</ns3:hr>
</ns3:TrackPointExtension>
</extensions>
</trkpt>
<trkpt lat="35.1810337686" lon="129.2025875398">
<ele>0</ele>
<time>2026-05-19T07:57:17.000Z</time><extensions>
<ns3:TrackPointExtension>
<ns3:hr>97</ns3:hr>
</ns3:TrackPointExtension>
</extensions>
</trkpt>
<trkpt lat="35.1810245655" lon="129.2025434132">
<ele>0</ele>
<time>2026-05-19T07:57:19.000Z</time><extensions>
<ns3:TrackPointExtension>
<ns3:hr>97</ns3:hr>
</ns3:TrackPointExtension>
</extensions>
</trkpt>
<trkpt lat="35.1810102846" lon="129.2025200276">
<ele>0</ele>
<time>2026-05-19T07:57:21.000Z</time><extensions>
<ns3:TrackPointExtension>
<ns3:hr>85</ns3:hr>
</ns3:TrackPointExtension>
</extensions>
</trkpt>
<trkpt lat="35.1809956113" lon="129.2024982292">
<ele>0</ele>
<time>2026-05-19T07:57:23.000Z</time><extensions>
<ns3:TrackPointExtension>
<ns3:hr>85</ns3:hr>
</ns3:TrackPointExtension>
</extensions>
</trkpt>
<trkpt lat="35.1809742954" lon="129.2024729888">
<ele>0</ele>
<time>2026-05-19T07:57:25.000Z</time><extensions>
<ns3:TrackPointExtension>
<ns3:hr>85</ns3:hr>
</ns3:TrackPointExtension>
</extensions>
</trkpt>
<trkpt lat="35.1809703074" lon="129.2024341361">
<ele>0</ele>
<time>2026-05-19T07:57:26.000Z</time><extensions>
<ns3:TrackPointExtension>
<ns3:hr>85</ns3:hr>
</ns3:TrackPointExtension>
</extensions>
</trkpt>
<trkpt lat="35.1809653519" lon="129.20240879">
<ele>0</ele>
<time>2026-05-19T07:57:27.000Z</time><extensions>
<ns3:TrackPointExtension>
<ns3:hr>86</ns3:hr>
</ns3:TrackPointExtension>
</extensions>
</trkpt>
<trkpt lat="35.1809438216" lon="129.2024049511">
<ele>0</ele>
<time>2026-05-19T07:57:29.000Z</time><extensions>
<ns3:TrackPointExtension>
<ns3:hr>86</ns3:hr>
</ns3:TrackPointExtension>
</extensions>
</trkpt>
<trkpt lat="35.1809703594" lon="129.2023995125">
<ele>0</ele>
<time>2026-05-19T07:57:36.000Z</time><extensions>
<ns3:TrackPointExtension>
<ns3:hr>88</ns3:hr>
</ns3:TrackPointExtension>
</extensions>
</trkpt>
<trkpt lat="35.1809938104" lon="129.2024084488">
<ele>0</ele>
<time>2026-05-19T07:57:38.000Z</time><extensions>
<ns3:TrackPointExtension>
<ns3:hr>94</ns3:hr>
</ns3:TrackPointExtension>
</extensions>
</trkpt>
<trkpt lat="35.1810042798" lon="129.202429228">
<ele>0</ele>
<time>2026-05-19T07:57:40.000Z</time><extensions>
<ns3:TrackPointExtension>
<ns3:hr>94</ns3:hr>
</ns3:TrackPointExtension>
</extensions>
</trkpt>
<trkpt lat="35.1810135589" lon="129.2024607679">
<ele>0</ele>
<time>2026-05-19T07:57:43.000Z</time><extensions>
<ns3:TrackPointExtension>
<ns3:hr>93</ns3:hr>
</ns3:TrackPointExtension>
</extensions>
</trkpt>
<trkpt lat="35.1810053615" lon="129.2024808978">
<ele>0</ele>
<time>2026-05-19T07:57:44.000Z</time><extensions>
<ns3:TrackPointExtension>
<ns3:hr>93</ns3:hr>
</ns3:TrackPointExtension>
</extensions>
</trkpt>
<trkpt lat="35.1810025771" lon="129.2024902205">
<ele>0</ele>
<time>2026-05-19T07:57:45.000Z</time><extensions>
<ns3:TrackPointExtension>
<ns3:hr>93</ns3:hr>
</ns3:TrackPointExtension>
</extensions>
</trkpt>
<trkpt lat="35.1809849042" lon="129.2024857606">
<ele>0</ele>
<time>2026-05-19T07:57:52.000Z</time><extensions>
<ns3:TrackPointExtension>
<ns3:hr>97</ns3:hr>
</ns3:TrackPointExtension>
</extensions>
</trkpt>
<trkpt lat="35.1808878803" lon="129.2025177599">
<ele>0</ele>
<time>2026-05-19T08:10:29.000Z</time><extensions>
<ns3:TrackPointExtension>
<ns3:hr>91</ns3:hr>
</ns3:TrackPointExtension>
</extensions>
</trkpt>
<trkpt lat="35.1809545777" lon="129.2026656336">
<ele>0</ele>
<time>2026-05-19T08:10:30.000Z</time><extensions>
<ns3:TrackPointExtension>
<ns3:hr>91</ns3:hr>
</ns3:TrackPointExtension>
</extensions>
</trkpt>
<trkpt lat="35.1809581069" lon="129.2026575312">
<ele>0</ele>
<time>2026-05-19T08:10:31.000Z</time><extensions>
<ns3:TrackPointExtension>
<ns3:hr>91</ns3:hr>
</ns3:TrackPointExtension>
</extensions>
</trkpt>
<trkpt lat="35.1810115024" lon="129.2026359806">
<ele>0</ele>
<time>2026-05-19T08:10:32.000Z</time><extensions>
<ns3:TrackPointExtension>
<ns3:hr>92</ns3:hr>
</ns3:TrackPointExtension>
</extensions>
</trkpt>
<trkpt lat="35.1810129067" lon="129.2026412611">
<ele>0</ele>
<time>2026-05-19T08:10:33.000Z</time><extensions>
<ns3:TrackPointExtension>
<ns3:hr>92</ns3:hr>
</ns3:TrackPointExtension>
</extensions>
</trkpt>
<trkpt lat="35.1810330021" lon="129.2026307179">
<ele>0</ele>
<time>2026-05-19T08:10:35.000Z</time><extensions>
<ns3:TrackPointExtension>
<ns3:hr>92</ns3:hr>
</ns3:TrackPointExtension>
</extensions>
</trkpt>
<trkpt lat="35.1810562937" lon="129.2026298991">
<ele>0</ele>
<time>2026-05-19T08:10:37.000Z</time><extensions>
<ns3:TrackPointExtension>
<ns3:hr>93</ns3:hr>
</ns3:TrackPointExtension>
</extensions>
</trkpt>
<trkpt lat="35.1810768269" lon="129.2026239115">
<ele>0</ele>
<time>2026-05-19T08:10:40.000Z</time><extensions>
<ns3:TrackPointExtension>
<ns3:hr>93</ns3:hr>
</ns3:TrackPointExtension>
</extensions>
</trkpt>
<trkpt lat="35.1810527256" lon="129.2026186954">
<ele>0</ele>
<time>2026-05-19T08:10:48.000Z</time><extensions>
<ns3:TrackPointExtension>
<ns3:hr>92</ns3:hr>
</ns3:TrackPointExtension>
</extensions>
</trkpt>
<trkpt lat="35.1810309262" lon="129.2026150014">
<ele>0</ele>
<time>2026-05-19T08:10:50.000Z</time><extensions>
<ns3:TrackPointExtension>
<ns3:hr>92</ns3:hr>
</ns3:TrackPointExtension>
</extensions>
</trkpt>
<trkpt lat="35.1810158203" lon="129.2026015262">
<ele>0</ele>
<time>2026-05-19T08:10:52.000Z</time><extensions>
<ns3:TrackPointExtension>
<ns3:hr>93</ns3:hr>
</ns3:TrackPointExtension>
</extensions>
</trkpt>
<trkpt lat="35.1810129128" lon="129.2025760394">
<ele>0</ele>
<time>2026-05-19T08:10:55.000Z</time><extensions>
<ns3:TrackPointExtension>
<ns3:hr>93</ns3:hr>
</ns3:TrackPointExtension>
</extensions>
</trkpt>
<trkpt lat="35.1810028407" lon="129.202556279">
<ele>0</ele>
<time>2026-05-19T08:10:58.000Z</time><extensions>
<ns3:TrackPointExtension>
<ns3:hr>94</ns3:hr>
</ns3:TrackPointExtension>
</extensions>
</trkpt>
<trkpt lat="35.1809807486" lon="129.2025591672">
<ele>0</ele>
<time>2026-05-19T08:11:02.000Z</time><extensions>
<ns3:TrackPointExtension>
<ns3:hr>89</ns3:hr>
</ns3:TrackPointExtension>
</extensions>
</trkpt>
<trkpt lat="35.1809795056" lon="129.2025345858">
<ele>0</ele>
<time>2026-05-19T08:11:04.000Z</time><extensions>
<ns3:TrackPointExtension>
<ns3:hr>89</ns3:hr>
</ns3:TrackPointExtension>
</extensions>
</trkpt>
<trkpt lat="35.1810061595" lon="129.2025229517">
<ele>0</ele>
<time>2026-05-19T08:11:06.000Z</time><extensions>
<ns3:TrackPointExtension>
<ns3:hr>89</ns3:hr>
</ns3:TrackPointExtension>
</extensions>
</trkpt>
<trkpt lat="35.1810219068" lon="129.2025092723">
<ele>0</ele>
<time>2026-05-19T08:11:08.000Z</time><extensions>
<ns3:TrackPointExtension>
<ns3:hr>90</ns3:hr>
</ns3:TrackPointExtension>
</extensions>
</trkpt>
<trkpt lat="35.1810225309" lon="129.2024750894">
<ele>0</ele>
<time>2026-05-19T08:11:15.000Z</time><extensions>
<ns3:TrackPointExtension>
<ns3:hr>91</ns3:hr>
</ns3:TrackPointExtension>
</extensions>
</trkpt>
<trkpt lat="35.1810245171" lon="129.202446542">
<ele>0</ele>
<time>2026-05-19T08:11:16.000Z</time><extensions>
<ns3:TrackPointExtension>
<ns3:hr>91</ns3:hr>
</ns3:TrackPointExtension>
</extensions>
</trkpt>
<trkpt lat="35.1809999555" lon="129.2024445413">
<ele>0</ele>
<time>2026-05-19T08:11:17.000Z</time><extensions>
<ns3:TrackPointExtension>
<ns3:hr>88</ns3:hr>
</ns3:TrackPointExtension>
</extensions>
</trkpt>
<trkpt lat="35.1809709258" lon="129.2024395919">
<ele>0</ele>
<time>2026-05-19T08:11:18.000Z</time><extensions>
<ns3:TrackPointExtension>
<ns3:hr>88</ns3:hr>
</ns3:TrackPointExtension>
</extensions>
</trkpt>
<trkpt lat="35.1809454676" lon="129.2024439342">
<ele>0</ele>
<time>2026-05-19T08:11:20.000Z</time><extensions>
<ns3:TrackPointExtension>
<ns3:hr>88</ns3:hr>
</ns3:TrackPointExtension>
</extensions>
</trkpt>
<trkpt lat="35.1809155622" lon="129.202439493">
<ele>0</ele>
<time>2026-05-19T08:11:22.000Z</time><extensions>
<ns3:TrackPointExtension>
<ns3:hr>84</ns3:hr>
</ns3:TrackPointExtension>
</extensions>
</trkpt>
<trkpt lat="35.1808922048" lon="129.2024439441">
<ele>0</ele>
<time>2026-05-19T08:11:24.000Z</time><extensions>
<ns3:TrackPointExtension>
<ns3:hr>84</ns3:hr>
</ns3:TrackPointExtension>
</extensions>
</trkpt>
<trkpt lat="35.1808723717" lon="129.2024484658">
<ele>0</ele>
<time>2026-05-19T08:11:26.000Z</time><extensions>
<ns3:TrackPointExtension>
<ns3:hr>84</ns3:hr>
</ns3:TrackPointExtension>
</extensions>
</trkpt>
<trkpt lat="35.180847884" lon="129.2024489428">
<ele>0</ele>
<time>2026-05-19T08:11:28.000Z</time><extensions>
<ns3:TrackPointExtension>
<ns3:hr>80</ns3:hr>
</ns3:TrackPointExtension>
</extensions>
</trkpt>
<trkpt lat="35.1808181566" lon="129.2024492942">
<ele>0</ele>
<time>2026-05-19T08:11:30.000Z</time><extensions>
<ns3:TrackPointExtension>
<ns3:hr>80</ns3:hr>
</ns3:TrackPointExtension>
</extensions>
</trkpt>
<trkpt lat="35.180797992" lon="129.2024469512">
<ele>0</ele>
<time>2026-05-19T08:11:32.000Z</time><extensions>
<ns3:TrackPointExtension>
<ns3:hr>81</ns3:hr>
</ns3:TrackPointExtension>
</extensions>
</trkpt>
<trkpt lat="35.1807722951" lon="129.2024510507">
<ele>0</ele>
<time>2026-05-19T08:11:35.000Z</time><extensions>
<ns3:TrackPointExtension>
<ns3:hr>81</ns3:hr>
</ns3:TrackPointExtension>
</extensions>
</trkpt>
<trkpt lat="35.180750716" lon="129.2024479304">
<ele>0</ele>
<time>2026-05-19T08:11:37.000Z</time><extensions>
<ns3:TrackPointExtension>
<ns3:hr>82</ns3:hr>
</ns3:TrackPointExtension>
</extensions>
</trkpt>
<trkpt lat="35.180724578" lon="129.2024516856">
<ele>0</ele>
<time>2026-05-19T08:11:39.000Z</time><extensions>
<ns3:TrackPointExtension>
<ns3:hr>82</ns3:hr>
</ns3:TrackPointExtension>
</extensions>
</trkpt>
<trkpt lat="35.1806995886" lon="129.2024525187">
<ele>0</ele>
<time>2026-05-19T08:11:41.000Z</time><extensions>
<ns3:TrackPointExtension>
<ns3:hr>82</ns3:hr>
</ns3:TrackPointExtension>
</extensions>
</trkpt>
<trkpt lat="35.180675722" lon="129.2024596058">
<ele>0</ele>
<time>2026-05-19T08:11:47.000Z</time><extensions>
<ns3:TrackPointExtension>
<ns3:hr>87</ns3:hr>
</ns3:TrackPointExtension>
</extensions>
</trkpt>
<trkpt lat="35.1806583291" lon="129.2024743576">
<ele>0</ele>
<time>2026-05-19T08:11:49.000Z</time><extensions>
<ns3:TrackPointExtension>
<ns3:hr>87</ns3:hr>
</ns3:TrackPointExtension>
</extensions>
</trkpt>
<trkpt lat="35.1806319684" lon="129.2024848924">
<ele>0</ele>
<time>2026-05-19T08:11:51.000Z</time><extensions>
<ns3:TrackPointExtension>
<ns3:hr>87</ns3:hr>
</ns3:TrackPointExtension>
</extensions>
</trkpt>
<trkpt lat="35.1806128378" lon="129.2024818034">
<ele>0</ele>
<time>2026-05-19T08:12:07.000Z</time><extensions>
<ns3:TrackPointExtension>
<ns3:hr>83</ns3:hr>
</ns3:TrackPointExtension>
</extensions>
</trkpt>
<trkpt lat="35.1806273287" lon="129.2024977003">
<ele>0</ele>
<time>2026-05-19T08:12:39.000Z</time><extensions>
<ns3:TrackPointExtension>
<ns3:hr>84</ns3:hr>
</ns3:TrackPointExtension>
</extensions>
</trkpt>
<trkpt lat="35.180615225" lon="129.2025164973">
<ele>0</ele>
<time>2026-05-19T08:12:41.000Z</time><extensions>
<ns3:TrackPointExtension>
<ns3:hr>84</ns3:hr>
</ns3:TrackPointExtension>
</extensions>
</trkpt>
<trkpt lat="35.1805946545" lon="129.2025165412">
<ele>0</ele>
<time>2026-05-19T08:12:44.000Z</time><extensions>
<ns3:TrackPointExtension>
<ns3:hr>82</ns3:hr>
</ns3:TrackPointExtension>
</extensions>
</trkpt>
<trkpt lat="35.1805773654" lon="129.2025050499">
<ele>0</ele>
<time>2026-05-19T08:12:47.000Z</time><extensions>
<ns3:TrackPointExtension>
<ns3:hr>81</ns3:hr>
</ns3:TrackPointExtension>
</extensions>
</trkpt>
<trkpt lat="35.1805644213" lon="129.2024884855">
<ele>0</ele>
<time>2026-05-19T08:12:49.000Z</time><extensions>
<ns3:TrackPointExtension>
<ns3:hr>81</ns3:hr>
</ns3:TrackPointExtension>
</extensions>
</trkpt>
<trkpt lat="35.180545897" lon="129.2024696219">
<ele>0</ele>
<time>2026-05-19T08:12:51.000Z</time><extensions>
<ns3:TrackPointExtension>
<ns3:hr>81</ns3:hr>
</ns3:TrackPointExtension>
</extensions>
</trkpt>
<trkpt lat="35.1805266945" lon="129.2024611611">
<ele>0</ele>
<time>2026-05-19T08:12:54.000Z</time><extensions>
<ns3:TrackPointExtension>
<ns3:hr>78</ns3:hr>
</ns3:TrackPointExtension>
</extensions>
</trkpt>
<trkpt lat="35.180510401" lon="129.2024424165">
<ele>0</ele>
<time>2026-05-19T08:12:56.000Z</time><extensions>
<ns3:TrackPointExtension>
<ns3:hr>78</ns3:hr>
</ns3:TrackPointExtension>
</extensions>
</trkpt>
<trkpt lat="35.180498956" lon="129.2024148404">
<ele>0</ele>
<time>2026-05-19T08:13:02.000Z</time><extensions>
<ns3:TrackPointExtension>
<ns3:hr>71</ns3:hr>
</ns3:TrackPointExtension>
</extensions>
</trkpt>
<trkpt lat="35.1805026787" lon="129.2023896067">
<ele>0</ele>
<time>2026-05-19T08:13:05.000Z</time><extensions>
<ns3:TrackPointExtension>
<ns3:hr>71</ns3:hr>
</ns3:TrackPointExtension>
</extensions>
</trkpt>
<trkpt lat="35.1805108611" lon="129.2024091844">
<ele>0</ele>
<time>2026-05-19T08:14:21.000Z</time><extensions>
<ns3:TrackPointExtension>
<ns3:hr>85</ns3:hr>
</ns3:TrackPointExtension>
</extensions>
</trkpt>
<trkpt lat="35.1805161266" lon="129.2024322879">
<ele>0</ele>
<time>2026-05-19T08:14:23.000Z</time><extensions>
<ns3:TrackPointExtension>
<ns3:hr>80</ns3:hr>
</ns3:TrackPointExtension>
</extensions>
</trkpt>
<trkpt lat="35.180529518" lon="129.2024585182">
<ele>0</ele>
<time>2026-05-19T08:14:25.000Z</time><extensions>
<ns3:TrackPointExtension>
<ns3:hr>80</ns3:hr>
</ns3:TrackPointExtension>
</extensions>
</trkpt>
<trkpt lat="35.1805489845" lon="129.2024738867">
<ele>0</ele>
<time>2026-05-19T08:14:28.000Z</time><extensions>
<ns3:TrackPointExtension>
<ns3:hr>79</ns3:hr>
</ns3:TrackPointExtension>
</extensions>
</trkpt>
<trkpt lat="35.180569693" lon="129.2024915071">
<ele>0</ele>
<time>2026-05-19T08:14:31.000Z</time><extensions>
<ns3:TrackPointExtension>
<ns3:hr>79</ns3:hr>
</ns3:TrackPointExtension>
</extensions>
</trkpt>
<trkpt lat="35.1805891737" lon="129.2024941586">
<ele>0</ele>
<time>2026-05-19T08:14:58.000Z</time><extensions>
<ns3:TrackPointExtension>
<ns3:hr>82</ns3:hr>
</ns3:TrackPointExtension>
</extensions>
</trkpt>
<trkpt lat="35.1805693337" lon="129.2024937205">
<ele>0</ele>
<time>2026-05-19T08:15:12.000Z</time><extensions>
<ns3:TrackPointExtension>
<ns3:hr>80</ns3:hr>
</ns3:TrackPointExtension>
</extensions>
</trkpt>
<trkpt lat="35.1805549318" lon="129.2025123162">
<ele>0</ele>
<time>2026-05-19T08:16:51.000Z</time><extensions>
<ns3:TrackPointExtension>
<ns3:hr>74</ns3:hr>
</ns3:TrackPointExtension>
</extensions>
</trkpt>
<trkpt lat="35.1805734564" lon="129.2025041914">
<ele>0</ele>
<time>2026-05-19T08:17:12.000Z</time><extensions>
<ns3:TrackPointExtension>
<ns3:hr>77</ns3:hr>
</ns3:TrackPointExtension>
</extensions>
</trkpt>
<trkpt lat="35.1805575267" lon="129.2024894008">
<ele>0</ele>
<time>2026-05-19T08:17:59.000Z</time><extensions>
<ns3:TrackPointExtension>
<ns3:hr>91</ns3:hr>
</ns3:TrackPointExtension>
</extensions>
</trkpt>
<trkpt lat="35.1805429983" lon="129.2024710537">
<ele>0</ele>
<time>2026-05-19T08:18:24.000Z</time><extensions>
<ns3:TrackPointExtension>
<ns3:hr>88</ns3:hr>
</ns3:TrackPointExtension>
</extensions>
</trkpt>
<trkpt lat="35.1805512707" lon="129.2025033308">
<ele>0</ele>
<time>2026-05-19T08:19:10.000Z</time><extensions>
<ns3:TrackPointExtension>
<ns3:hr>87</ns3:hr>
</ns3:TrackPointExtension>
</extensions>
</trkpt>
</trkseg>
</trk>
</gpx>