<?xml version="1.0" encoding="UTF-8"?>
<gpx version="1.1" creator="DMJ Riding Dashboard - Sample Generator"
     xmlns="http://www.topografix.com/GPX/1/1">
  <metadata><name>샘플 윙포일 세션 — 강릉 안목해변</name><time>2026-05-18T00:30:00Z</time></metadata>
  <trk>
    <name>샘플 윙포일 세션 — 강릉 안목</name>
    <type>windsurfing</type>
    <trkseg>
      <trkpt lat="37.7705159" lon="128.9559829"><ele>0.4</ele><time>2026-05-18T00:30:00Z</time></trkpt>
      <trkpt lat="37.7705313" lon="128.9559671"><ele>0.3</ele><time>2026-05-18T00:30:01Z</time></trkpt>
      <trkpt lat="37.7705488" lon="128.9559476"><ele>0.3</ele><time>2026-05-18T00:30:02Z</time></trkpt>
      <trkpt lat="37.7705630" lon="128.9559346"><ele>0.4</ele><time>2026-05-18T00:30:03Z</time></trkpt>
      <trkpt lat="37.7705846" lon="128.9559106"><ele>0.6</ele><time>2026-05-18T00:30:04Z</time></trkpt>
      <trkpt lat="37.7705991" lon="128.9558944"><ele>0.3</ele><time>2026-05-18T00:30:05Z</time></trkpt>
      <trkpt lat="37.7706182" lon="128.9558754"><ele>0.5</ele><time>2026-05-18T00:30:06Z</time></trkpt>
      <trkpt lat="37.7706343" lon="128.9558578"><ele>0.4</ele><time>2026-05-18T00:30:07Z</time></trkpt>
      <trkpt lat="37.7706536" lon="128.9558377"><ele>0.5</ele><time>2026-05-18T00:30:08Z</time></trkpt>
      <trkpt lat="37.7706729" lon="128.9558166"><ele>0.2</ele><time>2026-05-18T00:30:09Z</time></trkpt>
      <trkpt lat="37.7706927" lon="128.9557933"><ele>0.5</ele><time>2026-05-18T00:30:10Z</time></trkpt>
      <trkpt lat="37.7707125" lon="128.9557717"><ele>0.6</ele><time>2026-05-18T00:30:11Z</time></trkpt>
      <trkpt lat="37.7707323" lon="128.9557516"><ele>0.3</ele><time>2026-05-18T00:30:12Z</time></trkpt>
      <trkpt lat="37.7707508" lon="128.9557340"><ele>0.4</ele><time>2026-05-18T00:30:13Z</time></trkpt>
      <trkpt lat="37.7707699" lon="128.9557161"><ele>0.1</ele><time>2026-05-18T00:30:14Z</time></trkpt>
      <trkpt lat="37.7707864" lon="128.9556987"><ele>0.5</ele><time>2026-05-18T00:30:15Z</time></trkpt>
      <trkpt lat="37.7708045" lon="128.9556803"><ele>0.2</ele><time>2026-05-18T00:30:16Z</time></trkpt>
      <trkpt lat="37.7708229" lon="128.9556606"><ele>0.4</ele><time>2026-05-18T00:30:17Z</time></trkpt>
      <trkpt lat="37.7708374" lon="128.9556445"><ele>0.3</ele><time>2026-05-18T00:30:18Z</time></trkpt>
      <trkpt lat="37.7708529" lon="128.9556273"><ele>0.4</ele><time>2026-05-18T00:30:19Z</time></trkpt>
      <trkpt lat="37.7708677" lon="128.9556121"><ele>0.2</ele><time>2026-05-18T00:30:20Z</time></trkpt>
      <trkpt lat="37.7708811" lon="128.9555975"><ele>0.5</ele><time>2026-05-18T00:30:21Z</time></trkpt>
      <trkpt lat="37.7708962" lon="128.9555808"><ele>0.3</ele><time>2026-05-18T00:30:22Z</time></trkpt>
      <trkpt lat="37.7709160" lon="128.9555600"><ele>0.6</ele><time>2026-05-18T00:30:23Z</time></trkpt>
      <trkpt lat="37.7709320" lon="128.9555417"><ele>0.3</ele><time>2026-05-18T00:30:24Z</time></trkpt>
      <trkpt lat="37.7709496" lon="128.9555227"><ele>0.5</ele><time>2026-05-18T00:30:25Z</time></trkpt>
      <trkpt lat="37.7709660" lon="128.9555028"><ele>0.1</ele><time>2026-05-18T00:30:26Z</time></trkpt>
      <trkpt lat="37.7709840" lon="128.9554821"><ele>0.3</ele><time>2026-05-18T00:30:27Z</time></trkpt>
      <trkpt lat="37.7710039" lon="128.9554612"><ele>0.4</ele><time>2026-05-18T00:30:28Z</time></trkpt>
      <trkpt lat="37.7710218" lon="128.9554417"><ele>0.1</ele><time>2026-05-18T00:30:29Z</time></trkpt>
      <trkpt lat="37.7710435" lon="128.9554193"><ele>0.3</ele><time>2026-05-18T00:30:30Z</time></trkpt>
      <trkpt lat="37.7710597" lon="128.9554021"><ele>0.5</ele><time>2026-05-18T00:30:31Z</time></trkpt>
      <trkpt lat="37.7710795" lon="128.9553812"><ele>0.4</ele><time>2026-05-18T00:30:32Z</time></trkpt>
      <trkpt lat="37.7710999" lon="128.9553606"><ele>0.3</ele><time>2026-05-18T00:30:33Z</time></trkpt>
      <trkpt lat="37.7711154" lon="128.9553438"><ele>0.3</ele><time>2026-05-18T00:30:34Z</time></trkpt>
      <trkpt lat="37.7711308" lon="128.9553267"><ele>0.6</ele><time>2026-05-18T00:30:35Z</time></trkpt>
      <trkpt lat="37.7711492" lon="128.9553085"><ele>0.3</ele><time>2026-05-18T00:30:36Z</time></trkpt>
      <trkpt lat="37.7711693" lon="128.9552864"><ele>0.4</ele><time>2026-05-18T00:30:37Z</time></trkpt>
      <trkpt lat="37.7711865" lon="128.9552672"><ele>0.3</ele><time>2026-05-18T00:30:38Z</time></trkpt>
      <trkpt lat="37.7712053" lon="128.9552493"><ele>0.4</ele><time>2026-05-18T00:30:39Z</time></trkpt>
      <trkpt lat="37.7712231" lon="128.9552301"><ele>0.4</ele><time>2026-05-18T00:30:40Z</time></trkpt>
      <trkpt lat="37.7712450" lon="128.9552085"><ele>0.5</ele><time>2026-05-18T00:30:41Z</time></trkpt>
      <trkpt lat="37.7712657" lon="128.9551871"><ele>0.2</ele><time>2026-05-18T00:30:42Z</time></trkpt>
      <trkpt lat="37.7712869" lon="128.9551636"><ele>0.2</ele><time>2026-05-18T00:30:43Z</time></trkpt>
      <trkpt lat="37.7713013" lon="128.9551476"><ele>0.4</ele><time>2026-05-18T00:30:44Z</time></trkpt>
      <trkpt lat="37.7713192" lon="128.9551295"><ele>0.4</ele><time>2026-05-18T00:30:45Z</time></trkpt>
      <trkpt lat="37.7713397" lon="128.9551086"><ele>0.3</ele><time>2026-05-18T00:30:46Z</time></trkpt>
      <trkpt lat="37.7713585" lon="128.9550871"><ele>0.6</ele><time>2026-05-18T00:30:47Z</time></trkpt>
      <trkpt lat="37.7713767" lon="128.9550683"><ele>0.3</ele><time>2026-05-18T00:30:48Z</time></trkpt>
      <trkpt lat="37.7713946" lon="128.9550496"><ele>0.3</ele><time>2026-05-18T00:30:49Z</time></trkpt>
      <trkpt lat="37.7714128" lon="128.9550312"><ele>0.2</ele><time>2026-05-18T00:30:50Z</time></trkpt>
      <trkpt lat="37.7714315" lon="128.9550082"><ele>0.3</ele><time>2026-05-18T00:30:51Z</time></trkpt>
      <trkpt lat="37.7714515" lon="128.9549882"><ele>0.1</ele><time>2026-05-18T00:30:52Z</time></trkpt>
      <trkpt lat="37.7714707" lon="128.9549669"><ele>0.4</ele><time>2026-05-18T00:30:53Z</time></trkpt>
      <trkpt lat="37.7714899" lon="128.9549445"><ele>0.5</ele><time>2026-05-18T00:30:54Z</time></trkpt>
      <trkpt lat="37.7715441" lon="128.9548825"><ele>0.5</ele><time>2026-05-18T00:30:55Z</time></trkpt>
      <trkpt lat="37.7716055" lon="128.9548192"><ele>0.5</ele><time>2026-05-18T00:30:56Z</time></trkpt>
      <trkpt lat="37.7716631" lon="128.9547683"><ele>0.4</ele><time>2026-05-18T00:30:57Z</time></trkpt>
      <trkpt lat="37.7717230" lon="128.9547055"><ele>0.5</ele><time>2026-05-18T00:30:58Z</time></trkpt>
      <trkpt lat="37.7717775" lon="128.9546483"><ele>0.5</ele><time>2026-05-18T00:30:59Z</time></trkpt>
      <trkpt lat="37.7718342" lon="128.9545846"><ele>0.5</ele><time>2026-05-18T00:31:00Z</time></trkpt>
      <trkpt lat="37.7718930" lon="128.9545276"><ele>0.4</ele><time>2026-05-18T00:31:01Z</time></trkpt>
      <trkpt lat="37.7719522" lon="128.9544655"><ele>0.4</ele><time>2026-05-18T00:31:02Z</time></trkpt>
      <trkpt lat="37.7720125" lon="128.9544045"><ele>0.3</ele><time>2026-05-18T00:31:03Z</time></trkpt>
      <trkpt lat="37.7720727" lon="128.9543432"><ele>0.3</ele><time>2026-05-18T00:31:04Z</time></trkpt>
      <trkpt lat="37.7721341" lon="128.9542855"><ele>0.4</ele><time>2026-05-18T00:31:05Z</time></trkpt>
      <trkpt lat="37.7721945" lon="128.9542176"><ele>0.7</ele><time>2026-05-18T00:31:06Z</time></trkpt>
      <trkpt lat="37.7722544" lon="128.9541541"><ele>0.4</ele><time>2026-05-18T00:31:07Z</time></trkpt>
      <trkpt lat="37.7723126" lon="128.9540935"><ele>0.2</ele><time>2026-05-18T00:31:08Z</time></trkpt>
      <trkpt lat="37.7723662" lon="128.9540359"><ele>0.3</ele><time>2026-05-18T00:31:09Z</time></trkpt>
      <trkpt lat="37.7724219" lon="128.9539769"><ele>0.1</ele><time>2026-05-18T00:31:10Z</time></trkpt>
      <trkpt lat="37.7724816" lon="128.9539180"><ele>0.6</ele><time>2026-05-18T00:31:11Z</time></trkpt>
      <trkpt lat="37.7725362" lon="128.9538560"><ele>0.4</ele><time>2026-05-18T00:31:12Z</time></trkpt>
      <trkpt lat="37.7725911" lon="128.9537915"><ele>0.4</ele><time>2026-05-18T00:31:13Z</time></trkpt>
      <trkpt lat="37.7726433" lon="128.9537391"><ele>0.5</ele><time>2026-05-18T00:31:14Z</time></trkpt>
      <trkpt lat="37.7726984" lon="128.9536804"><ele>0.5</ele><time>2026-05-18T00:31:15Z</time></trkpt>
      <trkpt lat="37.7727569" lon="128.9536160"><ele>0.4</ele><time>2026-05-18T00:31:16Z</time></trkpt>
      <trkpt lat="37.7728189" lon="128.9535509"><ele>0.5</ele><time>2026-05-18T00:31:17Z</time></trkpt>
      <trkpt lat="37.7728745" lon="128.9534958"><ele>0.6</ele><time>2026-05-18T00:31:18Z</time></trkpt>
      <trkpt lat="37.7729310" lon="128.9534348"><ele>0.4</ele><time>2026-05-18T00:31:19Z</time></trkpt>
      <trkpt lat="37.7729820" lon="128.9533725"><ele>0.1</ele><time>2026-05-18T00:31:20Z</time></trkpt>
      <trkpt lat="37.7730394" lon="128.9533105"><ele>0.4</ele><time>2026-05-18T00:31:21Z</time></trkpt>
      <trkpt lat="37.7730985" lon="128.9532476"><ele>0.3</ele><time>2026-05-18T00:31:22Z</time></trkpt>
      <trkpt lat="37.7731477" lon="128.9531853"><ele>0.5</ele><time>2026-05-18T00:31:23Z</time></trkpt>
      <trkpt lat="37.7732008" lon="128.9531264"><ele>0.6</ele><time>2026-05-18T00:31:24Z</time></trkpt>
      <trkpt lat="37.7732578" lon="128.9530702"><ele>0.4</ele><time>2026-05-18T00:31:25Z</time></trkpt>
      <trkpt lat="37.7733131" lon="128.9530099"><ele>0.4</ele><time>2026-05-18T00:31:26Z</time></trkpt>
      <trkpt lat="37.7733703" lon="128.9529455"><ele>0.3</ele><time>2026-05-18T00:31:27Z</time></trkpt>
      <trkpt lat="37.7734311" lon="128.9528816"><ele>0.3</ele><time>2026-05-18T00:31:28Z</time></trkpt>
      <trkpt lat="37.7734906" lon="128.9528186"><ele>0.4</ele><time>2026-05-18T00:31:29Z</time></trkpt>
      <trkpt lat="37.7735475" lon="128.9527553"><ele>0.1</ele><time>2026-05-18T00:31:30Z</time></trkpt>
      <trkpt lat="37.7736021" lon="128.9526999"><ele>0.4</ele><time>2026-05-18T00:31:31Z</time></trkpt>
      <trkpt lat="37.7736601" lon="128.9526417"><ele>0.4</ele><time>2026-05-18T00:31:32Z</time></trkpt>
      <trkpt lat="37.7737135" lon="128.9525836"><ele>0.6</ele><time>2026-05-18T00:31:33Z</time></trkpt>
      <trkpt lat="37.7737710" lon="128.9525217"><ele>0.6</ele><time>2026-05-18T00:31:34Z</time></trkpt>
      <trkpt lat="37.7738255" lon="128.9524625"><ele>0.3</ele><time>2026-05-18T00:31:35Z</time></trkpt>
      <trkpt lat="37.7738785" lon="128.9524039"><ele>0.3</ele><time>2026-05-18T00:31:36Z</time></trkpt>
      <trkpt lat="37.7739342" lon="128.9523421"><ele>0.3</ele><time>2026-05-18T00:31:37Z</time></trkpt>
      <trkpt lat="37.7739915" lon="128.9522778"><ele>0.7</ele><time>2026-05-18T00:31:38Z</time></trkpt>
      <trkpt lat="37.7740453" lon="128.9522177"><ele>0.6</ele><time>2026-05-18T00:31:39Z</time></trkpt>
      <trkpt lat="37.7741036" lon="128.9521547"><ele>0.2</ele><time>2026-05-18T00:31:40Z</time></trkpt>
      <trkpt lat="37.7741600" lon="128.9520920"><ele>0.5</ele><time>2026-05-18T00:31:41Z</time></trkpt>
      <trkpt lat="37.7742162" lon="128.9520322"><ele>0.5</ele><time>2026-05-18T00:31:42Z</time></trkpt>
      <trkpt lat="37.7742671" lon="128.9519768"><ele>0.5</ele><time>2026-05-18T00:31:43Z</time></trkpt>
      <trkpt lat="37.7743239" lon="128.9519139"><ele>0.5</ele><time>2026-05-18T00:31:44Z</time></trkpt>
      <trkpt lat="37.7743807" lon="128.9518477"><ele>0.6</ele><time>2026-05-18T00:31:45Z</time></trkpt>
      <trkpt lat="37.7744361" lon="128.9517904"><ele>0.5</ele><time>2026-05-18T00:31:46Z</time></trkpt>
      <trkpt lat="37.7744926" lon="128.9517318"><ele>0.4</ele><time>2026-05-18T00:31:47Z</time></trkpt>
      <trkpt lat="37.7745441" lon="128.9516708"><ele>0.4</ele><time>2026-05-18T00:31:48Z</time></trkpt>
      <trkpt lat="37.7745966" lon="128.9516138"><ele>0.3</ele><time>2026-05-18T00:31:49Z</time></trkpt>
      <trkpt lat="37.7746521" lon="128.9515536"><ele>0.4</ele><time>2026-05-18T00:31:50Z</time></trkpt>
      <trkpt lat="37.7747063" lon="128.9514970"><ele>0.4</ele><time>2026-05-18T00:31:51Z</time></trkpt>
      <trkpt lat="37.7747637" lon="128.9514337"><ele>0.1</ele><time>2026-05-18T00:31:52Z</time></trkpt>
      <trkpt lat="37.7748201" lon="128.9513705"><ele>0.2</ele><time>2026-05-18T00:31:53Z</time></trkpt>
      <trkpt lat="37.7748777" lon="128.9513062"><ele>0.3</ele><time>2026-05-18T00:31:54Z</time></trkpt>
      <trkpt lat="37.7749317" lon="128.9512478"><ele>0.6</ele><time>2026-05-18T00:31:55Z</time></trkpt>
      <trkpt lat="37.7749882" lon="128.9511860"><ele>0.4</ele><time>2026-05-18T00:31:56Z</time></trkpt>
      <trkpt lat="37.7750456" lon="128.9511299"><ele>0.3</ele><time>2026-05-18T00:31:57Z</time></trkpt>
      <trkpt lat="37.7751007" lon="128.9510680"><ele>0.3</ele><time>2026-05-18T00:31:58Z</time></trkpt>
      <trkpt lat="37.7751481" lon="128.9510087"><ele>0.4</ele><time>2026-05-18T00:31:59Z</time></trkpt>
      <trkpt lat="37.7751783" lon="128.9509493"><ele>0.3</ele><time>2026-05-18T00:32:00Z</time></trkpt>
      <trkpt lat="37.7751910" lon="128.9509023"><ele>0.4</ele><time>2026-05-18T00:32:01Z</time></trkpt>
      <trkpt lat="37.7751939" lon="128.9508694"><ele>0.4</ele><time>2026-05-18T00:32:02Z</time></trkpt>
      <trkpt lat="37.7751919" lon="128.9508390"><ele>0.3</ele><time>2026-05-18T00:32:03Z</time></trkpt>
      <trkpt lat="37.7751802" lon="128.9507914"><ele>0.3</ele><time>2026-05-18T00:32:04Z</time></trkpt>
      <trkpt lat="37.7751543" lon="128.9507370"><ele>0.4</ele><time>2026-05-18T00:32:05Z</time></trkpt>
      <trkpt lat="37.7751128" lon="128.9506807"><ele>0.3</ele><time>2026-05-18T00:32:06Z</time></trkpt>
      <trkpt lat="37.7750598" lon="128.9506236"><ele>0.7</ele><time>2026-05-18T00:32:07Z</time></trkpt>
      <trkpt lat="37.7750078" lon="128.9505668"><ele>0.2</ele><time>2026-05-18T00:32:08Z</time></trkpt>
      <trkpt lat="37.7749523" lon="128.9505158"><ele>0.7</ele><time>2026-05-18T00:32:09Z</time></trkpt>
      <trkpt lat="37.7748972" lon="128.9504587"><ele>0.3</ele><time>2026-05-18T00:32:10Z</time></trkpt>
      <trkpt lat="37.7748424" lon="128.9504013"><ele>0.2</ele><time>2026-05-18T00:32:11Z</time></trkpt>
      <trkpt lat="37.7747877" lon="128.9503450"><ele>0.3</ele><time>2026-05-18T00:32:12Z</time></trkpt>
      <trkpt lat="37.7747400" lon="128.9502936"><ele>0.3</ele><time>2026-05-18T00:32:13Z</time></trkpt>
      <trkpt lat="37.7746847" lon="128.9502321"><ele>0.4</ele><time>2026-05-18T00:32:14Z</time></trkpt>
      <trkpt lat="37.7746315" lon="128.9501755"><ele>0.4</ele><time>2026-05-18T00:32:15Z</time></trkpt>
      <trkpt lat="37.7745804" lon="128.9501201"><ele>0.5</ele><time>2026-05-18T00:32:16Z</time></trkpt>
      <trkpt lat="37.7745317" lon="128.9500690"><ele>0.5</ele><time>2026-05-18T00:32:17Z</time></trkpt>
      <trkpt lat="37.7744761" lon="128.9500112"><ele>0.6</ele><time>2026-05-18T00:32:18Z</time></trkpt>
      <trkpt lat="37.7744202" lon="128.9499565"><ele>0.6</ele><time>2026-05-18T00:32:19Z</time></trkpt>
      <trkpt lat="37.7743631" lon="128.9499011"><ele>0.6</ele><time>2026-05-18T00:32:20Z</time></trkpt>
      <trkpt lat="37.7743050" lon="128.9498431"><ele>0.4</ele><time>2026-05-18T00:32:21Z</time></trkpt>
      <trkpt lat="37.7742465" lon="128.9497871"><ele>0.3</ele><time>2026-05-18T00:32:22Z</time></trkpt>
      <trkpt lat="37.7741943" lon="128.9497304"><ele>0.4</ele><time>2026-05-18T00:32:23Z</time></trkpt>
      <trkpt lat="37.7741424" lon="128.9496709"><ele>0.4</ele><time>2026-05-18T00:32:24Z</time></trkpt>
      <trkpt lat="37.7740881" lon="128.9496133"><ele>0.4</ele><time>2026-05-18T00:32:25Z</time></trkpt>
      <trkpt lat="37.7740372" lon="128.9495555"><ele>0.3</ele><time>2026-05-18T00:32:26Z</time></trkpt>
      <trkpt lat="37.7739809" lon="128.9494937"><ele>0.3</ele><time>2026-05-18T00:32:27Z</time></trkpt>
      <trkpt lat="37.7739287" lon="128.9494324"><ele>0.1</ele><time>2026-05-18T00:32:28Z</time></trkpt>
      <trkpt lat="37.7738798" lon="128.9493819"><ele>0.4</ele><time>2026-05-18T00:32:29Z</time></trkpt>
      <trkpt lat="37.7738262" lon="128.9493283"><ele>0.4</ele><time>2026-05-18T00:32:30Z</time></trkpt>
      <trkpt lat="37.7737729" lon="128.9492758"><ele>0.3</ele><time>2026-05-18T00:32:31Z</time></trkpt>
      <trkpt lat="37.7737179" lon="128.9492184"><ele>0.4</ele><time>2026-05-18T00:32:32Z</time></trkpt>
      <trkpt lat="37.7736667" lon="128.9491655"><ele>0.3</ele><time>2026-05-18T00:32:33Z</time></trkpt>
      <trkpt lat="37.7736149" lon="128.9491024"><ele>0.5</ele><time>2026-05-18T00:32:34Z</time></trkpt>
      <trkpt lat="37.7735593" lon="128.9490418"><ele>0.3</ele><time>2026-05-18T00:32:35Z</time></trkpt>
      <trkpt lat="37.7735065" lon="128.9489879"><ele>0.2</ele><time>2026-05-18T00:32:36Z</time></trkpt>
      <trkpt lat="37.7734491" lon="128.9489279"><ele>0.3</ele><time>2026-05-18T00:32:37Z</time></trkpt>
      <trkpt lat="37.7733966" lon="128.9488725"><ele>0.4</ele><time>2026-05-18T00:32:38Z</time></trkpt>
      <trkpt lat="37.7733451" lon="128.9488181"><ele>0.4</ele><time>2026-05-18T00:32:39Z</time></trkpt>
      <trkpt lat="37.7732901" lon="128.9487644"><ele>0.5</ele><time>2026-05-18T00:32:40Z</time></trkpt>
      <trkpt lat="37.7732369" lon="128.9487109"><ele>0.4</ele><time>2026-05-18T00:32:41Z</time></trkpt>
      <trkpt lat="37.7731838" lon="128.9486580"><ele>0.4</ele><time>2026-05-18T00:32:42Z</time></trkpt>
      <trkpt lat="37.7731342" lon="128.9486002"><ele>0.3</ele><time>2026-05-18T00:32:43Z</time></trkpt>
      <trkpt lat="37.7730817" lon="128.9485474"><ele>0.4</ele><time>2026-05-18T00:32:44Z</time></trkpt>
      <trkpt lat="37.7730284" lon="128.9484919"><ele>0.3</ele><time>2026-05-18T00:32:45Z</time></trkpt>
      <trkpt lat="37.7729735" lon="128.9484312"><ele>0.8</ele><time>2026-05-18T00:32:46Z</time></trkpt>
      <trkpt lat="37.7729236" lon="128.9483779"><ele>0.5</ele><time>2026-05-18T00:32:47Z</time></trkpt>
      <trkpt lat="37.7728694" lon="128.9483175"><ele>0.3</ele><time>2026-05-18T00:32:48Z</time></trkpt>
      <trkpt lat="37.7728148" lon="128.9482568"><ele>0.6</ele><time>2026-05-18T00:32:49Z</time></trkpt>
      <trkpt lat="37.7727585" lon="128.9481954"><ele>0.4</ele><time>2026-05-18T00:32:50Z</time></trkpt>
      <trkpt lat="37.7727071" lon="128.9481397"><ele>0.4</ele><time>2026-05-18T00:32:51Z</time></trkpt>
      <trkpt lat="37.7726530" lon="128.9480851"><ele>0.7</ele><time>2026-05-18T00:32:52Z</time></trkpt>
      <trkpt lat="37.7725978" lon="128.9480329"><ele>0.5</ele><time>2026-05-18T00:32:53Z</time></trkpt>
      <trkpt lat="37.7725424" lon="128.9479758"><ele>0.5</ele><time>2026-05-18T00:32:54Z</time></trkpt>
      <trkpt lat="37.7724922" lon="128.9479181"><ele>0.6</ele><time>2026-05-18T00:32:55Z</time></trkpt>
      <trkpt lat="37.7724338" lon="128.9478597"><ele>0.5</ele><time>2026-05-18T00:32:56Z</time></trkpt>
      <trkpt lat="37.7723820" lon="128.9478056"><ele>0.4</ele><time>2026-05-18T00:32:57Z</time></trkpt>
      <trkpt lat="37.7723294" lon="128.9477510"><ele>0.3</ele><time>2026-05-18T00:32:58Z</time></trkpt>
      <trkpt lat="37.7722765" lon="128.9476940"><ele>0.5</ele><time>2026-05-18T00:32:59Z</time></trkpt>
      <trkpt lat="37.7722242" lon="128.9476395"><ele>0.3</ele><time>2026-05-18T00:33:00Z</time></trkpt>
      <trkpt lat="37.7721693" lon="128.9475851"><ele>0.4</ele><time>2026-05-18T00:33:01Z</time></trkpt>
      <trkpt lat="37.7721129" lon="128.9475267"><ele>0.4</ele><time>2026-05-18T00:33:02Z</time></trkpt>
      <trkpt lat="37.7720579" lon="128.9474756"><ele>0.2</ele><time>2026-05-18T00:33:03Z</time></trkpt>
      <trkpt lat="37.7720064" lon="128.9474185"><ele>0.2</ele><time>2026-05-18T00:33:04Z</time></trkpt>
      <trkpt lat="37.7719558" lon="128.9473654"><ele>0.3</ele><time>2026-05-18T00:33:05Z</time></trkpt>
      <trkpt lat="37.7719118" lon="128.9473062"><ele>0.4</ele><time>2026-05-18T00:33:06Z</time></trkpt>
      <trkpt lat="37.7718851" lon="128.9472507"><ele>0.4</ele><time>2026-05-18T00:33:07Z</time></trkpt>
      <trkpt lat="37.7718723" lon="128.9472012"><ele>0.3</ele><time>2026-05-18T00:33:08Z</time></trkpt>
      <trkpt lat="37.7718701" lon="128.9471684"><ele>0.6</ele><time>2026-05-18T00:33:09Z</time></trkpt>
      <trkpt lat="37.7718731" lon="128.9471369"><ele>0.4</ele><time>2026-05-18T00:33:10Z</time></trkpt>
      <trkpt lat="37.7718842" lon="128.9470927"><ele>0.5</ele><time>2026-05-18T00:33:11Z</time></trkpt>
      <trkpt lat="37.7719096" lon="128.9470422"><ele>0.4</ele><time>2026-05-18T00:33:12Z</time></trkpt>
      <trkpt lat="37.7719471" lon="128.9469925"><ele>0.5</ele><time>2026-05-18T00:33:13Z</time></trkpt>
      <trkpt lat="37.7720052" lon="128.9469295"><ele>0.5</ele><time>2026-05-18T00:33:14Z</time></trkpt>
      <trkpt lat="37.7720604" lon="128.9468702"><ele>0.5</ele><time>2026-05-18T00:33:15Z</time></trkpt>
      <trkpt lat="37.7721211" lon="128.9468018"><ele>0.2</ele><time>2026-05-18T00:33:16Z</time></trkpt>
      <trkpt lat="37.7721794" lon="128.9467407"><ele>0.2</ele><time>2026-05-18T00:33:17Z</time></trkpt>
      <trkpt lat="37.7722397" lon="128.9466782"><ele>0.5</ele><time>2026-05-18T00:33:18Z</time></trkpt>
      <trkpt lat="37.7722986" lon="128.9466200"><ele>0.5</ele><time>2026-05-18T00:33:19Z</time></trkpt>
      <trkpt lat="37.7723546" lon="128.9465639"><ele>0.4</ele><time>2026-05-18T00:33:20Z</time></trkpt>
      <trkpt lat="37.7724155" lon="128.9465049"><ele>0.4</ele><time>2026-05-18T00:33:21Z</time></trkpt>
      <trkpt lat="37.7724660" lon="128.9464479"><ele>0.3</ele><time>2026-05-18T00:33:22Z</time></trkpt>
      <trkpt lat="37.7725244" lon="128.9463891"><ele>0.5</ele><time>2026-05-18T00:33:23Z</time></trkpt>
      <trkpt lat="37.7725827" lon="128.9463275"><ele>0.3</ele><time>2026-05-18T00:33:24Z</time></trkpt>
      <trkpt lat="37.7726419" lon="128.9462575"><ele>0.2</ele><time>2026-05-18T00:33:25Z</time></trkpt>
      <trkpt lat="37.7726991" lon="128.9461984"><ele>0.4</ele><time>2026-05-18T00:33:26Z</time></trkpt>
      <trkpt lat="37.7727560" lon="128.9461364"><ele>0.1</ele><time>2026-05-18T00:33:27Z</time></trkpt>
      <trkpt lat="37.7728080" lon="128.9460800"><ele>0.3</ele><time>2026-05-18T00:33:28Z</time></trkpt>
      <trkpt lat="37.7728695" lon="128.9460182"><ele>0.3</ele><time>2026-05-18T00:33:29Z</time></trkpt>
      <trkpt lat="37.7729278" lon="128.9459557"><ele>0.2</ele><time>2026-05-18T00:33:30Z</time></trkpt>
      <trkpt lat="37.7729829" lon="128.9458961"><ele>0.3</ele><time>2026-05-18T00:33:31Z</time></trkpt>
      <trkpt lat="37.7730389" lon="128.9458319"><ele>0.0</ele><time>2026-05-18T00:33:32Z</time></trkpt>
      <trkpt lat="37.7730921" lon="128.9457733"><ele>0.2</ele><time>2026-05-18T00:33:33Z</time></trkpt>
      <trkpt lat="37.7731450" lon="128.9457175"><ele>0.3</ele><time>2026-05-18T00:33:34Z</time></trkpt>
      <trkpt lat="37.7731979" lon="128.9456612"><ele>0.3</ele><time>2026-05-18T00:33:35Z</time></trkpt>
      <trkpt lat="37.7732573" lon="128.9456009"><ele>0.1</ele><time>2026-05-18T00:33:36Z</time></trkpt>
      <trkpt lat="37.7733137" lon="128.9455360"><ele>0.2</ele><time>2026-05-18T00:33:37Z</time></trkpt>
      <trkpt lat="37.7733723" lon="128.9454808"><ele>0.5</ele><time>2026-05-18T00:33:38Z</time></trkpt>
      <trkpt lat="37.7734277" lon="128.9454209"><ele>0.3</ele><time>2026-05-18T00:33:39Z</time></trkpt>
      <trkpt lat="37.7734796" lon="128.9453591"><ele>0.2</ele><time>2026-05-18T00:33:40Z</time></trkpt>
      <trkpt lat="37.7735374" lon="128.9452980"><ele>0.5</ele><time>2026-05-18T00:33:41Z</time></trkpt>
      <trkpt lat="37.7735957" lon="128.9452422"><ele>0.5</ele><time>2026-05-18T00:33:42Z</time></trkpt>
      <trkpt lat="37.7736478" lon="128.9451843"><ele>0.6</ele><time>2026-05-18T00:33:43Z</time></trkpt>
      <trkpt lat="37.7737003" lon="128.9451226"><ele>0.3</ele><time>2026-05-18T00:33:44Z</time></trkpt>
      <trkpt lat="37.7737561" lon="128.9450634"><ele>0.5</ele><time>2026-05-18T00:33:45Z</time></trkpt>
      <trkpt lat="37.7738167" lon="128.9450013"><ele>0.3</ele><time>2026-05-18T00:33:46Z</time></trkpt>
      <trkpt lat="37.7738743" lon="128.9449393"><ele>0.5</ele><time>2026-05-18T00:33:47Z</time></trkpt>
      <trkpt lat="37.7739312" lon="128.9448884"><ele>0.5</ele><time>2026-05-18T00:33:48Z</time></trkpt>
      <trkpt lat="37.7739828" lon="128.9448327"><ele>0.6</ele><time>2026-05-18T00:33:49Z</time></trkpt>
      <trkpt lat="37.7740443" lon="128.9447746"><ele>0.2</ele><time>2026-05-18T00:33:50Z</time></trkpt>
      <trkpt lat="37.7741001" lon="128.9447129"><ele>0.6</ele><time>2026-05-18T00:33:51Z</time></trkpt>
      <trkpt lat="37.7741571" lon="128.9446511"><ele>0.3</ele><time>2026-05-18T00:33:52Z</time></trkpt>
      <trkpt lat="37.7742201" lon="128.9445883"><ele>0.3</ele><time>2026-05-18T00:33:53Z</time></trkpt>
      <trkpt lat="37.7742741" lon="128.9445303"><ele>0.1</ele><time>2026-05-18T00:33:54Z</time></trkpt>
      <trkpt lat="37.7743269" lon="128.9444669"><ele>0.5</ele><time>2026-05-18T00:33:55Z</time></trkpt>
      <trkpt lat="37.7743795" lon="128.9444063"><ele>0.5</ele><time>2026-05-18T00:33:56Z</time></trkpt>
      <trkpt lat="37.7744412" lon="128.9443445"><ele>0.3</ele><time>2026-05-18T00:33:57Z</time></trkpt>
      <trkpt lat="37.7744978" lon="128.9442798"><ele>0.3</ele><time>2026-05-18T00:33:58Z</time></trkpt>
      <trkpt lat="37.7745504" lon="128.9442224"><ele>0.4</ele><time>2026-05-18T00:33:59Z</time></trkpt>
      <trkpt lat="37.7746042" lon="128.9441663"><ele>0.2</ele><time>2026-05-18T00:34:00Z</time></trkpt>
      <trkpt lat="37.7746572" lon="128.9441062"><ele>0.6</ele><time>2026-05-18T00:34:01Z</time></trkpt>
      <trkpt lat="37.7747131" lon="128.9440476"><ele>0.4</ele><time>2026-05-18T00:34:02Z</time></trkpt>
      <trkpt lat="37.7747652" lon="128.9439939"><ele>0.2</ele><time>2026-05-18T00:34:03Z</time></trkpt>
      <trkpt lat="37.7748215" lon="128.9439395"><ele>0.4</ele><time>2026-05-18T00:34:04Z</time></trkpt>
      <trkpt lat="37.7748780" lon="128.9438760"><ele>0.5</ele><time>2026-05-18T00:34:05Z</time></trkpt>
      <trkpt lat="37.7749368" lon="128.9438144"><ele>0.1</ele><time>2026-05-18T00:34:06Z</time></trkpt>
      <trkpt lat="37.7749915" lon="128.9437562"><ele>0.5</ele><time>2026-05-18T00:34:07Z</time></trkpt>
      <trkpt lat="37.7750461" lon="128.9436967"><ele>0.5</ele><time>2026-05-18T00:34:08Z</time></trkpt>
      <trkpt lat="37.7751005" lon="128.9436364"><ele>0.4</ele><time>2026-05-18T00:34:09Z</time></trkpt>
      <trkpt lat="37.7751573" lon="128.9435813"><ele>0.1</ele><time>2026-05-18T00:34:10Z</time></trkpt>
      <trkpt lat="37.7752116" lon="128.9435190"><ele>0.4</ele><time>2026-05-18T00:34:11Z</time></trkpt>
      <trkpt lat="37.7752671" lon="128.9434586"><ele>0.3</ele><time>2026-05-18T00:34:12Z</time></trkpt>
      <trkpt lat="37.7753232" lon="128.9434040"><ele>0.6</ele><time>2026-05-18T00:34:13Z</time></trkpt>
      <trkpt lat="37.7753832" lon="128.9433439"><ele>0.6</ele><time>2026-05-18T00:34:14Z</time></trkpt>
      <trkpt lat="37.7754405" lon="128.9432872"><ele>0.5</ele><time>2026-05-18T00:34:15Z</time></trkpt>
      <trkpt lat="37.7754985" lon="128.9432247"><ele>0.4</ele><time>2026-05-18T00:34:16Z</time></trkpt>
      <trkpt lat="37.7755575" lon="128.9431655"><ele>0.2</ele><time>2026-05-18T00:34:17Z</time></trkpt>
      <trkpt lat="37.7756142" lon="128.9431022"><ele>0.4</ele><time>2026-05-18T00:34:18Z</time></trkpt>
      <trkpt lat="37.7756768" lon="128.9430429"><ele>0.5</ele><time>2026-05-18T00:34:19Z</time></trkpt>
      <trkpt lat="37.7757309" lon="128.9429822"><ele>0.3</ele><time>2026-05-18T00:34:20Z</time></trkpt>
      <trkpt lat="37.7757854" lon="128.9429200"><ele>0.4</ele><time>2026-05-18T00:34:21Z</time></trkpt>
      <trkpt lat="37.7758315" lon="128.9428573"><ele>0.4</ele><time>2026-05-18T00:34:22Z</time></trkpt>
      <trkpt lat="37.7758590" lon="128.9427981"><ele>0.5</ele><time>2026-05-18T00:34:23Z</time></trkpt>
      <trkpt lat="37.7758717" lon="128.9427491"><ele>0.4</ele><time>2026-05-18T00:34:24Z</time></trkpt>
      <trkpt lat="37.7758747" lon="128.9427169"><ele>0.5</ele><time>2026-05-18T00:34:25Z</time></trkpt>
      <trkpt lat="37.7758713" lon="128.9426830"><ele>0.4</ele><time>2026-05-18T00:34:26Z</time></trkpt>
      <trkpt lat="37.7758577" lon="128.9426382"><ele>0.6</ele><time>2026-05-18T00:34:27Z</time></trkpt>
      <trkpt lat="37.7758321" lon="128.9425852"><ele>0.2</ele><time>2026-05-18T00:34:28Z</time></trkpt>
      <trkpt lat="37.7757916" lon="128.9425273"><ele>0.5</ele><time>2026-05-18T00:34:29Z</time></trkpt>
      <trkpt lat="37.7757343" lon="128.9424678"><ele>0.4</ele><time>2026-05-18T00:34:30Z</time></trkpt>
      <trkpt lat="37.7756776" lon="128.9424123"><ele>0.2</ele><time>2026-05-18T00:34:31Z</time></trkpt>
      <trkpt lat="37.7756244" lon="128.9423536"><ele>0.1</ele><time>2026-05-18T00:34:32Z</time></trkpt>
      <trkpt lat="37.7755747" lon="128.9423038"><ele>0.5</ele><time>2026-05-18T00:34:33Z</time></trkpt>
      <trkpt lat="37.7755270" lon="128.9422457"><ele>0.2</ele><time>2026-05-18T00:34:34Z</time></trkpt>
      <trkpt lat="37.7754757" lon="128.9421926"><ele>0.5</ele><time>2026-05-18T00:34:35Z</time></trkpt>
      <trkpt lat="37.7754283" lon="128.9421412"><ele>0.2</ele><time>2026-05-18T00:34:36Z</time></trkpt>
      <trkpt lat="37.7753783" lon="128.9420938"><ele>0.5</ele><time>2026-05-18T00:34:37Z</time></trkpt>
      <trkpt lat="37.7753257" lon="128.9420391"><ele>0.6</ele><time>2026-05-18T00:34:38Z</time></trkpt>
      <trkpt lat="37.7752731" lon="128.9419857"><ele>0.4</ele><time>2026-05-18T00:34:39Z</time></trkpt>
      <trkpt lat="37.7752206" lon="128.9419314"><ele>0.2</ele><time>2026-05-18T00:34:40Z</time></trkpt>
      <trkpt lat="37.7751745" lon="128.9418758"><ele>0.4</ele><time>2026-05-18T00:34:41Z</time></trkpt>
      <trkpt lat="37.7751265" lon="128.9418245"><ele>0.4</ele><time>2026-05-18T00:34:42Z</time></trkpt>
      <trkpt lat="37.7750742" lon="128.9417770"><ele>0.3</ele><time>2026-05-18T00:34:43Z</time></trkpt>
      <trkpt lat="37.7750196" lon="128.9417179"><ele>0.7</ele><time>2026-05-18T00:34:44Z</time></trkpt>
      <trkpt lat="37.7749706" lon="128.9416668"><ele>0.5</ele><time>2026-05-18T00:34:45Z</time></trkpt>
      <trkpt lat="37.7749211" lon="128.9416106"><ele>0.3</ele><time>2026-05-18T00:34:46Z</time></trkpt>
      <trkpt lat="37.7748707" lon="128.9415574"><ele>0.4</ele><time>2026-05-18T00:34:47Z</time></trkpt>
      <trkpt lat="37.7748231" lon="128.9415062"><ele>0.5</ele><time>2026-05-18T00:34:48Z</time></trkpt>
      <trkpt lat="37.7747738" lon="128.9414472"><ele>0.4</ele><time>2026-05-18T00:34:49Z</time></trkpt>
      <trkpt lat="37.7747261" lon="128.9413929"><ele>0.2</ele><time>2026-05-18T00:34:50Z</time></trkpt>
      <trkpt lat="37.7746724" lon="128.9413319"><ele>0.5</ele><time>2026-05-18T00:34:51Z</time></trkpt>
      <trkpt lat="37.7746191" lon="128.9412771"><ele>0.3</ele><time>2026-05-18T00:34:52Z</time></trkpt>
      <trkpt lat="37.7745657" lon="128.9412230"><ele>0.6</ele><time>2026-05-18T00:34:53Z</time></trkpt>
      <trkpt lat="37.7745145" lon="128.9411689"><ele>0.4</ele><time>2026-05-18T00:34:54Z</time></trkpt>
      <trkpt lat="37.7744607" lon="128.9411123"><ele>0.5</ele><time>2026-05-18T00:34:55Z</time></trkpt>
      <trkpt lat="37.7744083" lon="128.9410567"><ele>0.2</ele><time>2026-05-18T00:34:56Z</time></trkpt>
      <trkpt lat="37.7743539" lon="128.9410003"><ele>0.3</ele><time>2026-05-18T00:34:57Z</time></trkpt>
      <trkpt lat="37.7743031" lon="128.9409457"><ele>0.6</ele><time>2026-05-18T00:34:58Z</time></trkpt>
      <trkpt lat="37.7742490" lon="128.9408915"><ele>0.6</ele><time>2026-05-18T00:34:59Z</time></trkpt>
      <trkpt lat="37.7741959" lon="128.9408373"><ele>0.5</ele><time>2026-05-18T00:35:00Z</time></trkpt>
      <trkpt lat="37.7741433" lon="128.9407835"><ele>0.4</ele><time>2026-05-18T00:35:01Z</time></trkpt>
      <trkpt lat="37.7740957" lon="128.9407314"><ele>0.6</ele><time>2026-05-18T00:35:02Z</time></trkpt>
      <trkpt lat="37.7740415" lon="128.9406747"><ele>0.3</ele><time>2026-05-18T00:35:03Z</time></trkpt>
      <trkpt lat="37.7739866" lon="128.9406209"><ele>0.4</ele><time>2026-05-18T00:35:04Z</time></trkpt>
      <trkpt lat="37.7739345" lon="128.9405653"><ele>0.4</ele><time>2026-05-18T00:35:05Z</time></trkpt>
      <trkpt lat="37.7738864" lon="128.9405092"><ele>0.3</ele><time>2026-05-18T00:35:06Z</time></trkpt>
      <trkpt lat="37.7738340" lon="128.9404515"><ele>0.2</ele><time>2026-05-18T00:35:07Z</time></trkpt>
      <trkpt lat="37.7737792" lon="128.9403942"><ele>0.3</ele><time>2026-05-18T00:35:08Z</time></trkpt>
      <trkpt lat="37.7737297" lon="128.9403381"><ele>0.8</ele><time>2026-05-18T00:35:09Z</time></trkpt>
      <trkpt lat="37.7736761" lon="128.9402823"><ele>0.4</ele><time>2026-05-18T00:35:10Z</time></trkpt>
      <trkpt lat="37.7736269" lon="128.9402289"><ele>0.4</ele><time>2026-05-18T00:35:11Z</time></trkpt>
      <trkpt lat="37.7735702" lon="128.9401695"><ele>0.6</ele><time>2026-05-18T00:35:12Z</time></trkpt>
      <trkpt lat="37.7735135" lon="128.9401128"><ele>0.7</ele><time>2026-05-18T00:35:13Z</time></trkpt>
      <trkpt lat="37.7734623" lon="128.9400613"><ele>0.7</ele><time>2026-05-18T00:35:14Z</time></trkpt>
      <trkpt lat="37.7734103" lon="128.9400031"><ele>-0.0</ele><time>2026-05-18T00:35:15Z</time></trkpt>
      <trkpt lat="37.7733601" lon="128.9399453"><ele>0.3</ele><time>2026-05-18T00:35:16Z</time></trkpt>
      <trkpt lat="37.7733086" lon="128.9398895"><ele>0.6</ele><time>2026-05-18T00:35:17Z</time></trkpt>
      <trkpt lat="37.7732568" lon="128.9398355"><ele>0.3</ele><time>2026-05-18T00:35:18Z</time></trkpt>
      <trkpt lat="37.7732055" lon="128.9397813"><ele>0.4</ele><time>2026-05-18T00:35:19Z</time></trkpt>
      <trkpt lat="37.7731570" lon="128.9397291"><ele>0.3</ele><time>2026-05-18T00:35:20Z</time></trkpt>
      <trkpt lat="37.7731065" lon="128.9396738"><ele>0.3</ele><time>2026-05-18T00:35:21Z</time></trkpt>
      <trkpt lat="37.7730550" lon="128.9396162"><ele>0.5</ele><time>2026-05-18T00:35:22Z</time></trkpt>
      <trkpt lat="37.7730040" lon="128.9395633"><ele>0.3</ele><time>2026-05-18T00:35:23Z</time></trkpt>
      <trkpt lat="37.7729536" lon="128.9395049"><ele>0.3</ele><time>2026-05-18T00:35:24Z</time></trkpt>
      <trkpt lat="37.7729054" lon="128.9394509"><ele>0.3</ele><time>2026-05-18T00:35:25Z</time></trkpt>
      <trkpt lat="37.7728488" lon="128.9393887"><ele>0.3</ele><time>2026-05-18T00:35:26Z</time></trkpt>
      <trkpt lat="37.7727970" lon="128.9393291"><ele>0.5</ele><time>2026-05-18T00:35:27Z</time></trkpt>
      <trkpt lat="37.7727477" lon="128.9392761"><ele>0.4</ele><time>2026-05-18T00:35:28Z</time></trkpt>
      <trkpt lat="37.7726956" lon="128.9392206"><ele>0.4</ele><time>2026-05-18T00:35:29Z</time></trkpt>
      <trkpt lat="37.7726420" lon="128.9391641"><ele>0.5</ele><time>2026-05-18T00:35:30Z</time></trkpt>
      <trkpt lat="37.7725899" lon="128.9391128"><ele>0.2</ele><time>2026-05-18T00:35:31Z</time></trkpt>
      <trkpt lat="37.7725345" lon="128.9390559"><ele>0.5</ele><time>2026-05-18T00:35:32Z</time></trkpt>
      <trkpt lat="37.7724849" lon="128.9389994"><ele>0.6</ele><time>2026-05-18T00:35:33Z</time></trkpt>
      <trkpt lat="37.7724334" lon="128.9389411"><ele>0.3</ele><time>2026-05-18T00:35:34Z</time></trkpt>
      <trkpt lat="37.7723781" lon="128.9388855"><ele>0.4</ele><time>2026-05-18T00:35:35Z</time></trkpt>
      <trkpt lat="37.7723355" lon="128.9388324"><ele>0.4</ele><time>2026-05-18T00:35:36Z</time></trkpt>
      <trkpt lat="37.7723095" lon="128.9387760"><ele>0.2</ele><time>2026-05-18T00:35:37Z</time></trkpt>
      <trkpt lat="37.7722969" lon="128.9387291"><ele>0.6</ele><time>2026-05-18T00:35:38Z</time></trkpt>
      <trkpt lat="37.7722942" lon="128.9386929"><ele>0.4</ele><time>2026-05-18T00:35:39Z</time></trkpt>
      <trkpt lat="37.7722980" lon="128.9386583"><ele>0.3</ele><time>2026-05-18T00:35:40Z</time></trkpt>
      <trkpt lat="37.7723109" lon="128.9386121"><ele>0.3</ele><time>2026-05-18T00:35:41Z</time></trkpt>
      <trkpt lat="37.7723336" lon="128.9385631"><ele>0.7</ele><time>2026-05-18T00:35:42Z</time></trkpt>
      <trkpt lat="37.7723737" lon="128.9385121"><ele>0.3</ele><time>2026-05-18T00:35:43Z</time></trkpt>
      <trkpt lat="37.7724276" lon="128.9384514"><ele>0.5</ele><time>2026-05-18T00:35:44Z</time></trkpt>
      <trkpt lat="37.7724788" lon="128.9383894"><ele>0.5</ele><time>2026-05-18T00:35:45Z</time></trkpt>
      <trkpt lat="37.7725353" lon="128.9383312"><ele>0.3</ele><time>2026-05-18T00:35:46Z</time></trkpt>
      <trkpt lat="37.7725894" lon="128.9382744"><ele>0.7</ele><time>2026-05-18T00:35:47Z</time></trkpt>
      <trkpt lat="37.7726470" lon="128.9382211"><ele>0.3</ele><time>2026-05-18T00:35:48Z</time></trkpt>
      <trkpt lat="37.7726980" lon="128.9381615"><ele>0.5</ele><time>2026-05-18T00:35:49Z</time></trkpt>
      <trkpt lat="37.7727522" lon="128.9381041"><ele>0.3</ele><time>2026-05-18T00:35:50Z</time></trkpt>
      <trkpt lat="37.7728077" lon="128.9380475"><ele>0.2</ele><time>2026-05-18T00:35:51Z</time></trkpt>
      <trkpt lat="37.7728647" lon="128.9379886"><ele>0.4</ele><time>2026-05-18T00:35:52Z</time></trkpt>
      <trkpt lat="37.7729166" lon="128.9379291"><ele>0.3</ele><time>2026-05-18T00:35:53Z</time></trkpt>
      <trkpt lat="37.7729690" lon="128.9378703"><ele>0.3</ele><time>2026-05-18T00:35:54Z</time></trkpt>
      <trkpt lat="37.7730283" lon="128.9378025"><ele>0.3</ele><time>2026-05-18T00:35:55Z</time></trkpt>
      <trkpt lat="37.7730834" lon="128.9377404"><ele>0.6</ele><time>2026-05-18T00:35:56Z</time></trkpt>
      <trkpt lat="37.7731393" lon="128.9376816"><ele>0.3</ele><time>2026-05-18T00:35:57Z</time></trkpt>
      <trkpt lat="37.7731938" lon="128.9376225"><ele>0.5</ele><time>2026-05-18T00:35:58Z</time></trkpt>
      <trkpt lat="37.7732475" lon="128.9375616"><ele>0.6</ele><time>2026-05-18T00:35:59Z</time></trkpt>
      <trkpt lat="37.7733075" lon="128.9374922"><ele>0.3</ele><time>2026-05-18T00:36:00Z</time></trkpt>
      <trkpt lat="37.7733583" lon="128.9374333"><ele>0.7</ele><time>2026-05-18T00:36:01Z</time></trkpt>
      <trkpt lat="37.7734100" lon="128.9373759"><ele>0.5</ele><time>2026-05-18T00:36:02Z</time></trkpt>
      <trkpt lat="37.7734697" lon="128.9373124"><ele>0.6</ele><time>2026-05-18T00:36:03Z</time></trkpt>
      <trkpt lat="37.7735267" lon="128.9372517"><ele>0.4</ele><time>2026-05-18T00:36:04Z</time></trkpt>
      <trkpt lat="37.7735800" lon="128.9371930"><ele>0.5</ele><time>2026-05-18T00:36:05Z</time></trkpt>
      <trkpt lat="37.7736322" lon="128.9371309"><ele>0.4</ele><time>2026-05-18T00:36:06Z</time></trkpt>
      <trkpt lat="37.7736878" lon="128.9370674"><ele>0.2</ele><time>2026-05-18T00:36:07Z</time></trkpt>
      <trkpt lat="37.7737459" lon="128.9370114"><ele>0.4</ele><time>2026-05-18T00:36:08Z</time></trkpt>
      <trkpt lat="37.7738020" lon="128.9369474"><ele>0.6</ele><time>2026-05-18T00:36:09Z</time></trkpt>
      <trkpt lat="37.7738609" lon="128.9368886"><ele>0.5</ele><time>2026-05-18T00:36:10Z</time></trkpt>
      <trkpt lat="37.7739186" lon="128.9368277"><ele>0.5</ele><time>2026-05-18T00:36:11Z</time></trkpt>
      <trkpt lat="37.7739742" lon="128.9367686"><ele>0.5</ele><time>2026-05-18T00:36:12Z</time></trkpt>
      <trkpt lat="37.7740324" lon="128.9367107"><ele>0.3</ele><time>2026-05-18T00:36:13Z</time></trkpt>
      <trkpt lat="37.7740864" lon="128.9366492"><ele>0.4</ele><time>2026-05-18T00:36:14Z</time></trkpt>
      <trkpt lat="37.7741460" lon="128.9365878"><ele>0.4</ele><time>2026-05-18T00:36:15Z</time></trkpt>
      <trkpt lat="37.7742042" lon="128.9365281"><ele>0.5</ele><time>2026-05-18T00:36:16Z</time></trkpt>
      <trkpt lat="37.7742576" lon="128.9364663"><ele>0.5</ele><time>2026-05-18T00:36:17Z</time></trkpt>
      <trkpt lat="37.7743130" lon="128.9364062"><ele>0.6</ele><time>2026-05-18T00:36:18Z</time></trkpt>
      <trkpt lat="37.7743704" lon="128.9363490"><ele>0.4</ele><time>2026-05-18T00:36:19Z</time></trkpt>
      <trkpt lat="37.7744234" lon="128.9362936"><ele>0.5</ele><time>2026-05-18T00:36:20Z</time></trkpt>
      <trkpt lat="37.7744801" lon="128.9362337"><ele>0.3</ele><time>2026-05-18T00:36:21Z</time></trkpt>
      <trkpt lat="37.7745310" lon="128.9361750"><ele>0.7</ele><time>2026-05-18T00:36:22Z</time></trkpt>
      <trkpt lat="37.7745903" lon="128.9361154"><ele>0.4</ele><time>2026-05-18T00:36:23Z</time></trkpt>
      <trkpt lat="37.7746452" lon="128.9360542"><ele>0.2</ele><time>2026-05-18T00:36:24Z</time></trkpt>
      <trkpt lat="37.7747013" lon="128.9359923"><ele>0.2</ele><time>2026-05-18T00:36:25Z</time></trkpt>
      <trkpt lat="37.7747613" lon="128.9359294"><ele>0.4</ele><time>2026-05-18T00:36:26Z</time></trkpt>
      <trkpt lat="37.7748184" lon="128.9358729"><ele>0.5</ele><time>2026-05-18T00:36:27Z</time></trkpt>
      <trkpt lat="37.7748739" lon="128.9358110"><ele>0.3</ele><time>2026-05-18T00:36:28Z</time></trkpt>
      <trkpt lat="37.7749287" lon="128.9357578"><ele>0.5</ele><time>2026-05-18T00:36:29Z</time></trkpt>
      <trkpt lat="37.7749852" lon="128.9356908"><ele>0.4</ele><time>2026-05-18T00:36:30Z</time></trkpt>
      <trkpt lat="37.7750396" lon="128.9356378"><ele>0.5</ele><time>2026-05-18T00:36:31Z</time></trkpt>
      <trkpt lat="37.7750945" lon="128.9355803"><ele>0.3</ele><time>2026-05-18T00:36:32Z</time></trkpt>
      <trkpt lat="37.7751479" lon="128.9355202"><ele>0.5</ele><time>2026-05-18T00:36:33Z</time></trkpt>
      <trkpt lat="37.7752047" lon="128.9354576"><ele>0.4</ele><time>2026-05-18T00:36:34Z</time></trkpt>
      <trkpt lat="37.7752604" lon="128.9354028"><ele>0.6</ele><time>2026-05-18T00:36:35Z</time></trkpt>
      <trkpt lat="37.7753156" lon="128.9353460"><ele>0.6</ele><time>2026-05-18T00:36:36Z</time></trkpt>
      <trkpt lat="37.7753711" lon="128.9352892"><ele>0.8</ele><time>2026-05-18T00:36:37Z</time></trkpt>
      <trkpt lat="37.7754260" lon="128.9352280"><ele>0.7</ele><time>2026-05-18T00:36:38Z</time></trkpt>
      <trkpt lat="37.7754798" lon="128.9351635"><ele>0.4</ele><time>2026-05-18T00:36:39Z</time></trkpt>
      <trkpt lat="37.7755399" lon="128.9351043"><ele>0.5</ele><time>2026-05-18T00:36:40Z</time></trkpt>
      <trkpt lat="37.7755952" lon="128.9350445"><ele>0.7</ele><time>2026-05-18T00:36:41Z</time></trkpt>
      <trkpt lat="37.7756506" lon="128.9349817"><ele>0.3</ele><time>2026-05-18T00:36:42Z</time></trkpt>
      <trkpt lat="37.7757018" lon="128.9349175"><ele>0.3</ele><time>2026-05-18T00:36:43Z</time></trkpt>
      <trkpt lat="37.7757559" lon="128.9348624"><ele>0.5</ele><time>2026-05-18T00:36:44Z</time></trkpt>
      <trkpt lat="37.7758108" lon="128.9347988"><ele>0.3</ele><time>2026-05-18T00:36:45Z</time></trkpt>
      <trkpt lat="37.7758671" lon="128.9347386"><ele>0.2</ele><time>2026-05-18T00:36:46Z</time></trkpt>
      <trkpt lat="37.7759206" lon="128.9346839"><ele>0.3</ele><time>2026-05-18T00:36:47Z</time></trkpt>
      <trkpt lat="37.7759732" lon="128.9346254"><ele>0.3</ele><time>2026-05-18T00:36:48Z</time></trkpt>
      <trkpt lat="37.7760313" lon="128.9345677"><ele>0.2</ele><time>2026-05-18T00:36:49Z</time></trkpt>
      <trkpt lat="37.7760764" lon="128.9345109"><ele>0.7</ele><time>2026-05-18T00:36:50Z</time></trkpt>
      <trkpt lat="37.7761038" lon="128.9344537"><ele>0.5</ele><time>2026-05-18T00:36:51Z</time></trkpt>
      <trkpt lat="37.7761182" lon="128.9344028"><ele>0.5</ele><time>2026-05-18T00:36:52Z</time></trkpt>
      <trkpt lat="37.7761205" lon="128.9343676"><ele>0.5</ele><time>2026-05-18T00:36:53Z</time></trkpt>
      <trkpt lat="37.7761177" lon="128.9343363"><ele>0.4</ele><time>2026-05-18T00:36:54Z</time></trkpt>
      <trkpt lat="37.7761055" lon="128.9342927"><ele>0.6</ele><time>2026-05-18T00:36:55Z</time></trkpt>
      <trkpt lat="37.7760801" lon="128.9342404"><ele>0.3</ele><time>2026-05-18T00:36:56Z</time></trkpt>
      <trkpt lat="37.7760380" lon="128.9341818"><ele>0.0</ele><time>2026-05-18T00:36:57Z</time></trkpt>
      <trkpt lat="37.7759892" lon="128.9341274"><ele>0.6</ele><time>2026-05-18T00:36:58Z</time></trkpt>
      <trkpt lat="37.7759331" lon="128.9340741"><ele>0.1</ele><time>2026-05-18T00:36:59Z</time></trkpt>
      <trkpt lat="37.7758820" lon="128.9340148"><ele>0.5</ele><time>2026-05-18T00:37:00Z</time></trkpt>
      <trkpt lat="37.7758309" lon="128.9339628"><ele>0.4</ele><time>2026-05-18T00:37:01Z</time></trkpt>
      <trkpt lat="37.7757743" lon="128.9339092"><ele>0.4</ele><time>2026-05-18T00:37:02Z</time></trkpt>
      <trkpt lat="37.7757257" lon="128.9338559"><ele>0.6</ele><time>2026-05-18T00:37:03Z</time></trkpt>
      <trkpt lat="37.7756738" lon="128.9338003"><ele>0.4</ele><time>2026-05-18T00:37:04Z</time></trkpt>
      <trkpt lat="37.7756258" lon="128.9337480"><ele>0.3</ele><time>2026-05-18T00:37:05Z</time></trkpt>
      <trkpt lat="37.7755720" lon="128.9336962"><ele>0.6</ele><time>2026-05-18T00:37:06Z</time></trkpt>
      <trkpt lat="37.7755242" lon="128.9336449"><ele>0.4</ele><time>2026-05-18T00:37:07Z</time></trkpt>
      <trkpt lat="37.7754700" lon="128.9335870"><ele>0.7</ele><time>2026-05-18T00:37:08Z</time></trkpt>
      <trkpt lat="37.7754197" lon="128.9335369"><ele>0.2</ele><time>2026-05-18T00:37:09Z</time></trkpt>
      <trkpt lat="37.7753656" lon="128.9334800"><ele>0.2</ele><time>2026-05-18T00:37:10Z</time></trkpt>
      <trkpt lat="37.7753137" lon="128.9334309"><ele>0.6</ele><time>2026-05-18T00:37:11Z</time></trkpt>
      <trkpt lat="37.7752615" lon="128.9333702"><ele>0.5</ele><time>2026-05-18T00:37:12Z</time></trkpt>
      <trkpt lat="37.7752121" lon="128.9333132"><ele>0.2</ele><time>2026-05-18T00:37:13Z</time></trkpt>
      <trkpt lat="37.7751612" lon="128.9332548"><ele>0.4</ele><time>2026-05-18T00:37:14Z</time></trkpt>
      <trkpt lat="37.7751119" lon="128.9332021"><ele>0.2</ele><time>2026-05-18T00:37:15Z</time></trkpt>
      <trkpt lat="37.7750544" lon="128.9331409"><ele>0.3</ele><time>2026-05-18T00:37:16Z</time></trkpt>
      <trkpt lat="37.7750036" lon="128.9330809"><ele>0.5</ele><time>2026-05-18T00:37:17Z</time></trkpt>
      <trkpt lat="37.7749453" lon="128.9330258"><ele>0.4</ele><time>2026-05-18T00:37:18Z</time></trkpt>
      <trkpt lat="37.7748917" lon="128.9329701"><ele>0.5</ele><time>2026-05-18T00:37:19Z</time></trkpt>
      <trkpt lat="37.7748421" lon="128.9329135"><ele>0.4</ele><time>2026-05-18T00:37:20Z</time></trkpt>
      <trkpt lat="37.7747936" lon="128.9328590"><ele>0.2</ele><time>2026-05-18T00:37:21Z</time></trkpt>
      <trkpt lat="37.7747452" lon="128.9328049"><ele>0.4</ele><time>2026-05-18T00:37:22Z</time></trkpt>
      <trkpt lat="37.7746937" lon="128.9327486"><ele>0.5</ele><time>2026-05-18T00:37:23Z</time></trkpt>
      <trkpt lat="37.7746421" lon="128.9326912"><ele>0.3</ele><time>2026-05-18T00:37:24Z</time></trkpt>
      <trkpt lat="37.7745907" lon="128.9326326"><ele>0.5</ele><time>2026-05-18T00:37:25Z</time></trkpt>
      <trkpt lat="37.7745366" lon="128.9325803"><ele>0.7</ele><time>2026-05-18T00:37:26Z</time></trkpt>
      <trkpt lat="37.7744848" lon="128.9325286"><ele>0.3</ele><time>2026-05-18T00:37:27Z</time></trkpt>
      <trkpt lat="37.7744363" lon="128.9324784"><ele>0.5</ele><time>2026-05-18T00:37:28Z</time></trkpt>
      <trkpt lat="37.7743863" lon="128.9324240"><ele>0.4</ele><time>2026-05-18T00:37:29Z</time></trkpt>
      <trkpt lat="37.7743326" lon="128.9323684"><ele>0.6</ele><time>2026-05-18T00:37:30Z</time></trkpt>
      <trkpt lat="37.7742814" lon="128.9323140"><ele>0.6</ele><time>2026-05-18T00:37:31Z</time></trkpt>
      <trkpt lat="37.7742294" lon="128.9322568"><ele>0.3</ele><time>2026-05-18T00:37:32Z</time></trkpt>
      <trkpt lat="37.7741786" lon="128.9322069"><ele>0.5</ele><time>2026-05-18T00:37:33Z</time></trkpt>
      <trkpt lat="37.7741252" lon="128.9321508"><ele>0.5</ele><time>2026-05-18T00:37:34Z</time></trkpt>
      <trkpt lat="37.7740639" lon="128.9320923"><ele>0.6</ele><time>2026-05-18T00:37:35Z</time></trkpt>
      <trkpt lat="37.7740133" lon="128.9320363"><ele>0.4</ele><time>2026-05-18T00:37:36Z</time></trkpt>
      <trkpt lat="37.7739625" lon="128.9319808"><ele>0.4</ele><time>2026-05-18T00:37:37Z</time></trkpt>
      <trkpt lat="37.7739130" lon="128.9319280"><ele>0.3</ele><time>2026-05-18T00:37:38Z</time></trkpt>
      <trkpt lat="37.7738587" lon="128.9318710"><ele>0.3</ele><time>2026-05-18T00:37:39Z</time></trkpt>
      <trkpt lat="37.7738086" lon="128.9318181"><ele>0.6</ele><time>2026-05-18T00:37:40Z</time></trkpt>
      <trkpt lat="37.7737528" lon="128.9317613"><ele>0.5</ele><time>2026-05-18T00:37:41Z</time></trkpt>
      <trkpt lat="37.7736981" lon="128.9317069"><ele>0.4</ele><time>2026-05-18T00:37:42Z</time></trkpt>
      <trkpt lat="37.7736431" lon="128.9316514"><ele>0.5</ele><time>2026-05-18T00:37:43Z</time></trkpt>
      <trkpt lat="37.7735874" lon="128.9315927"><ele>0.6</ele><time>2026-05-18T00:37:44Z</time></trkpt>
      <trkpt lat="37.7735341" lon="128.9315385"><ele>0.4</ele><time>2026-05-18T00:37:45Z</time></trkpt>
      <trkpt lat="37.7734808" lon="128.9314843"><ele>0.1</ele><time>2026-05-18T00:37:46Z</time></trkpt>
      <trkpt lat="37.7734257" lon="128.9314296"><ele>0.3</ele><time>2026-05-18T00:37:47Z</time></trkpt>
      <trkpt lat="37.7733722" lon="128.9313756"><ele>0.5</ele><time>2026-05-18T00:37:48Z</time></trkpt>
      <trkpt lat="37.7733128" lon="128.9313159"><ele>0.6</ele><time>2026-05-18T00:37:49Z</time></trkpt>
      <trkpt lat="37.7732602" lon="128.9312617"><ele>0.4</ele><time>2026-05-18T00:37:50Z</time></trkpt>
      <trkpt lat="37.7732075" lon="128.9312021"><ele>0.4</ele><time>2026-05-18T00:37:51Z</time></trkpt>
      <trkpt lat="37.7731530" lon="128.9311434"><ele>0.4</ele><time>2026-05-18T00:37:52Z</time></trkpt>
      <trkpt lat="37.7731020" lon="128.9310902"><ele>0.6</ele><time>2026-05-18T00:37:53Z</time></trkpt>
      <trkpt lat="37.7730577" lon="128.9310317"><ele>0.5</ele><time>2026-05-18T00:37:54Z</time></trkpt>
      <trkpt lat="37.7730313" lon="128.9309759"><ele>0.3</ele><time>2026-05-18T00:37:55Z</time></trkpt>
      <trkpt lat="37.7730198" lon="128.9309301"><ele>0.5</ele><time>2026-05-18T00:37:56Z</time></trkpt>
      <trkpt lat="37.7730165" lon="128.9308958"><ele>0.3</ele><time>2026-05-18T00:37:57Z</time></trkpt>
      <trkpt lat="37.7730196" lon="128.9308605"><ele>0.7</ele><time>2026-05-18T00:37:58Z</time></trkpt>
      <trkpt lat="37.7730313" lon="128.9308143"><ele>0.4</ele><time>2026-05-18T00:37:59Z</time></trkpt>
      <trkpt lat="37.7730556" lon="128.9307639"><ele>0.2</ele><time>2026-05-18T00:38:00Z</time></trkpt>
      <trkpt lat="37.7730954" lon="128.9307089"><ele>0.5</ele><time>2026-05-18T00:38:01Z</time></trkpt>
      <trkpt lat="37.7731447" lon="128.9306524"><ele>0.4</ele><time>2026-05-18T00:38:02Z</time></trkpt>
      <trkpt lat="37.7732000" lon="128.9305920"><ele>0.5</ele><time>2026-05-18T00:38:03Z</time></trkpt>
      <trkpt lat="37.7732551" lon="128.9305294"><ele>0.5</ele><time>2026-05-18T00:38:04Z</time></trkpt>
      <trkpt lat="37.7733149" lon="128.9304703"><ele>0.3</ele><time>2026-05-18T00:38:05Z</time></trkpt>
      <trkpt lat="37.7733739" lon="128.9304105"><ele>0.4</ele><time>2026-05-18T00:38:06Z</time></trkpt>
      <trkpt lat="37.7734272" lon="128.9303514"><ele>0.6</ele><time>2026-05-18T00:38:07Z</time></trkpt>
      <trkpt lat="37.7734781" lon="128.9302982"><ele>0.3</ele><time>2026-05-18T00:38:08Z</time></trkpt>
      <trkpt lat="37.7735357" lon="128.9302409"><ele>0.5</ele><time>2026-05-18T00:38:09Z</time></trkpt>
      <trkpt lat="37.7735904" lon="128.9301811"><ele>0.5</ele><time>2026-05-18T00:38:10Z</time></trkpt>
      <trkpt lat="37.7736437" lon="128.9301153"><ele>0.3</ele><time>2026-05-18T00:38:11Z</time></trkpt>
      <trkpt lat="37.7736945" lon="128.9300598"><ele>0.3</ele><time>2026-05-18T00:38:12Z</time></trkpt>
      <trkpt lat="37.7737511" lon="128.9299981"><ele>0.4</ele><time>2026-05-18T00:38:13Z</time></trkpt>
      <trkpt lat="37.7738050" lon="128.9299471"><ele>0.4</ele><time>2026-05-18T00:38:14Z</time></trkpt>
      <trkpt lat="37.7738629" lon="128.9298837"><ele>0.2</ele><time>2026-05-18T00:38:15Z</time></trkpt>
      <trkpt lat="37.7739174" lon="128.9298235"><ele>0.2</ele><time>2026-05-18T00:38:16Z</time></trkpt>
      <trkpt lat="37.7739749" lon="128.9297695"><ele>0.3</ele><time>2026-05-18T00:38:17Z</time></trkpt>
      <trkpt lat="37.7740311" lon="128.9297111"><ele>0.2</ele><time>2026-05-18T00:38:18Z</time></trkpt>
      <trkpt lat="37.7740849" lon="128.9296517"><ele>0.2</ele><time>2026-05-18T00:38:19Z</time></trkpt>
      <trkpt lat="37.7741364" lon="128.9295954"><ele>0.4</ele><time>2026-05-18T00:38:20Z</time></trkpt>
      <trkpt lat="37.7741948" lon="128.9295369"><ele>0.0</ele><time>2026-05-18T00:38:21Z</time></trkpt>
      <trkpt lat="37.7742481" lon="128.9294843"><ele>0.4</ele><time>2026-05-18T00:38:22Z</time></trkpt>
      <trkpt lat="37.7743035" lon="128.9294279"><ele>0.0</ele><time>2026-05-18T00:38:23Z</time></trkpt>
      <trkpt lat="37.7743561" lon="128.9293670"><ele>0.2</ele><time>2026-05-18T00:38:24Z</time></trkpt>
      <trkpt lat="37.7744110" lon="128.9293090"><ele>0.7</ele><time>2026-05-18T00:38:25Z</time></trkpt>
      <trkpt lat="37.7744655" lon="128.9292536"><ele>0.4</ele><time>2026-05-18T00:38:26Z</time></trkpt>
      <trkpt lat="37.7745243" lon="128.9291877"><ele>0.3</ele><time>2026-05-18T00:38:27Z</time></trkpt>
      <trkpt lat="37.7745808" lon="128.9291304"><ele>0.5</ele><time>2026-05-18T00:38:28Z</time></trkpt>
      <trkpt lat="37.7746364" lon="128.9290752"><ele>0.5</ele><time>2026-05-18T00:38:29Z</time></trkpt>
      <trkpt lat="37.7746929" lon="128.9290150"><ele>0.4</ele><time>2026-05-18T00:38:30Z</time></trkpt>
      <trkpt lat="37.7747478" lon="128.9289542"><ele>0.6</ele><time>2026-05-18T00:38:31Z</time></trkpt>
      <trkpt lat="37.7748046" lon="128.9288979"><ele>0.3</ele><time>2026-05-18T00:38:32Z</time></trkpt>
      <trkpt lat="37.7748609" lon="128.9288388"><ele>0.2</ele><time>2026-05-18T00:38:33Z</time></trkpt>
      <trkpt lat="37.7749165" lon="128.9287816"><ele>0.3</ele><time>2026-05-18T00:38:34Z</time></trkpt>
      <trkpt lat="37.7749702" lon="128.9287264"><ele>0.5</ele><time>2026-05-18T00:38:35Z</time></trkpt>
      <trkpt lat="37.7750286" lon="128.9286643"><ele>0.3</ele><time>2026-05-18T00:38:36Z</time></trkpt>
      <trkpt lat="37.7750793" lon="128.9286048"><ele>0.6</ele><time>2026-05-18T00:38:37Z</time></trkpt>
      <trkpt lat="37.7751368" lon="128.9285461"><ele>0.6</ele><time>2026-05-18T00:38:38Z</time></trkpt>
      <trkpt lat="37.7751959" lon="128.9284840"><ele>0.4</ele><time>2026-05-18T00:38:39Z</time></trkpt>
      <trkpt lat="37.7752524" lon="128.9284242"><ele>0.3</ele><time>2026-05-18T00:38:40Z</time></trkpt>
      <trkpt lat="37.7753039" lon="128.9283678"><ele>0.3</ele><time>2026-05-18T00:38:41Z</time></trkpt>
      <trkpt lat="37.7753605" lon="128.9283031"><ele>0.4</ele><time>2026-05-18T00:38:42Z</time></trkpt>
      <trkpt lat="37.7754220" lon="128.9282441"><ele>0.2</ele><time>2026-05-18T00:38:43Z</time></trkpt>
      <trkpt lat="37.7754735" lon="128.9281847"><ele>0.5</ele><time>2026-05-18T00:38:44Z</time></trkpt>
      <trkpt lat="37.7755318" lon="128.9281260"><ele>0.3</ele><time>2026-05-18T00:38:45Z</time></trkpt>
      <trkpt lat="37.7755888" lon="128.9280714"><ele>0.5</ele><time>2026-05-18T00:38:46Z</time></trkpt>
      <trkpt lat="37.7756375" lon="128.9280131"><ele>0.4</ele><time>2026-05-18T00:38:47Z</time></trkpt>
      <trkpt lat="37.7756891" lon="128.9279598"><ele>0.5</ele><time>2026-05-18T00:38:48Z</time></trkpt>
      <trkpt lat="37.7757449" lon="128.9279011"><ele>0.3</ele><time>2026-05-18T00:38:49Z</time></trkpt>
      <trkpt lat="37.7757931" lon="128.9278456"><ele>0.7</ele><time>2026-05-18T00:38:50Z</time></trkpt>
      <trkpt lat="37.7758488" lon="128.9277788"><ele>0.5</ele><time>2026-05-18T00:38:51Z</time></trkpt>
      <trkpt lat="37.7758989" lon="128.9277182"><ele>0.5</ele><time>2026-05-18T00:38:52Z</time></trkpt>
      <trkpt lat="37.7759544" lon="128.9276574"><ele>0.3</ele><time>2026-05-18T00:38:53Z</time></trkpt>
      <trkpt lat="37.7760114" lon="128.9276025"><ele>0.2</ele><time>2026-05-18T00:38:54Z</time></trkpt>
      <trkpt lat="37.7760701" lon="128.9275451"><ele>0.5</ele><time>2026-05-18T00:38:55Z</time></trkpt>
      <trkpt lat="37.7761254" lon="128.9274836"><ele>0.3</ele><time>2026-05-18T00:38:56Z</time></trkpt>
      <trkpt lat="37.7761865" lon="128.9274281"><ele>0.5</ele><time>2026-05-18T00:38:57Z</time></trkpt>
      <trkpt lat="37.7762384" lon="128.9273688"><ele>0.5</ele><time>2026-05-18T00:38:58Z</time></trkpt>
      <trkpt lat="37.7762941" lon="128.9273149"><ele>0.2</ele><time>2026-05-18T00:38:59Z</time></trkpt>
      <trkpt lat="37.7763503" lon="128.9272574"><ele>0.5</ele><time>2026-05-18T00:39:00Z</time></trkpt>
      <trkpt lat="37.7764068" lon="128.9271942"><ele>0.3</ele><time>2026-05-18T00:39:01Z</time></trkpt>
      <trkpt lat="37.7764635" lon="128.9271338"><ele>0.2</ele><time>2026-05-18T00:39:02Z</time></trkpt>
      <trkpt lat="37.7765194" lon="128.9270771"><ele>0.4</ele><time>2026-05-18T00:39:03Z</time></trkpt>
      <trkpt lat="37.7765713" lon="128.9270159"><ele>0.7</ele><time>2026-05-18T00:39:04Z</time></trkpt>
      <trkpt lat="37.7766163" lon="128.9269573"><ele>0.3</ele><time>2026-05-18T00:39:05Z</time></trkpt>
      <trkpt lat="37.7766418" lon="128.9269017"><ele>0.5</ele><time>2026-05-18T00:39:06Z</time></trkpt>
      <trkpt lat="37.7766528" lon="128.9268555"><ele>0.4</ele><time>2026-05-18T00:39:07Z</time></trkpt>
      <trkpt lat="37.7766553" lon="128.9268260"><ele>0.5</ele><time>2026-05-18T00:39:08Z</time></trkpt>
      <trkpt lat="37.7766520" lon="128.9267938"><ele>0.2</ele><time>2026-05-18T00:39:09Z</time></trkpt>
      <trkpt lat="37.7766411" lon="128.9267533"><ele>0.4</ele><time>2026-05-18T00:39:10Z</time></trkpt>
      <trkpt lat="37.7766173" lon="128.9267047"><ele>0.4</ele><time>2026-05-18T00:39:11Z</time></trkpt>
      <trkpt lat="37.7765762" lon="128.9266484"><ele>0.2</ele><time>2026-05-18T00:39:12Z</time></trkpt>
      <trkpt lat="37.7765246" lon="128.9265879"><ele>0.4</ele><time>2026-05-18T00:39:13Z</time></trkpt>
      <trkpt lat="37.7764672" lon="128.9265330"><ele>0.5</ele><time>2026-05-18T00:39:14Z</time></trkpt>
      <trkpt lat="37.7764129" lon="128.9264769"><ele>0.4</ele><time>2026-05-18T00:39:15Z</time></trkpt>
      <trkpt lat="37.7763581" lon="128.9264221"><ele>0.5</ele><time>2026-05-18T00:39:16Z</time></trkpt>
      <trkpt lat="37.7763072" lon="128.9263663"><ele>0.5</ele><time>2026-05-18T00:39:17Z</time></trkpt>
      <trkpt lat="37.7762538" lon="128.9263088"><ele>0.6</ele><time>2026-05-18T00:39:18Z</time></trkpt>
      <trkpt lat="37.7761953" lon="128.9262510"><ele>0.4</ele><time>2026-05-18T00:39:19Z</time></trkpt>
      <trkpt lat="37.7761450" lon="128.9261968"><ele>0.1</ele><time>2026-05-18T00:39:20Z</time></trkpt>
      <trkpt lat="37.7760987" lon="128.9261414"><ele>0.4</ele><time>2026-05-18T00:39:21Z</time></trkpt>
      <trkpt lat="37.7760473" lon="128.9260847"><ele>0.6</ele><time>2026-05-18T00:39:22Z</time></trkpt>
      <trkpt lat="37.7759911" lon="128.9260236"><ele>0.5</ele><time>2026-05-18T00:39:23Z</time></trkpt>
      <trkpt lat="37.7759407" lon="128.9259687"><ele>0.5</ele><time>2026-05-18T00:39:24Z</time></trkpt>
      <trkpt lat="37.7758910" lon="128.9259123"><ele>0.2</ele><time>2026-05-18T00:39:25Z</time></trkpt>
      <trkpt lat="37.7758374" lon="128.9258556"><ele>0.3</ele><time>2026-05-18T00:39:26Z</time></trkpt>
      <trkpt lat="37.7757850" lon="128.9257987"><ele>0.4</ele><time>2026-05-18T00:39:27Z</time></trkpt>
      <trkpt lat="37.7757312" lon="128.9257402"><ele>0.4</ele><time>2026-05-18T00:39:28Z</time></trkpt>
      <trkpt lat="37.7756814" lon="128.9256834"><ele>0.6</ele><time>2026-05-18T00:39:29Z</time></trkpt>
      <trkpt lat="37.7756305" lon="128.9256255"><ele>0.4</ele><time>2026-05-18T00:39:30Z</time></trkpt>
      <trkpt lat="37.7755746" lon="128.9255647"><ele>0.4</ele><time>2026-05-18T00:39:31Z</time></trkpt>
      <trkpt lat="37.7755243" lon="128.9255099"><ele>0.5</ele><time>2026-05-18T00:39:32Z</time></trkpt>
      <trkpt lat="37.7754717" lon="128.9254516"><ele>0.3</ele><time>2026-05-18T00:39:33Z</time></trkpt>
      <trkpt lat="37.7754201" lon="128.9253959"><ele>0.6</ele><time>2026-05-18T00:39:34Z</time></trkpt>
      <trkpt lat="37.7753683" lon="128.9253392"><ele>0.5</ele><time>2026-05-18T00:39:35Z</time></trkpt>
      <trkpt lat="37.7753148" lon="128.9252801"><ele>0.4</ele><time>2026-05-18T00:39:36Z</time></trkpt>
      <trkpt lat="37.7752610" lon="128.9252285"><ele>0.3</ele><time>2026-05-18T00:39:37Z</time></trkpt>
      <trkpt lat="37.7752057" lon="128.9251697"><ele>0.2</ele><time>2026-05-18T00:39:38Z</time></trkpt>
      <trkpt lat="37.7751513" lon="128.9251165"><ele>0.3</ele><time>2026-05-18T00:39:39Z</time></trkpt>
      <trkpt lat="37.7750969" lon="128.9250633"><ele>0.3</ele><time>2026-05-18T00:39:40Z</time></trkpt>
      <trkpt lat="37.7750431" lon="128.9250054"><ele>0.3</ele><time>2026-05-18T00:39:41Z</time></trkpt>
      <trkpt lat="37.7749907" lon="128.9249452"><ele>0.4</ele><time>2026-05-18T00:39:42Z</time></trkpt>
      <trkpt lat="37.7749365" lon="128.9248886"><ele>0.2</ele><time>2026-05-18T00:39:43Z</time></trkpt>
      <trkpt lat="37.7748839" lon="128.9248329"><ele>0.5</ele><time>2026-05-18T00:39:44Z</time></trkpt>
      <trkpt lat="37.7748267" lon="128.9247722"><ele>0.2</ele><time>2026-05-18T00:39:45Z</time></trkpt>
      <trkpt lat="37.7747734" lon="128.9247208"><ele>0.3</ele><time>2026-05-18T00:39:46Z</time></trkpt>
      <trkpt lat="37.7747226" lon="128.9246639"><ele>0.6</ele><time>2026-05-18T00:39:47Z</time></trkpt>
      <trkpt lat="37.7746681" lon="128.9246115"><ele>0.6</ele><time>2026-05-18T00:39:48Z</time></trkpt>
      <trkpt lat="37.7746151" lon="128.9245584"><ele>0.2</ele><time>2026-05-18T00:39:49Z</time></trkpt>
      <trkpt lat="37.7745621" lon="128.9245040"><ele>0.3</ele><time>2026-05-18T00:39:50Z</time></trkpt>
      <trkpt lat="37.7745080" lon="128.9244501"><ele>0.4</ele><time>2026-05-18T00:39:51Z</time></trkpt>
      <trkpt lat="37.7744489" lon="128.9243929"><ele>0.5</ele><time>2026-05-18T00:39:52Z</time></trkpt>
      <trkpt lat="37.7743933" lon="128.9243422"><ele>0.3</ele><time>2026-05-18T00:39:53Z</time></trkpt>
      <trkpt lat="37.7743416" lon="128.9242851"><ele>0.5</ele><time>2026-05-18T00:39:54Z</time></trkpt>
      <trkpt lat="37.7742849" lon="128.9242318"><ele>0.5</ele><time>2026-05-18T00:39:55Z</time></trkpt>
      <trkpt lat="37.7742316" lon="128.9241768"><ele>0.3</ele><time>2026-05-18T00:39:56Z</time></trkpt>
      <trkpt lat="37.7741774" lon="128.9241189"><ele>0.4</ele><time>2026-05-18T00:39:57Z</time></trkpt>
      <trkpt lat="37.7741279" lon="128.9240640"><ele>0.3</ele><time>2026-05-18T00:39:58Z</time></trkpt>
      <trkpt lat="37.7740718" lon="128.9240051"><ele>0.3</ele><time>2026-05-18T00:39:59Z</time></trkpt>
      <trkpt lat="37.7740205" lon="128.9239529"><ele>0.6</ele><time>2026-05-18T00:40:00Z</time></trkpt>
      <trkpt lat="37.7739700" lon="128.9239000"><ele>0.2</ele><time>2026-05-18T00:40:01Z</time></trkpt>
      <trkpt lat="37.7739195" lon="128.9238449"><ele>0.6</ele><time>2026-05-18T00:40:02Z</time></trkpt>
      <trkpt lat="37.7738672" lon="128.9237887"><ele>0.4</ele><time>2026-05-18T00:40:03Z</time></trkpt>
      <trkpt lat="37.7738106" lon="128.9237246"><ele>0.4</ele><time>2026-05-18T00:40:04Z</time></trkpt>
      <trkpt lat="37.7737552" lon="128.9236678"><ele>0.2</ele><time>2026-05-18T00:40:05Z</time></trkpt>
      <trkpt lat="37.7737079" lon="128.9236152"><ele>0.2</ele><time>2026-05-18T00:40:06Z</time></trkpt>
      <trkpt lat="37.7736548" lon="128.9235547"><ele>0.4</ele><time>2026-05-18T00:40:07Z</time></trkpt>
      <trkpt lat="37.7735976" lon="128.9234925"><ele>0.3</ele><time>2026-05-18T00:40:08Z</time></trkpt>
      <trkpt lat="37.7735419" lon="128.9234352"><ele>0.1</ele><time>2026-05-18T00:40:09Z</time></trkpt>
      <trkpt lat="37.7734833" lon="128.9233780"><ele>0.3</ele><time>2026-05-18T00:40:10Z</time></trkpt>
      <trkpt lat="37.7734300" lon="128.9233257"><ele>0.4</ele><time>2026-05-18T00:40:11Z</time></trkpt>
      <trkpt lat="37.7733749" lon="128.9232684"><ele>-0.0</ele><time>2026-05-18T00:40:12Z</time></trkpt>
      <trkpt lat="37.7733222" lon="128.9232167"><ele>0.5</ele><time>2026-05-18T00:40:13Z</time></trkpt>
      <trkpt lat="37.7732659" lon="128.9231552"><ele>0.4</ele><time>2026-05-18T00:40:14Z</time></trkpt>
      <trkpt lat="37.7732122" lon="128.9230959"><ele>0.1</ele><time>2026-05-18T00:40:15Z</time></trkpt>
      <trkpt lat="37.7731563" lon="128.9230410"><ele>0.1</ele><time>2026-05-18T00:40:16Z</time></trkpt>
      <trkpt lat="37.7731011" lon="128.9229929"><ele>0.5</ele><time>2026-05-18T00:40:17Z</time></trkpt>
      <trkpt lat="37.7730470" lon="128.9229566"><ele>0.6</ele><time>2026-05-18T00:40:18Z</time></trkpt>
      <trkpt lat="37.7729961" lon="128.9229314"><ele>0.1</ele><time>2026-05-18T00:40:19Z</time></trkpt>
      <trkpt lat="37.7729473" lon="128.9229174"><ele>0.5</ele><time>2026-05-18T00:40:20Z</time></trkpt>
      <trkpt lat="37.7729016" lon="128.9229139"><ele>0.3</ele><time>2026-05-18T00:40:21Z</time></trkpt>
      <trkpt lat="37.7728595" lon="128.9229170"><ele>0.6</ele><time>2026-05-18T00:40:22Z</time></trkpt>
      <trkpt lat="37.7728098" lon="128.9229323"><ele>0.6</ele><time>2026-05-18T00:40:23Z</time></trkpt>
      <trkpt lat="37.7727576" lon="128.9229582"><ele>0.6</ele><time>2026-05-18T00:40:24Z</time></trkpt>
      <trkpt lat="37.7726993" lon="128.9230000"><ele>0.4</ele><time>2026-05-18T00:40:25Z</time></trkpt>
      <trkpt lat="37.7726396" lon="128.9230558"><ele>0.3</ele><time>2026-05-18T00:40:26Z</time></trkpt>
      <trkpt lat="37.7725815" lon="128.9231317"><ele>0.4</ele><time>2026-05-18T00:40:27Z</time></trkpt>
      <trkpt lat="37.7725156" lon="128.9232311"><ele>0.3</ele><time>2026-05-18T00:40:28Z</time></trkpt>
      <trkpt lat="37.7724515" lon="128.9233327"><ele>0.5</ele><time>2026-05-18T00:40:29Z</time></trkpt>
      <trkpt lat="37.7723855" lon="128.9234291"><ele>0.7</ele><time>2026-05-18T00:40:30Z</time></trkpt>
      <trkpt lat="37.7723232" lon="128.9235253"><ele>0.6</ele><time>2026-05-18T00:40:31Z</time></trkpt>
      <trkpt lat="37.7722545" lon="128.9236249"><ele>0.3</ele><time>2026-05-18T00:40:32Z</time></trkpt>
      <trkpt lat="37.7721848" lon="128.9237185"><ele>0.2</ele><time>2026-05-18T00:40:33Z</time></trkpt>
      <trkpt lat="37.7721198" lon="128.9238232"><ele>0.1</ele><time>2026-05-18T00:40:34Z</time></trkpt>
      <trkpt lat="37.7720554" lon="128.9239244"><ele>0.2</ele><time>2026-05-18T00:40:35Z</time></trkpt>
      <trkpt lat="37.7719945" lon="128.9240192"><ele>0.4</ele><time>2026-05-18T00:40:36Z</time></trkpt>
      <trkpt lat="37.7719267" lon="128.9241240"><ele>0.3</ele><time>2026-05-18T00:40:37Z</time></trkpt>
      <trkpt lat="37.7718607" lon="128.9242249"><ele>0.4</ele><time>2026-05-18T00:40:38Z</time></trkpt>
      <trkpt lat="37.7718006" lon="128.9243184"><ele>0.5</ele><time>2026-05-18T00:40:39Z</time></trkpt>
      <trkpt lat="37.7717404" lon="128.9244151"><ele>0.5</ele><time>2026-05-18T00:40:40Z</time></trkpt>
      <trkpt lat="37.7716741" lon="128.9245142"><ele>0.5</ele><time>2026-05-18T00:40:41Z</time></trkpt>
      <trkpt lat="37.7716027" lon="128.9246117"><ele>0.3</ele><time>2026-05-18T00:40:42Z</time></trkpt>
      <trkpt lat="37.7715349" lon="128.9247088"><ele>0.4</ele><time>2026-05-18T00:40:43Z</time></trkpt>
      <trkpt lat="37.7714725" lon="128.9248059"><ele>0.4</ele><time>2026-05-18T00:40:44Z</time></trkpt>
      <trkpt lat="37.7714031" lon="128.9248967"><ele>0.3</ele><time>2026-05-18T00:40:45Z</time></trkpt>
      <trkpt lat="37.7713393" lon="128.9249893"><ele>0.4</ele><time>2026-05-18T00:40:46Z</time></trkpt>
      <trkpt lat="37.7712777" lon="128.9250930"><ele>0.6</ele><time>2026-05-18T00:40:47Z</time></trkpt>
      <trkpt lat="37.7712126" lon="128.9251864"><ele>0.5</ele><time>2026-05-18T00:40:48Z</time></trkpt>
      <trkpt lat="37.7711407" lon="128.9252878"><ele>0.2</ele><time>2026-05-18T00:40:49Z</time></trkpt>
      <trkpt lat="37.7710776" lon="128.9253897"><ele>0.7</ele><time>2026-05-18T00:40:50Z</time></trkpt>
      <trkpt lat="37.7710116" lon="128.9254798"><ele>0.2</ele><time>2026-05-18T00:40:51Z</time></trkpt>
      <trkpt lat="37.7709392" lon="128.9255810"><ele>0.5</ele><time>2026-05-18T00:40:52Z</time></trkpt>
      <trkpt lat="37.7708769" lon="128.9256793"><ele>0.1</ele><time>2026-05-18T00:40:53Z</time></trkpt>
      <trkpt lat="37.7708151" lon="128.9257757"><ele>0.4</ele><time>2026-05-18T00:40:54Z</time></trkpt>
      <trkpt lat="37.7707479" lon="128.9258747"><ele>0.3</ele><time>2026-05-18T00:40:55Z</time></trkpt>
      <trkpt lat="37.7706826" lon="128.9259704"><ele>0.5</ele><time>2026-05-18T00:40:56Z</time></trkpt>
      <trkpt lat="37.7706236" lon="128.9260697"><ele>0.2</ele><time>2026-05-18T00:40:57Z</time></trkpt>
      <trkpt lat="37.7705594" lon="128.9261669"><ele>0.4</ele><time>2026-05-18T00:40:58Z</time></trkpt>
      <trkpt lat="37.7704971" lon="128.9262671"><ele>0.3</ele><time>2026-05-18T00:40:59Z</time></trkpt>
      <trkpt lat="37.7704377" lon="128.9263655"><ele>0.5</ele><time>2026-05-18T00:41:00Z</time></trkpt>
      <trkpt lat="37.7703717" lon="128.9264701"><ele>0.4</ele><time>2026-05-18T00:41:01Z</time></trkpt>
      <trkpt lat="37.7703098" lon="128.9265652"><ele>0.3</ele><time>2026-05-18T00:41:02Z</time></trkpt>
      <trkpt lat="37.7702451" lon="128.9266701"><ele>0.2</ele><time>2026-05-18T00:41:03Z</time></trkpt>
      <trkpt lat="37.7701862" lon="128.9267672"><ele>0.3</ele><time>2026-05-18T00:41:04Z</time></trkpt>
      <trkpt lat="37.7701221" lon="128.9268757"><ele>0.1</ele><time>2026-05-18T00:41:05Z</time></trkpt>
      <trkpt lat="37.7700582" lon="128.9269771"><ele>0.5</ele><time>2026-05-18T00:41:06Z</time></trkpt>
      <trkpt lat="37.7699947" lon="128.9270775"><ele>0.5</ele><time>2026-05-18T00:41:07Z</time></trkpt>
      <trkpt lat="37.7699245" lon="128.9271788"><ele>0.5</ele><time>2026-05-18T00:41:08Z</time></trkpt>
      <trkpt lat="37.7698570" lon="128.9272749"><ele>0.4</ele><time>2026-05-18T00:41:09Z</time></trkpt>
      <trkpt lat="37.7697945" lon="128.9273791"><ele>0.3</ele><time>2026-05-18T00:41:10Z</time></trkpt>
      <trkpt lat="37.7697291" lon="128.9274773"><ele>0.2</ele><time>2026-05-18T00:41:11Z</time></trkpt>
      <trkpt lat="37.7696645" lon="128.9275804"><ele>0.5</ele><time>2026-05-18T00:41:12Z</time></trkpt>
      <trkpt lat="37.7696054" lon="128.9276753"><ele>0.3</ele><time>2026-05-18T00:41:13Z</time></trkpt>
      <trkpt lat="37.7695353" lon="128.9277679"><ele>0.5</ele><time>2026-05-18T00:41:14Z</time></trkpt>
      <trkpt lat="37.7694721" lon="128.9278663"><ele>0.3</ele><time>2026-05-18T00:41:15Z</time></trkpt>
      <trkpt lat="37.7694040" lon="128.9279737"><ele>0.2</ele><time>2026-05-18T00:41:16Z</time></trkpt>
      <trkpt lat="37.7693387" lon="128.9280749"><ele>0.5</ele><time>2026-05-18T00:41:17Z</time></trkpt>
      <trkpt lat="37.7692769" lon="128.9281707"><ele>0.5</ele><time>2026-05-18T00:41:18Z</time></trkpt>
      <trkpt lat="37.7692133" lon="128.9282646"><ele>0.4</ele><time>2026-05-18T00:41:19Z</time></trkpt>
      <trkpt lat="37.7691477" lon="128.9283638"><ele>0.6</ele><time>2026-05-18T00:41:20Z</time></trkpt>
      <trkpt lat="37.7690837" lon="128.9284579"><ele>0.4</ele><time>2026-05-18T00:41:21Z</time></trkpt>
      <trkpt lat="37.7690193" lon="128.9285563"><ele>0.4</ele><time>2026-05-18T00:41:22Z</time></trkpt>
      <trkpt lat="37.7689653" lon="128.9286592"><ele>0.4</ele><time>2026-05-18T00:41:23Z</time></trkpt>
      <trkpt lat="37.7689374" lon="128.9287507"><ele>0.2</ele><time>2026-05-18T00:41:24Z</time></trkpt>
      <trkpt lat="37.7689238" lon="128.9288298"><ele>0.4</ele><time>2026-05-18T00:41:25Z</time></trkpt>
      <trkpt lat="37.7689235" lon="128.9288920"><ele>0.4</ele><time>2026-05-18T00:41:26Z</time></trkpt>
      <trkpt lat="37.7689351" lon="128.9289735"><ele>0.5</ele><time>2026-05-18T00:41:27Z</time></trkpt>
      <trkpt lat="37.7689637" lon="128.9290644"><ele>0.5</ele><time>2026-05-18T00:41:28Z</time></trkpt>
      <trkpt lat="37.7690147" lon="128.9291586"><ele>0.3</ele><time>2026-05-18T00:41:29Z</time></trkpt>
      <trkpt lat="37.7690796" lon="128.9292621"><ele>0.4</ele><time>2026-05-18T00:41:30Z</time></trkpt>
      <trkpt lat="37.7691463" lon="128.9293619"><ele>0.6</ele><time>2026-05-18T00:41:31Z</time></trkpt>
      <trkpt lat="37.7692102" lon="128.9294669"><ele>0.3</ele><time>2026-05-18T00:41:32Z</time></trkpt>
      <trkpt lat="37.7692767" lon="128.9295747"><ele>0.1</ele><time>2026-05-18T00:41:33Z</time></trkpt>
      <trkpt lat="37.7693397" lon="128.9296764"><ele>0.3</ele><time>2026-05-18T00:41:34Z</time></trkpt>
      <trkpt lat="37.7694065" lon="128.9297760"><ele>0.4</ele><time>2026-05-18T00:41:35Z</time></trkpt>
      <trkpt lat="37.7694700" lon="128.9298734"><ele>0.2</ele><time>2026-05-18T00:41:36Z</time></trkpt>
      <trkpt lat="37.7695388" lon="128.9299790"><ele>0.4</ele><time>2026-05-18T00:41:37Z</time></trkpt>
      <trkpt lat="37.7696083" lon="128.9300787"><ele>0.3</ele><time>2026-05-18T00:41:38Z</time></trkpt>
      <trkpt lat="37.7696722" lon="128.9301776"><ele>0.7</ele><time>2026-05-18T00:41:39Z</time></trkpt>
      <trkpt lat="37.7697348" lon="128.9302774"><ele>0.4</ele><time>2026-05-18T00:41:40Z</time></trkpt>
      <trkpt lat="37.7698048" lon="128.9303784"><ele>0.5</ele><time>2026-05-18T00:41:41Z</time></trkpt>
      <trkpt lat="37.7698756" lon="128.9304794"><ele>0.5</ele><time>2026-05-18T00:41:42Z</time></trkpt>
      <trkpt lat="37.7699411" lon="128.9305807"><ele>0.6</ele><time>2026-05-18T00:41:43Z</time></trkpt>
      <trkpt lat="37.7700079" lon="128.9306824"><ele>0.2</ele><time>2026-05-18T00:41:44Z</time></trkpt>
      <trkpt lat="37.7700741" lon="128.9307810"><ele>0.4</ele><time>2026-05-18T00:41:45Z</time></trkpt>
      <trkpt lat="37.7701389" lon="128.9308761"><ele>0.5</ele><time>2026-05-18T00:41:46Z</time></trkpt>
      <trkpt lat="37.7702073" lon="128.9309775"><ele>0.4</ele><time>2026-05-18T00:41:47Z</time></trkpt>
      <trkpt lat="37.7702770" lon="128.9310777"><ele>0.3</ele><time>2026-05-18T00:41:48Z</time></trkpt>
      <trkpt lat="37.7703450" lon="128.9311814"><ele>0.2</ele><time>2026-05-18T00:41:49Z</time></trkpt>
      <trkpt lat="37.7704126" lon="128.9312838"><ele>0.6</ele><time>2026-05-18T00:41:50Z</time></trkpt>
      <trkpt lat="37.7704793" lon="128.9313898"><ele>0.3</ele><time>2026-05-18T00:41:51Z</time></trkpt>
      <trkpt lat="37.7705445" lon="128.9314889"><ele>0.4</ele><time>2026-05-18T00:41:52Z</time></trkpt>
      <trkpt lat="37.7706104" lon="128.9315802"><ele>0.2</ele><time>2026-05-18T00:41:53Z</time></trkpt>
      <trkpt lat="37.7706738" lon="128.9316800"><ele>0.7</ele><time>2026-05-18T00:41:54Z</time></trkpt>
      <trkpt lat="37.7707397" lon="128.9317782"><ele>0.5</ele><time>2026-05-18T00:41:55Z</time></trkpt>
      <trkpt lat="37.7708104" lon="128.9318784"><ele>0.5</ele><time>2026-05-18T00:41:56Z</time></trkpt>
      <trkpt lat="37.7708794" lon="128.9319790"><ele>0.4</ele><time>2026-05-18T00:41:57Z</time></trkpt>
      <trkpt lat="37.7709441" lon="128.9320784"><ele>0.3</ele><time>2026-05-18T00:41:58Z</time></trkpt>
      <trkpt lat="37.7710120" lon="128.9321745"><ele>0.6</ele><time>2026-05-18T00:41:59Z</time></trkpt>
      <trkpt lat="37.7710808" lon="128.9322709"><ele>0.2</ele><time>2026-05-18T00:42:00Z</time></trkpt>
      <trkpt lat="37.7711499" lon="128.9323689"><ele>0.3</ele><time>2026-05-18T00:42:01Z</time></trkpt>
      <trkpt lat="37.7712088" lon="128.9324685"><ele>0.3</ele><time>2026-05-18T00:42:02Z</time></trkpt>
      <trkpt lat="37.7712759" lon="128.9325696"><ele>0.7</ele><time>2026-05-18T00:42:03Z</time></trkpt>
      <trkpt lat="37.7713416" lon="128.9326651"><ele>0.3</ele><time>2026-05-18T00:42:04Z</time></trkpt>
      <trkpt lat="37.7714074" lon="128.9327624"><ele>0.5</ele><time>2026-05-18T00:42:05Z</time></trkpt>
      <trkpt lat="37.7714670" lon="128.9328626"><ele>0.4</ele><time>2026-05-18T00:42:06Z</time></trkpt>
      <trkpt lat="37.7715352" lon="128.9329649"><ele>0.7</ele><time>2026-05-18T00:42:07Z</time></trkpt>
      <trkpt lat="37.7715991" lon="128.9330676"><ele>0.5</ele><time>2026-05-18T00:42:08Z</time></trkpt>
      <trkpt lat="37.7716634" lon="128.9331718"><ele>0.5</ele><time>2026-05-18T00:42:09Z</time></trkpt>
      <trkpt lat="37.7717293" lon="128.9332661"><ele>0.2</ele><time>2026-05-18T00:42:10Z</time></trkpt>
      <trkpt lat="37.7717969" lon="128.9333601"><ele>0.6</ele><time>2026-05-18T00:42:11Z</time></trkpt>
      <trkpt lat="37.7718633" lon="128.9334617"><ele>0.5</ele><time>2026-05-18T00:42:12Z</time></trkpt>
      <trkpt lat="37.7719270" lon="128.9335655"><ele>0.3</ele><time>2026-05-18T00:42:13Z</time></trkpt>
      <trkpt lat="37.7719965" lon="128.9336615"><ele>0.5</ele><time>2026-05-18T00:42:14Z</time></trkpt>
      <trkpt lat="37.7720598" lon="128.9337639"><ele>0.1</ele><time>2026-05-18T00:42:15Z</time></trkpt>
      <trkpt lat="37.7721263" lon="128.9338624"><ele>0.4</ele><time>2026-05-18T00:42:16Z</time></trkpt>
      <trkpt lat="37.7721919" lon="128.9339617"><ele>0.6</ele><time>2026-05-18T00:42:17Z</time></trkpt>
      <trkpt lat="37.7722587" lon="128.9340603"><ele>0.4</ele><time>2026-05-18T00:42:18Z</time></trkpt>
      <trkpt lat="37.7723249" lon="128.9341535"><ele>0.6</ele><time>2026-05-18T00:42:19Z</time></trkpt>
      <trkpt lat="37.7723911" lon="128.9342483"><ele>0.3</ele><time>2026-05-18T00:42:20Z</time></trkpt>
      <trkpt lat="37.7724643" lon="128.9343485"><ele>0.6</ele><time>2026-05-18T00:42:21Z</time></trkpt>
      <trkpt lat="37.7725283" lon="128.9344483"><ele>0.6</ele><time>2026-05-18T00:42:22Z</time></trkpt>
      <trkpt lat="37.7725922" lon="128.9345481"><ele>0.3</ele><time>2026-05-18T00:42:23Z</time></trkpt>
      <trkpt lat="37.7726544" lon="128.9346438"><ele>0.2</ele><time>2026-05-18T00:42:24Z</time></trkpt>
      <trkpt lat="37.7727235" lon="128.9347472"><ele>0.6</ele><time>2026-05-18T00:42:25Z</time></trkpt>
      <trkpt lat="37.7727903" lon="128.9348440"><ele>0.6</ele><time>2026-05-18T00:42:26Z</time></trkpt>
      <trkpt lat="37.7728584" lon="128.9349467"><ele>0.5</ele><time>2026-05-18T00:42:27Z</time></trkpt>
      <trkpt lat="37.7729259" lon="128.9350515"><ele>0.4</ele><time>2026-05-18T00:42:28Z</time></trkpt>
      <trkpt lat="37.7729804" lon="128.9351517"><ele>0.4</ele><time>2026-05-18T00:42:29Z</time></trkpt>
      <trkpt lat="37.7730117" lon="128.9352424"><ele>0.1</ele><time>2026-05-18T00:42:30Z</time></trkpt>
      <trkpt lat="37.7730253" lon="128.9353237"><ele>0.5</ele><time>2026-05-18T00:42:31Z</time></trkpt>
      <trkpt lat="37.7730246" lon="128.9353883"><ele>0.2</ele><time>2026-05-18T00:42:32Z</time></trkpt>
      <trkpt lat="37.7730119" lon="128.9354664"><ele>0.3</ele><time>2026-05-18T00:42:33Z</time></trkpt>
      <trkpt lat="37.7729827" lon="128.9355570"><ele>0.4</ele><time>2026-05-18T00:42:34Z</time></trkpt>
      <trkpt lat="37.7729319" lon="128.9356551"><ele>0.6</ele><time>2026-05-18T00:42:35Z</time></trkpt>
      <trkpt lat="37.7728730" lon="128.9357532"><ele>0.2</ele><time>2026-05-18T00:42:36Z</time></trkpt>
      <trkpt lat="37.7728109" lon="128.9358503"><ele>0.4</ele><time>2026-05-18T00:42:37Z</time></trkpt>
      <trkpt lat="37.7727510" lon="128.9359469"><ele>0.5</ele><time>2026-05-18T00:42:38Z</time></trkpt>
      <trkpt lat="37.7726871" lon="128.9360434"><ele>0.5</ele><time>2026-05-18T00:42:39Z</time></trkpt>
      <trkpt lat="37.7726254" lon="128.9361333"><ele>0.5</ele><time>2026-05-18T00:42:40Z</time></trkpt>
      <trkpt lat="37.7725579" lon="128.9362320"><ele>0.4</ele><time>2026-05-18T00:42:41Z</time></trkpt>
      <trkpt lat="37.7724984" lon="128.9363305"><ele>0.2</ele><time>2026-05-18T00:42:42Z</time></trkpt>
      <trkpt lat="37.7724323" lon="128.9364281"><ele>0.7</ele><time>2026-05-18T00:42:43Z</time></trkpt>
      <trkpt lat="37.7723704" lon="128.9365252"><ele>0.6</ele><time>2026-05-18T00:42:44Z</time></trkpt>
      <trkpt lat="37.7723020" lon="128.9366223"><ele>0.5</ele><time>2026-05-18T00:42:45Z</time></trkpt>
      <trkpt lat="37.7722407" lon="128.9367223"><ele>0.4</ele><time>2026-05-18T00:42:46Z</time></trkpt>
      <trkpt lat="37.7721768" lon="128.9368179"><ele>0.4</ele><time>2026-05-18T00:42:47Z</time></trkpt>
      <trkpt lat="37.7721159" lon="128.9369156"><ele>0.3</ele><time>2026-05-18T00:42:48Z</time></trkpt>
      <trkpt lat="37.7720516" lon="128.9370051"><ele>0.3</ele><time>2026-05-18T00:42:49Z</time></trkpt>
      <trkpt lat="37.7719864" lon="128.9370999"><ele>0.4</ele><time>2026-05-18T00:42:50Z</time></trkpt>
      <trkpt lat="37.7719252" lon="128.9372031"><ele>0.3</ele><time>2026-05-18T00:42:51Z</time></trkpt>
      <trkpt lat="37.7718632" lon="128.9372955"><ele>0.3</ele><time>2026-05-18T00:42:52Z</time></trkpt>
      <trkpt lat="37.7717997" lon="128.9373857"><ele>0.4</ele><time>2026-05-18T00:42:53Z</time></trkpt>
      <trkpt lat="37.7717367" lon="128.9374836"><ele>0.4</ele><time>2026-05-18T00:42:54Z</time></trkpt>
      <trkpt lat="37.7716768" lon="128.9375754"><ele>0.5</ele><time>2026-05-18T00:42:55Z</time></trkpt>
      <trkpt lat="37.7716130" lon="128.9376669"><ele>0.0</ele><time>2026-05-18T00:42:56Z</time></trkpt>
      <trkpt lat="37.7715494" lon="128.9377600"><ele>0.5</ele><time>2026-05-18T00:42:57Z</time></trkpt>
      <trkpt lat="37.7714835" lon="128.9378559"><ele>0.3</ele><time>2026-05-18T00:42:58Z</time></trkpt>
      <trkpt lat="37.7714210" lon="128.9379530"><ele>0.2</ele><time>2026-05-18T00:42:59Z</time></trkpt>
      <trkpt lat="37.7713585" lon="128.9380433"><ele>0.6</ele><time>2026-05-18T00:43:00Z</time></trkpt>
      <trkpt lat="37.7712949" lon="128.9381381"><ele>0.3</ele><time>2026-05-18T00:43:01Z</time></trkpt>
      <trkpt lat="37.7712278" lon="128.9382305"><ele>0.8</ele><time>2026-05-18T00:43:02Z</time></trkpt>
      <trkpt lat="37.7711635" lon="128.9383283"><ele>0.3</ele><time>2026-05-18T00:43:03Z</time></trkpt>
      <trkpt lat="37.7711020" lon="128.9384232"><ele>0.6</ele><time>2026-05-18T00:43:04Z</time></trkpt>
      <trkpt lat="37.7710326" lon="128.9385140"><ele>0.3</ele><time>2026-05-18T00:43:05Z</time></trkpt>
      <trkpt lat="37.7709735" lon="128.9386058"><ele>0.5</ele><time>2026-05-18T00:43:06Z</time></trkpt>
      <trkpt lat="37.7709119" lon="128.9386984"><ele>0.4</ele><time>2026-05-18T00:43:07Z</time></trkpt>
      <trkpt lat="37.7708459" lon="128.9387873"><ele>0.6</ele><time>2026-05-18T00:43:08Z</time></trkpt>
      <trkpt lat="37.7707819" lon="128.9388807"><ele>0.7</ele><time>2026-05-18T00:43:09Z</time></trkpt>
      <trkpt lat="37.7707216" lon="128.9389736"><ele>0.7</ele><time>2026-05-18T00:43:10Z</time></trkpt>
      <trkpt lat="37.7706648" lon="128.9390700"><ele>0.4</ele><time>2026-05-18T00:43:11Z</time></trkpt>
      <trkpt lat="37.7705970" lon="128.9391616"><ele>0.4</ele><time>2026-05-18T00:43:12Z</time></trkpt>
      <trkpt lat="37.7705344" lon="128.9392585"><ele>0.4</ele><time>2026-05-18T00:43:13Z</time></trkpt>
      <trkpt lat="37.7704717" lon="128.9393564"><ele>0.2</ele><time>2026-05-18T00:43:14Z</time></trkpt>
      <trkpt lat="37.7704117" lon="128.9394527"><ele>0.4</ele><time>2026-05-18T00:43:15Z</time></trkpt>
      <trkpt lat="37.7703465" lon="128.9395459"><ele>0.3</ele><time>2026-05-18T00:43:16Z</time></trkpt>
      <trkpt lat="37.7702870" lon="128.9396394"><ele>0.2</ele><time>2026-05-18T00:43:17Z</time></trkpt>
      <trkpt lat="37.7702240" lon="128.9397327"><ele>0.2</ele><time>2026-05-18T00:43:18Z</time></trkpt>
      <trkpt lat="37.7701598" lon="128.9398325"><ele>0.5</ele><time>2026-05-18T00:43:19Z</time></trkpt>
      <trkpt lat="37.7700993" lon="128.9399242"><ele>0.5</ele><time>2026-05-18T00:43:20Z</time></trkpt>
      <trkpt lat="37.7700360" lon="128.9400207"><ele>0.3</ele><time>2026-05-18T00:43:21Z</time></trkpt>
      <trkpt lat="37.7699724" lon="128.9401225"><ele>0.5</ele><time>2026-05-18T00:43:22Z</time></trkpt>
      <trkpt lat="37.7699104" lon="128.9402146"><ele>0.6</ele><time>2026-05-18T00:43:23Z</time></trkpt>
      <trkpt lat="37.7698502" lon="128.9403072"><ele>0.2</ele><time>2026-05-18T00:43:24Z</time></trkpt>
      <trkpt lat="37.7697881" lon="128.9404006"><ele>0.5</ele><time>2026-05-18T00:43:25Z</time></trkpt>
      <trkpt lat="37.7697251" lon="128.9404893"><ele>0.2</ele><time>2026-05-18T00:43:26Z</time></trkpt>
      <trkpt lat="37.7696584" lon="128.9405812"><ele>0.5</ele><time>2026-05-18T00:43:27Z</time></trkpt>
      <trkpt lat="37.7695976" lon="128.9406787"><ele>0.5</ele><time>2026-05-18T00:43:28Z</time></trkpt>
      <trkpt lat="37.7695329" lon="128.9407739"><ele>0.4</ele><time>2026-05-18T00:43:29Z</time></trkpt>
      <trkpt lat="37.7694641" lon="128.9408742"><ele>0.5</ele><time>2026-05-18T00:43:30Z</time></trkpt>
      <trkpt lat="37.7693990" lon="128.9409738"><ele>0.5</ele><time>2026-05-18T00:43:31Z</time></trkpt>
      <trkpt lat="37.7693357" lon="128.9410659"><ele>0.3</ele><time>2026-05-18T00:43:32Z</time></trkpt>
      <trkpt lat="37.7692725" lon="128.9411613"><ele>0.4</ele><time>2026-05-18T00:43:33Z</time></trkpt>
      <trkpt lat="37.7692210" lon="128.9412560"><ele>0.5</ele><time>2026-05-18T00:43:34Z</time></trkpt>
      <trkpt lat="37.7691915" lon="128.9413452"><ele>0.6</ele><time>2026-05-18T00:43:35Z</time></trkpt>
      <trkpt lat="37.7691776" lon="128.9414212"><ele>0.3</ele><time>2026-05-18T00:43:36Z</time></trkpt>
      <trkpt lat="37.7691784" lon="128.9414830"><ele>0.4</ele><time>2026-05-18T00:43:37Z</time></trkpt>
      <trkpt lat="37.7691893" lon="128.9415563"><ele>0.4</ele><time>2026-05-18T00:43:38Z</time></trkpt>
      <trkpt lat="37.7692186" lon="128.9416399"><ele>0.8</ele><time>2026-05-18T00:43:39Z</time></trkpt>
      <trkpt lat="37.7692704" lon="128.9417282"><ele>0.1</ele><time>2026-05-18T00:43:40Z</time></trkpt>
      <trkpt lat="37.7693365" lon="128.9418241"><ele>0.6</ele><time>2026-05-18T00:43:41Z</time></trkpt>
      <trkpt lat="37.7694014" lon="128.9419257"><ele>0.5</ele><time>2026-05-18T00:43:42Z</time></trkpt>
      <trkpt lat="37.7694759" lon="128.9420251"><ele>0.2</ele><time>2026-05-18T00:43:43Z</time></trkpt>
      <trkpt lat="37.7695426" lon="128.9421239"><ele>0.2</ele><time>2026-05-18T00:43:44Z</time></trkpt>
      <trkpt lat="37.7696073" lon="128.9422241"><ele>0.5</ele><time>2026-05-18T00:43:45Z</time></trkpt>
      <trkpt lat="37.7696708" lon="128.9423287"><ele>0.5</ele><time>2026-05-18T00:43:46Z</time></trkpt>
      <trkpt lat="37.7697390" lon="128.9424210"><ele>0.5</ele><time>2026-05-18T00:43:47Z</time></trkpt>
      <trkpt lat="37.7698045" lon="128.9425164"><ele>0.7</ele><time>2026-05-18T00:43:48Z</time></trkpt>
      <trkpt lat="37.7698747" lon="128.9426191"><ele>0.4</ele><time>2026-05-18T00:43:49Z</time></trkpt>
      <trkpt lat="37.7699394" lon="128.9427161"><ele>0.2</ele><time>2026-05-18T00:43:50Z</time></trkpt>
      <trkpt lat="37.7700076" lon="128.9428193"><ele>0.5</ele><time>2026-05-18T00:43:51Z</time></trkpt>
      <trkpt lat="37.7700685" lon="128.9429166"><ele>0.2</ele><time>2026-05-18T00:43:52Z</time></trkpt>
      <trkpt lat="37.7701355" lon="128.9430162"><ele>0.7</ele><time>2026-05-18T00:43:53Z</time></trkpt>
      <trkpt lat="37.7702041" lon="128.9431241"><ele>0.4</ele><time>2026-05-18T00:43:54Z</time></trkpt>
      <trkpt lat="37.7702726" lon="128.9432269"><ele>0.3</ele><time>2026-05-18T00:43:55Z</time></trkpt>
      <trkpt lat="37.7703422" lon="128.9433286"><ele>0.7</ele><time>2026-05-18T00:43:56Z</time></trkpt>
      <trkpt lat="37.7704115" lon="128.9434218"><ele>0.7</ele><time>2026-05-18T00:43:57Z</time></trkpt>
      <trkpt lat="37.7704789" lon="128.9435167"><ele>0.3</ele><time>2026-05-18T00:43:58Z</time></trkpt>
      <trkpt lat="37.7705413" lon="128.9436190"><ele>0.6</ele><time>2026-05-18T00:43:59Z</time></trkpt>
      <trkpt lat="37.7706058" lon="128.9437163"><ele>0.5</ele><time>2026-05-18T00:44:00Z</time></trkpt>
      <trkpt lat="37.7706770" lon="128.9438094"><ele>0.4</ele><time>2026-05-18T00:44:01Z</time></trkpt>
      <trkpt lat="37.7707408" lon="128.9439125"><ele>0.6</ele><time>2026-05-18T00:44:02Z</time></trkpt>
      <trkpt lat="37.7708088" lon="128.9440168"><ele>0.1</ele><time>2026-05-18T00:44:03Z</time></trkpt>
      <trkpt lat="37.7708732" lon="128.9441098"><ele>0.5</ele><time>2026-05-18T00:44:04Z</time></trkpt>
      <trkpt lat="37.7709413" lon="128.9442171"><ele>0.6</ele><time>2026-05-18T00:44:05Z</time></trkpt>
      <trkpt lat="37.7710085" lon="128.9443169"><ele>0.6</ele><time>2026-05-18T00:44:06Z</time></trkpt>
      <trkpt lat="37.7710757" lon="128.9444128"><ele>0.5</ele><time>2026-05-18T00:44:07Z</time></trkpt>
      <trkpt lat="37.7711442" lon="128.9445184"><ele>0.4</ele><time>2026-05-18T00:44:08Z</time></trkpt>
      <trkpt lat="37.7712058" lon="128.9446192"><ele>0.3</ele><time>2026-05-18T00:44:09Z</time></trkpt>
      <trkpt lat="37.7712708" lon="128.9447217"><ele>0.3</ele><time>2026-05-18T00:44:10Z</time></trkpt>
      <trkpt lat="37.7713361" lon="128.9448253"><ele>0.5</ele><time>2026-05-18T00:44:11Z</time></trkpt>
      <trkpt lat="37.7714004" lon="128.9449182"><ele>0.4</ele><time>2026-05-18T00:44:12Z</time></trkpt>
      <trkpt lat="37.7714608" lon="128.9450186"><ele>0.5</ele><time>2026-05-18T00:44:13Z</time></trkpt>
      <trkpt lat="37.7715242" lon="128.9451135"><ele>0.4</ele><time>2026-05-18T00:44:14Z</time></trkpt>
      <trkpt lat="37.7715906" lon="128.9452135"><ele>0.7</ele><time>2026-05-18T00:44:15Z</time></trkpt>
      <trkpt lat="37.7716592" lon="128.9453195"><ele>0.2</ele><time>2026-05-18T00:44:16Z</time></trkpt>
      <trkpt lat="37.7717272" lon="128.9454198"><ele>0.4</ele><time>2026-05-18T00:44:17Z</time></trkpt>
      <trkpt lat="37.7717908" lon="128.9455194"><ele>0.1</ele><time>2026-05-18T00:44:18Z</time></trkpt>
      <trkpt lat="37.7718567" lon="128.9456144"><ele>0.6</ele><time>2026-05-18T00:44:19Z</time></trkpt>
      <trkpt lat="37.7719227" lon="128.9457106"><ele>0.1</ele><time>2026-05-18T00:44:20Z</time></trkpt>
      <trkpt lat="37.7719911" lon="128.9458108"><ele>0.6</ele><time>2026-05-18T00:44:21Z</time></trkpt>
      <trkpt lat="37.7720606" lon="128.9459083"><ele>0.2</ele><time>2026-05-18T00:44:22Z</time></trkpt>
      <trkpt lat="37.7721251" lon="128.9460069"><ele>0.5</ele><time>2026-05-18T00:44:23Z</time></trkpt>
      <trkpt lat="37.7721975" lon="128.9461128"><ele>0.4</ele><time>2026-05-18T00:44:24Z</time></trkpt>
      <trkpt lat="37.7722691" lon="128.9462167"><ele>0.6</ele><time>2026-05-18T00:44:25Z</time></trkpt>
      <trkpt lat="37.7723398" lon="128.9463138"><ele>0.3</ele><time>2026-05-18T00:44:26Z</time></trkpt>
      <trkpt lat="37.7724119" lon="128.9464173"><ele>0.3</ele><time>2026-05-18T00:44:27Z</time></trkpt>
      <trkpt lat="37.7724748" lon="128.9465212"><ele>0.7</ele><time>2026-05-18T00:44:28Z</time></trkpt>
      <trkpt lat="37.7725354" lon="128.9466218"><ele>0.3</ele><time>2026-05-18T00:44:29Z</time></trkpt>
      <trkpt lat="37.7726019" lon="128.9467265"><ele>0.4</ele><time>2026-05-18T00:44:30Z</time></trkpt>
      <trkpt lat="37.7726705" lon="128.9468300"><ele>0.4</ele><time>2026-05-18T00:44:31Z</time></trkpt>
      <trkpt lat="37.7727403" lon="128.9469309"><ele>0.2</ele><time>2026-05-18T00:44:32Z</time></trkpt>
      <trkpt lat="37.7728028" lon="128.9470396"><ele>0.5</ele><time>2026-05-18T00:44:33Z</time></trkpt>
      <trkpt lat="37.7728738" lon="128.9471427"><ele>0.4</ele><time>2026-05-18T00:44:34Z</time></trkpt>
      <trkpt lat="37.7729423" lon="128.9472415"><ele>0.2</ele><time>2026-05-18T00:44:35Z</time></trkpt>
      <trkpt lat="37.7730072" lon="128.9473390"><ele>0.5</ele><time>2026-05-18T00:44:36Z</time></trkpt>
      <trkpt lat="37.7730719" lon="128.9474397"><ele>0.5</ele><time>2026-05-18T00:44:37Z</time></trkpt>
      <trkpt lat="37.7731345" lon="128.9475408"><ele>0.6</ele><time>2026-05-18T00:44:38Z</time></trkpt>
      <trkpt lat="37.7732018" lon="128.9476432"><ele>0.3</ele><time>2026-05-18T00:44:39Z</time></trkpt>
      <trkpt lat="37.7732557" lon="128.9477423"><ele>0.2</ele><time>2026-05-18T00:44:40Z</time></trkpt>
      <trkpt lat="37.7732867" lon="128.9478348"><ele>0.2</ele><time>2026-05-18T00:44:41Z</time></trkpt>
      <trkpt lat="37.7732981" lon="128.9479141"><ele>0.4</ele><time>2026-05-18T00:44:42Z</time></trkpt>
      <trkpt lat="37.7732975" lon="128.9479717"><ele>0.5</ele><time>2026-05-18T00:44:43Z</time></trkpt>
      <trkpt lat="37.7732853" lon="128.9480471"><ele>0.4</ele><time>2026-05-18T00:44:44Z</time></trkpt>
      <trkpt lat="37.7732578" lon="128.9481358"><ele>0.7</ele><time>2026-05-18T00:44:45Z</time></trkpt>
      <trkpt lat="37.7732062" lon="128.9482316"><ele>0.4</ele><time>2026-05-18T00:44:46Z</time></trkpt>
      <trkpt lat="37.7731414" lon="128.9483241"><ele>0.7</ele><time>2026-05-18T00:44:47Z</time></trkpt>
      <trkpt lat="37.7730747" lon="128.9484190"><ele>0.4</ele><time>2026-05-18T00:44:48Z</time></trkpt>
      <trkpt lat="37.7730155" lon="128.9485125"><ele>0.6</ele><time>2026-05-18T00:44:49Z</time></trkpt>
      <trkpt lat="37.7729525" lon="128.9486084"><ele>0.4</ele><time>2026-05-18T00:44:50Z</time></trkpt>
      <trkpt lat="37.7728896" lon="128.9486995"><ele>0.6</ele><time>2026-05-18T00:44:51Z</time></trkpt>
      <trkpt lat="37.7728266" lon="128.9487998"><ele>0.5</ele><time>2026-05-18T00:44:52Z</time></trkpt>
      <trkpt lat="37.7727614" lon="128.9488952"><ele>0.6</ele><time>2026-05-18T00:44:53Z</time></trkpt>
      <trkpt lat="37.7726972" lon="128.9489940"><ele>0.2</ele><time>2026-05-18T00:44:54Z</time></trkpt>
      <trkpt lat="37.7726354" lon="128.9490909"><ele>0.4</ele><time>2026-05-18T00:44:55Z</time></trkpt>
      <trkpt lat="37.7725666" lon="128.9491831"><ele>0.1</ele><time>2026-05-18T00:44:56Z</time></trkpt>
      <trkpt lat="37.7725041" lon="128.9492869"><ele>0.5</ele><time>2026-05-18T00:44:57Z</time></trkpt>
      <trkpt lat="37.7724400" lon="128.9493853"><ele>0.2</ele><time>2026-05-18T00:44:58Z</time></trkpt>
      <trkpt lat="37.7723754" lon="128.9494768"><ele>0.2</ele><time>2026-05-18T00:44:59Z</time></trkpt>
      <trkpt lat="37.7723099" lon="128.9495755"><ele>0.1</ele><time>2026-05-18T00:45:00Z</time></trkpt>
      <trkpt lat="37.7722511" lon="128.9496693"><ele>0.4</ele><time>2026-05-18T00:45:01Z</time></trkpt>
      <trkpt lat="37.7721849" lon="128.9497674"><ele>0.5</ele><time>2026-05-18T00:45:02Z</time></trkpt>
      <trkpt lat="37.7721175" lon="128.9498636"><ele>0.2</ele><time>2026-05-18T00:45:03Z</time></trkpt>
      <trkpt lat="37.7720566" lon="128.9499540"><ele>0.4</ele><time>2026-05-18T00:45:04Z</time></trkpt>
      <trkpt lat="37.7719946" lon="128.9500505"><ele>0.5</ele><time>2026-05-18T00:45:05Z</time></trkpt>
      <trkpt lat="37.7719315" lon="128.9501476"><ele>0.5</ele><time>2026-05-18T00:45:06Z</time></trkpt>
      <trkpt lat="37.7718670" lon="128.9502459"><ele>0.4</ele><time>2026-05-18T00:45:07Z</time></trkpt>
      <trkpt lat="37.7718024" lon="128.9503463"><ele>0.6</ele><time>2026-05-18T00:45:08Z</time></trkpt>
      <trkpt lat="37.7717372" lon="128.9504467"><ele>0.5</ele><time>2026-05-18T00:45:09Z</time></trkpt>
      <trkpt lat="37.7716750" lon="128.9505408"><ele>0.5</ele><time>2026-05-18T00:45:10Z</time></trkpt>
      <trkpt lat="37.7716089" lon="128.9506364"><ele>0.3</ele><time>2026-05-18T00:45:11Z</time></trkpt>
      <trkpt lat="37.7715477" lon="128.9507390"><ele>0.4</ele><time>2026-05-18T00:45:12Z</time></trkpt>
      <trkpt lat="37.7714866" lon="128.9508304"><ele>0.5</ele><time>2026-05-18T00:45:13Z</time></trkpt>
      <trkpt lat="37.7714243" lon="128.9509262"><ele>0.4</ele><time>2026-05-18T00:45:14Z</time></trkpt>
      <trkpt lat="37.7713665" lon="128.9510231"><ele>0.5</ele><time>2026-05-18T00:45:15Z</time></trkpt>
      <trkpt lat="37.7712974" lon="128.9511225"><ele>0.3</ele><time>2026-05-18T00:45:16Z</time></trkpt>
      <trkpt lat="37.7712369" lon="128.9512223"><ele>0.5</ele><time>2026-05-18T00:45:17Z</time></trkpt>
      <trkpt lat="37.7711651" lon="128.9513149"><ele>0.5</ele><time>2026-05-18T00:45:18Z</time></trkpt>
      <trkpt lat="37.7711023" lon="128.9514131"><ele>0.4</ele><time>2026-05-18T00:45:19Z</time></trkpt>
      <trkpt lat="37.7710325" lon="128.9515098"><ele>0.2</ele><time>2026-05-18T00:45:20Z</time></trkpt>
      <trkpt lat="37.7709721" lon="128.9516103"><ele>0.5</ele><time>2026-05-18T00:45:21Z</time></trkpt>
      <trkpt lat="37.7709093" lon="128.9517103"><ele>0.4</ele><time>2026-05-18T00:45:22Z</time></trkpt>
      <trkpt lat="37.7708510" lon="128.9518067"><ele>0.1</ele><time>2026-05-18T00:45:23Z</time></trkpt>
      <trkpt lat="37.7707888" lon="128.9518985"><ele>0.7</ele><time>2026-05-18T00:45:24Z</time></trkpt>
      <trkpt lat="37.7707285" lon="128.9519938"><ele>0.3</ele><time>2026-05-18T00:45:25Z</time></trkpt>
      <trkpt lat="37.7706599" lon="128.9520890"><ele>0.4</ele><time>2026-05-18T00:45:26Z</time></trkpt>
      <trkpt lat="37.7705936" lon="128.9521854"><ele>0.6</ele><time>2026-05-18T00:45:27Z</time></trkpt>
      <trkpt lat="37.7705340" lon="128.9522748"><ele>0.5</ele><time>2026-05-18T00:45:28Z</time></trkpt>
      <trkpt lat="37.7704726" lon="128.9523614"><ele>0.6</ele><time>2026-05-18T00:45:29Z</time></trkpt>
      <trkpt lat="37.7704084" lon="128.9524693"><ele>0.5</ele><time>2026-05-18T00:45:30Z</time></trkpt>
      <trkpt lat="37.7703469" lon="128.9525693"><ele>0.3</ele><time>2026-05-18T00:45:31Z</time></trkpt>
      <trkpt lat="37.7702829" lon="128.9526672"><ele>0.1</ele><time>2026-05-18T00:45:32Z</time></trkpt>
      <trkpt lat="37.7702139" lon="128.9527652"><ele>0.4</ele><time>2026-05-18T00:45:33Z</time></trkpt>
      <trkpt lat="37.7701478" lon="128.9528643"><ele>0.2</ele><time>2026-05-18T00:45:34Z</time></trkpt>
      <trkpt lat="37.7700827" lon="128.9529590"><ele>0.3</ele><time>2026-05-18T00:45:35Z</time></trkpt>
      <trkpt lat="37.7700172" lon="128.9530588"><ele>0.4</ele><time>2026-05-18T00:45:36Z</time></trkpt>
      <trkpt lat="37.7699566" lon="128.9531486"><ele>0.3</ele><time>2026-05-18T00:45:37Z</time></trkpt>
      <trkpt lat="37.7698908" lon="128.9532470"><ele>0.2</ele><time>2026-05-18T00:45:38Z</time></trkpt>
      <trkpt lat="37.7698258" lon="128.9533479"><ele>0.5</ele><time>2026-05-18T00:45:39Z</time></trkpt>
      <trkpt lat="37.7697587" lon="128.9534409"><ele>0.2</ele><time>2026-05-18T00:45:40Z</time></trkpt>
      <trkpt lat="37.7696938" lon="128.9535355"><ele>0.6</ele><time>2026-05-18T00:45:41Z</time></trkpt>
      <trkpt lat="37.7696285" lon="128.9536293"><ele>0.1</ele><time>2026-05-18T00:45:42Z</time></trkpt>
      <trkpt lat="37.7695589" lon="128.9537250"><ele>0.3</ele><time>2026-05-18T00:45:43Z</time></trkpt>
      <trkpt lat="37.7695002" lon="128.9538218"><ele>0.3</ele><time>2026-05-18T00:45:44Z</time></trkpt>
      <trkpt lat="37.7694363" lon="128.9539192"><ele>0.5</ele><time>2026-05-18T00:45:45Z</time></trkpt>
      <trkpt lat="37.7693874" lon="128.9540124"><ele>0.2</ele><time>2026-05-18T00:45:46Z</time></trkpt>
      <trkpt lat="37.7693597" lon="128.9541030"><ele>0.3</ele><time>2026-05-18T00:45:47Z</time></trkpt>
      <trkpt lat="37.7693478" lon="128.9541795"><ele>0.5</ele><time>2026-05-18T00:45:48Z</time></trkpt>
      <trkpt lat="37.7693480" lon="128.9542422"><ele>0.5</ele><time>2026-05-18T00:45:49Z</time></trkpt>
      <trkpt lat="37.7693607" lon="128.9543198"><ele>0.4</ele><time>2026-05-18T00:45:50Z</time></trkpt>
      <trkpt lat="37.7693888" lon="128.9544081"><ele>0.4</ele><time>2026-05-18T00:45:51Z</time></trkpt>
      <trkpt lat="37.7694375" lon="128.9544999"><ele>0.4</ele><time>2026-05-18T00:45:52Z</time></trkpt>
      <trkpt lat="37.7695066" lon="128.9546012"><ele>0.1</ele><time>2026-05-18T00:45:53Z</time></trkpt>
      <trkpt lat="37.7695792" lon="128.9547025"><ele>0.6</ele><time>2026-05-18T00:45:54Z</time></trkpt>
      <trkpt lat="37.7696423" lon="128.9547999"><ele>0.7</ele><time>2026-05-18T00:45:55Z</time></trkpt>
      <trkpt lat="37.7697112" lon="128.9549046"><ele>0.7</ele><time>2026-05-18T00:45:56Z</time></trkpt>
      <trkpt lat="37.7697826" lon="128.9550062"><ele>0.2</ele><time>2026-05-18T00:45:57Z</time></trkpt>
      <trkpt lat="37.7698496" lon="128.9551033"><ele>0.7</ele><time>2026-05-18T00:45:58Z</time></trkpt>
      <trkpt lat="37.7699178" lon="128.9552048"><ele>0.4</ele><time>2026-05-18T00:45:59Z</time></trkpt>
      <trkpt lat="37.7699870" lon="128.9553038"><ele>0.4</ele><time>2026-05-18T00:46:00Z</time></trkpt>
      <trkpt lat="37.7700633" lon="128.9554067"><ele>0.1</ele><time>2026-05-18T00:46:01Z</time></trkpt>
      <trkpt lat="37.7701273" lon="128.9555057"><ele>0.6</ele><time>2026-05-18T00:46:02Z</time></trkpt>
      <trkpt lat="37.7701907" lon="128.9556075"><ele>0.3</ele><time>2026-05-18T00:46:03Z</time></trkpt>
      <trkpt lat="37.7702625" lon="128.9557097"><ele>0.5</ele><time>2026-05-18T00:46:04Z</time></trkpt>
      <trkpt lat="37.7703282" lon="128.9558188"><ele>0.6</ele><time>2026-05-18T00:46:05Z</time></trkpt>
      <trkpt lat="37.7703956" lon="128.9559161"><ele>0.4</ele><time>2026-05-18T00:46:06Z</time></trkpt>
      <trkpt lat="37.7704666" lon="128.9560182"><ele>0.2</ele><time>2026-05-18T00:46:07Z</time></trkpt>
      <trkpt lat="37.7705370" lon="128.9561185"><ele>0.4</ele><time>2026-05-18T00:46:08Z</time></trkpt>
      <trkpt lat="37.7706047" lon="128.9562211"><ele>0.1</ele><time>2026-05-18T00:46:09Z</time></trkpt>
      <trkpt lat="37.7706729" lon="128.9563200"><ele>0.3</ele><time>2026-05-18T00:46:10Z</time></trkpt>
      <trkpt lat="37.7707396" lon="128.9564312"><ele>0.3</ele><time>2026-05-18T00:46:11Z</time></trkpt>
      <trkpt lat="37.7708073" lon="128.9565340"><ele>0.6</ele><time>2026-05-18T00:46:12Z</time></trkpt>
      <trkpt lat="37.7708746" lon="128.9566385"><ele>0.5</ele><time>2026-05-18T00:46:13Z</time></trkpt>
      <trkpt lat="37.7709468" lon="128.9567351"><ele>0.5</ele><time>2026-05-18T00:46:14Z</time></trkpt>
      <trkpt lat="37.7710189" lon="128.9568374"><ele>0.6</ele><time>2026-05-18T00:46:15Z</time></trkpt>
      <trkpt lat="37.7710868" lon="128.9569408"><ele>0.3</ele><time>2026-05-18T00:46:16Z</time></trkpt>
      <trkpt lat="37.7711559" lon="128.9570424"><ele>0.5</ele><time>2026-05-18T00:46:17Z</time></trkpt>
      <trkpt lat="37.7712288" lon="128.9571454"><ele>0.3</ele><time>2026-05-18T00:46:18Z</time></trkpt>
      <trkpt lat="37.7713000" lon="128.9572536"><ele>0.3</ele><time>2026-05-18T00:46:19Z</time></trkpt>
      <trkpt lat="37.7713647" lon="128.9573539"><ele>0.6</ele><time>2026-05-18T00:46:20Z</time></trkpt>
      <trkpt lat="37.7714342" lon="128.9574566"><ele>0.3</ele><time>2026-05-18T00:46:21Z</time></trkpt>
      <trkpt lat="37.7715020" lon="128.9575627"><ele>0.3</ele><time>2026-05-18T00:46:22Z</time></trkpt>
      <trkpt lat="37.7715713" lon="128.9576656"><ele>0.4</ele><time>2026-05-18T00:46:23Z</time></trkpt>
      <trkpt lat="37.7716411" lon="128.9577678"><ele>0.2</ele><time>2026-05-18T00:46:24Z</time></trkpt>
      <trkpt lat="37.7717049" lon="128.9578651"><ele>0.4</ele><time>2026-05-18T00:46:25Z</time></trkpt>
      <trkpt lat="37.7717727" lon="128.9579683"><ele>0.5</ele><time>2026-05-18T00:46:26Z</time></trkpt>
      <trkpt lat="37.7718411" lon="128.9580708"><ele>0.6</ele><time>2026-05-18T00:46:27Z</time></trkpt>
      <trkpt lat="37.7719079" lon="128.9581715"><ele>0.2</ele><time>2026-05-18T00:46:28Z</time></trkpt>
      <trkpt lat="37.7719747" lon="128.9582742"><ele>0.2</ele><time>2026-05-18T00:46:29Z</time></trkpt>
      <trkpt lat="37.7720416" lon="128.9583704"><ele>0.5</ele><time>2026-05-18T00:46:30Z</time></trkpt>
      <trkpt lat="37.7721107" lon="128.9584723"><ele>0.5</ele><time>2026-05-18T00:46:31Z</time></trkpt>
      <trkpt lat="37.7721765" lon="128.9585655"><ele>0.3</ele><time>2026-05-18T00:46:32Z</time></trkpt>
      <trkpt lat="37.7722497" lon="128.9586640"><ele>0.7</ele><time>2026-05-18T00:46:33Z</time></trkpt>
      <trkpt lat="37.7723182" lon="128.9587629"><ele>0.4</ele><time>2026-05-18T00:46:34Z</time></trkpt>
      <trkpt lat="37.7723852" lon="128.9588689"><ele>0.4</ele><time>2026-05-18T00:46:35Z</time></trkpt>
      <trkpt lat="37.7724565" lon="128.9589738"><ele>0.4</ele><time>2026-05-18T00:46:36Z</time></trkpt>
      <trkpt lat="37.7725288" lon="128.9590775"><ele>0.4</ele><time>2026-05-18T00:46:37Z</time></trkpt>
      <trkpt lat="37.7725960" lon="128.9591779"><ele>0.3</ele><time>2026-05-18T00:46:38Z</time></trkpt>
      <trkpt lat="37.7726613" lon="128.9592794"><ele>0.6</ele><time>2026-05-18T00:46:39Z</time></trkpt>
      <trkpt lat="37.7727295" lon="128.9593714"><ele>0.3</ele><time>2026-05-18T00:46:40Z</time></trkpt>
      <trkpt lat="37.7727905" lon="128.9594720"><ele>0.1</ele><time>2026-05-18T00:46:41Z</time></trkpt>
      <trkpt lat="37.7728589" lon="128.9595700"><ele>0.5</ele><time>2026-05-18T00:46:42Z</time></trkpt>
      <trkpt lat="37.7729277" lon="128.9596713"><ele>0.7</ele><time>2026-05-18T00:46:43Z</time></trkpt>
      <trkpt lat="37.7729900" lon="128.9597748"><ele>0.5</ele><time>2026-05-18T00:46:44Z</time></trkpt>
      <trkpt lat="37.7730576" lon="128.9598690"><ele>0.1</ele><time>2026-05-18T00:46:45Z</time></trkpt>
      <trkpt lat="37.7731264" lon="128.9599685"><ele>0.4</ele><time>2026-05-18T00:46:46Z</time></trkpt>
      <trkpt lat="37.7731933" lon="128.9600656"><ele>0.3</ele><time>2026-05-18T00:46:47Z</time></trkpt>
      <trkpt lat="37.7732617" lon="128.9601666"><ele>0.3</ele><time>2026-05-18T00:46:48Z</time></trkpt>
      <trkpt lat="37.7733271" lon="128.9602714"><ele>0.4</ele><time>2026-05-18T00:46:49Z</time></trkpt>
      <trkpt lat="37.7733920" lon="128.9603790"><ele>0.6</ele><time>2026-05-18T00:46:50Z</time></trkpt>
      <trkpt lat="37.7734643" lon="128.9604819"><ele>0.3</ele><time>2026-05-18T00:46:51Z</time></trkpt>
      <trkpt lat="37.7735347" lon="128.9605785"><ele>0.2</ele><time>2026-05-18T00:46:52Z</time></trkpt>
      <trkpt lat="37.7736028" lon="128.9606920"><ele>0.1</ele><time>2026-05-18T00:46:53Z</time></trkpt>
      <trkpt lat="37.7736693" lon="128.9607931"><ele>0.4</ele><time>2026-05-18T00:46:54Z</time></trkpt>
      <trkpt lat="37.7737380" lon="128.9608979"><ele>0.1</ele><time>2026-05-18T00:46:55Z</time></trkpt>
      <trkpt lat="37.7737905" lon="128.9610006"><ele>0.2</ele><time>2026-05-18T00:46:56Z</time></trkpt>
      <trkpt lat="37.7738241" lon="128.9610977"><ele>0.3</ele><time>2026-05-18T00:46:57Z</time></trkpt>
      <trkpt lat="37.7738372" lon="128.9611795"><ele>0.6</ele><time>2026-05-18T00:46:58Z</time></trkpt>
      <trkpt lat="37.7738362" lon="128.9612436"><ele>0.1</ele><time>2026-05-18T00:46:59Z</time></trkpt>
      <trkpt lat="37.7738241" lon="128.9613229"><ele>0.2</ele><time>2026-05-18T00:47:00Z</time></trkpt>
      <trkpt lat="37.7737941" lon="128.9614176"><ele>0.7</ele><time>2026-05-18T00:47:01Z</time></trkpt>
      <trkpt lat="37.7737383" lon="128.9615162"><ele>0.6</ele><time>2026-05-18T00:47:02Z</time></trkpt>
      <trkpt lat="37.7736728" lon="128.9616134"><ele>0.1</ele><time>2026-05-18T00:47:03Z</time></trkpt>
      <trkpt lat="37.7736054" lon="128.9617108"><ele>0.4</ele><time>2026-05-18T00:47:04Z</time></trkpt>
      <trkpt lat="37.7735434" lon="128.9618135"><ele>0.6</ele><time>2026-05-18T00:47:05Z</time></trkpt>
      <trkpt lat="37.7734789" lon="128.9619172"><ele>0.8</ele><time>2026-05-18T00:47:06Z</time></trkpt>
      <trkpt lat="37.7734098" lon="128.9620163"><ele>0.4</ele><time>2026-05-18T00:47:07Z</time></trkpt>
      <trkpt lat="37.7733424" lon="128.9621112"><ele>0.1</ele><time>2026-05-18T00:47:08Z</time></trkpt>
      <trkpt lat="37.7732786" lon="128.9622029"><ele>0.4</ele><time>2026-05-18T00:47:09Z</time></trkpt>
      <trkpt lat="37.7732092" lon="128.9623056"><ele>0.4</ele><time>2026-05-18T00:47:10Z</time></trkpt>
      <trkpt lat="37.7731427" lon="128.9624025"><ele>0.5</ele><time>2026-05-18T00:47:11Z</time></trkpt>
      <trkpt lat="37.7730738" lon="128.9624960"><ele>0.4</ele><time>2026-05-18T00:47:12Z</time></trkpt>
      <trkpt lat="37.7730130" lon="128.9625967"><ele>0.4</ele><time>2026-05-18T00:47:13Z</time></trkpt>
      <trkpt lat="37.7729486" lon="128.9627035"><ele>0.6</ele><time>2026-05-18T00:47:14Z</time></trkpt>
      <trkpt lat="37.7728863" lon="128.9628058"><ele>0.6</ele><time>2026-05-18T00:47:15Z</time></trkpt>
      <trkpt lat="37.7728205" lon="128.9628997"><ele>0.3</ele><time>2026-05-18T00:47:16Z</time></trkpt>
      <trkpt lat="37.7727537" lon="128.9630004"><ele>0.4</ele><time>2026-05-18T00:47:17Z</time></trkpt>
      <trkpt lat="37.7726897" lon="128.9631015"><ele>0.3</ele><time>2026-05-18T00:47:18Z</time></trkpt>
      <trkpt lat="37.7726235" lon="128.9631997"><ele>0.3</ele><time>2026-05-18T00:47:19Z</time></trkpt>
      <trkpt lat="37.7725610" lon="128.9632961"><ele>0.3</ele><time>2026-05-18T00:47:20Z</time></trkpt>
      <trkpt lat="37.7724961" lon="128.9633987"><ele>0.3</ele><time>2026-05-18T00:47:21Z</time></trkpt>
      <trkpt lat="37.7724353" lon="128.9634911"><ele>0.2</ele><time>2026-05-18T00:47:22Z</time></trkpt>
      <trkpt lat="37.7723714" lon="128.9635967"><ele>0.1</ele><time>2026-05-18T00:47:23Z</time></trkpt>
      <trkpt lat="37.7723015" lon="128.9636949"><ele>0.3</ele><time>2026-05-18T00:47:24Z</time></trkpt>
      <trkpt lat="37.7722330" lon="128.9637928"><ele>0.3</ele><time>2026-05-18T00:47:25Z</time></trkpt>
      <trkpt lat="37.7721646" lon="128.9638920"><ele>0.3</ele><time>2026-05-18T00:47:26Z</time></trkpt>
      <trkpt lat="37.7721033" lon="128.9639905"><ele>0.5</ele><time>2026-05-18T00:47:27Z</time></trkpt>
      <trkpt lat="37.7720408" lon="128.9640897"><ele>0.5</ele><time>2026-05-18T00:47:28Z</time></trkpt>
      <trkpt lat="37.7719754" lon="128.9641819"><ele>0.3</ele><time>2026-05-18T00:47:29Z</time></trkpt>
      <trkpt lat="37.7719091" lon="128.9642787"><ele>0.6</ele><time>2026-05-18T00:47:30Z</time></trkpt>
      <trkpt lat="37.7718454" lon="128.9643723"><ele>0.5</ele><time>2026-05-18T00:47:31Z</time></trkpt>
      <trkpt lat="37.7717805" lon="128.9644764"><ele>0.2</ele><time>2026-05-18T00:47:32Z</time></trkpt>
      <trkpt lat="37.7717168" lon="128.9645785"><ele>0.2</ele><time>2026-05-18T00:47:33Z</time></trkpt>
      <trkpt lat="37.7716536" lon="128.9646668"><ele>0.4</ele><time>2026-05-18T00:47:34Z</time></trkpt>
      <trkpt lat="37.7715845" lon="128.9647626"><ele>0.4</ele><time>2026-05-18T00:47:35Z</time></trkpt>
      <trkpt lat="37.7715173" lon="128.9648633"><ele>0.2</ele><time>2026-05-18T00:47:36Z</time></trkpt>
      <trkpt lat="37.7714564" lon="128.9649605"><ele>0.2</ele><time>2026-05-18T00:47:37Z</time></trkpt>
      <trkpt lat="37.7713935" lon="128.9650532"><ele>0.6</ele><time>2026-05-18T00:47:38Z</time></trkpt>
      <trkpt lat="37.7713245" lon="128.9651531"><ele>0.5</ele><time>2026-05-18T00:47:39Z</time></trkpt>
      <trkpt lat="37.7712611" lon="128.9652526"><ele>0.1</ele><time>2026-05-18T00:47:40Z</time></trkpt>
      <trkpt lat="37.7712011" lon="128.9653519"><ele>0.4</ele><time>2026-05-18T00:47:41Z</time></trkpt>
      <trkpt lat="37.7711369" lon="128.9654522"><ele>0.1</ele><time>2026-05-18T00:47:42Z</time></trkpt>
      <trkpt lat="37.7710746" lon="128.9655472"><ele>0.1</ele><time>2026-05-18T00:47:43Z</time></trkpt>
      <trkpt lat="37.7710112" lon="128.9656448"><ele>0.4</ele><time>2026-05-18T00:47:44Z</time></trkpt>
      <trkpt lat="37.7709488" lon="128.9657382"><ele>0.2</ele><time>2026-05-18T00:47:45Z</time></trkpt>
      <trkpt lat="37.7708808" lon="128.9658388"><ele>0.2</ele><time>2026-05-18T00:47:46Z</time></trkpt>
      <trkpt lat="37.7708126" lon="128.9659364"><ele>0.5</ele><time>2026-05-18T00:47:47Z</time></trkpt>
      <trkpt lat="37.7707521" lon="128.9660350"><ele>0.5</ele><time>2026-05-18T00:47:48Z</time></trkpt>
      <trkpt lat="37.7706847" lon="128.9661309"><ele>0.6</ele><time>2026-05-18T00:47:49Z</time></trkpt>
      <trkpt lat="37.7706128" lon="128.9662252"><ele>0.5</ele><time>2026-05-18T00:47:50Z</time></trkpt>
      <trkpt lat="37.7705478" lon="128.9663284"><ele>0.6</ele><time>2026-05-18T00:47:51Z</time></trkpt>
      <trkpt lat="37.7704828" lon="128.9664300"><ele>0.4</ele><time>2026-05-18T00:47:52Z</time></trkpt>
      <trkpt lat="37.7704192" lon="128.9665361"><ele>0.4</ele><time>2026-05-18T00:47:53Z</time></trkpt>
      <trkpt lat="37.7703557" lon="128.9666407"><ele>0.4</ele><time>2026-05-18T00:47:54Z</time></trkpt>
      <trkpt lat="37.7702913" lon="128.9667415"><ele>0.4</ele><time>2026-05-18T00:47:55Z</time></trkpt>
      <trkpt lat="37.7702244" lon="128.9668379"><ele>0.5</ele><time>2026-05-18T00:47:56Z</time></trkpt>
      <trkpt lat="37.7701598" lon="128.9669374"><ele>0.3</ele><time>2026-05-18T00:47:57Z</time></trkpt>
      <trkpt lat="37.7700925" lon="128.9670408"><ele>0.2</ele><time>2026-05-18T00:47:58Z</time></trkpt>
      <trkpt lat="37.7700297" lon="128.9671378"><ele>0.6</ele><time>2026-05-18T00:47:59Z</time></trkpt>
      <trkpt lat="37.7699619" lon="128.9672352"><ele>0.2</ele><time>2026-05-18T00:48:00Z</time></trkpt>
      <trkpt lat="37.7698960" lon="128.9673417"><ele>0.3</ele><time>2026-05-18T00:48:01Z</time></trkpt>
      <trkpt lat="37.7698304" lon="128.9674392"><ele>0.6</ele><time>2026-05-18T00:48:02Z</time></trkpt>
      <trkpt lat="37.7697648" lon="128.9675286"><ele>0.5</ele><time>2026-05-18T00:48:03Z</time></trkpt>
      <trkpt lat="37.7697038" lon="128.9676253"><ele>0.3</ele><time>2026-05-18T00:48:04Z</time></trkpt>
      <trkpt lat="37.7696385" lon="128.9677250"><ele>0.4</ele><time>2026-05-18T00:48:05Z</time></trkpt>
      <trkpt lat="37.7695861" lon="128.9678259"><ele>0.2</ele><time>2026-05-18T00:48:06Z</time></trkpt>
      <trkpt lat="37.7695563" lon="128.9679194"><ele>0.3</ele><time>2026-05-18T00:48:07Z</time></trkpt>
      <trkpt lat="37.7695440" lon="128.9679992"><ele>0.4</ele><time>2026-05-18T00:48:08Z</time></trkpt>
      <trkpt lat="37.7695435" lon="128.9680612"><ele>0.3</ele><time>2026-05-18T00:48:09Z</time></trkpt>
      <trkpt lat="37.7695566" lon="128.9681408"><ele>0.3</ele><time>2026-05-18T00:48:10Z</time></trkpt>
      <trkpt lat="37.7695887" lon="128.9682316"><ele>0.1</ele><time>2026-05-18T00:48:11Z</time></trkpt>
      <trkpt lat="37.7696379" lon="128.9683265"><ele>0.3</ele><time>2026-05-18T00:48:12Z</time></trkpt>
      <trkpt lat="37.7697089" lon="128.9684226"><ele>0.5</ele><time>2026-05-18T00:48:13Z</time></trkpt>
      <trkpt lat="37.7697707" lon="128.9685257"><ele>0.5</ele><time>2026-05-18T00:48:14Z</time></trkpt>
      <trkpt lat="37.7698353" lon="128.9686282"><ele>0.5</ele><time>2026-05-18T00:48:15Z</time></trkpt>
      <trkpt lat="37.7698987" lon="128.9687298"><ele>0.3</ele><time>2026-05-18T00:48:16Z</time></trkpt>
      <trkpt lat="37.7699603" lon="128.9688310"><ele>0.5</ele><time>2026-05-18T00:48:17Z</time></trkpt>
      <trkpt lat="37.7700254" lon="128.9689315"><ele>0.2</ele><time>2026-05-18T00:48:18Z</time></trkpt>
      <trkpt lat="37.7700937" lon="128.9690357"><ele>0.4</ele><time>2026-05-18T00:48:19Z</time></trkpt>
      <trkpt lat="37.7701625" lon="128.9691321"><ele>0.2</ele><time>2026-05-18T00:48:20Z</time></trkpt>
      <trkpt lat="37.7702286" lon="128.9692268"><ele>0.3</ele><time>2026-05-18T00:48:21Z</time></trkpt>
      <trkpt lat="37.7702986" lon="128.9693278"><ele>0.5</ele><time>2026-05-18T00:48:22Z</time></trkpt>
      <trkpt lat="37.7703674" lon="128.9694280"><ele>0.5</ele><time>2026-05-18T00:48:23Z</time></trkpt>
      <trkpt lat="37.7704378" lon="128.9695238"><ele>0.2</ele><time>2026-05-18T00:48:24Z</time></trkpt>
      <trkpt lat="37.7705079" lon="128.9696248"><ele>0.3</ele><time>2026-05-18T00:48:25Z</time></trkpt>
      <trkpt lat="37.7705729" lon="128.9697316"><ele>0.5</ele><time>2026-05-18T00:48:26Z</time></trkpt>
      <trkpt lat="37.7706337" lon="128.9698399"><ele>0.2</ele><time>2026-05-18T00:48:27Z</time></trkpt>
      <trkpt lat="37.7707028" lon="128.9699379"><ele>0.3</ele><time>2026-05-18T00:48:28Z</time></trkpt>
      <trkpt lat="37.7707691" lon="128.9700409"><ele>0.3</ele><time>2026-05-18T00:48:29Z</time></trkpt>
      <trkpt lat="37.7708399" lon="128.9701418"><ele>0.7</ele><time>2026-05-18T00:48:30Z</time></trkpt>
      <trkpt lat="37.7709085" lon="128.9702429"><ele>0.2</ele><time>2026-05-18T00:48:31Z</time></trkpt>
      <trkpt lat="37.7709800" lon="128.9703465"><ele>0.2</ele><time>2026-05-18T00:48:32Z</time></trkpt>
      <trkpt lat="37.7710475" lon="128.9704561"><ele>0.4</ele><time>2026-05-18T00:48:33Z</time></trkpt>
      <trkpt lat="37.7711159" lon="128.9705620"><ele>0.4</ele><time>2026-05-18T00:48:34Z</time></trkpt>
      <trkpt lat="37.7711814" lon="128.9706682"><ele>0.5</ele><time>2026-05-18T00:48:35Z</time></trkpt>
      <trkpt lat="37.7712436" lon="128.9707679"><ele>0.4</ele><time>2026-05-18T00:48:36Z</time></trkpt>
      <trkpt lat="37.7713138" lon="128.9708709"><ele>0.5</ele><time>2026-05-18T00:48:37Z</time></trkpt>
      <trkpt lat="37.7713807" lon="128.9709686"><ele>0.5</ele><time>2026-05-18T00:48:38Z</time></trkpt>
      <trkpt lat="37.7714443" lon="128.9710632"><ele>0.8</ele><time>2026-05-18T00:48:39Z</time></trkpt>
      <trkpt lat="37.7715141" lon="128.9711666"><ele>0.3</ele><time>2026-05-18T00:48:40Z</time></trkpt>
      <trkpt lat="37.7715803" lon="128.9712644"><ele>0.3</ele><time>2026-05-18T00:48:41Z</time></trkpt>
      <trkpt lat="37.7716491" lon="128.9713621"><ele>0.5</ele><time>2026-05-18T00:48:42Z</time></trkpt>
      <trkpt lat="37.7717146" lon="128.9714658"><ele>0.2</ele><time>2026-05-18T00:48:43Z</time></trkpt>
      <trkpt lat="37.7717817" lon="128.9715636"><ele>0.2</ele><time>2026-05-18T00:48:44Z</time></trkpt>
      <trkpt lat="37.7718480" lon="128.9716599"><ele>0.6</ele><time>2026-05-18T00:48:45Z</time></trkpt>
      <trkpt lat="37.7719149" lon="128.9717585"><ele>0.3</ele><time>2026-05-18T00:48:46Z</time></trkpt>
      <trkpt lat="37.7719800" lon="128.9718659"><ele>0.4</ele><time>2026-05-18T00:48:47Z</time></trkpt>
      <trkpt lat="37.7720502" lon="128.9719712"><ele>0.4</ele><time>2026-05-18T00:48:48Z</time></trkpt>
      <trkpt lat="37.7721194" lon="128.9720731"><ele>0.5</ele><time>2026-05-18T00:48:49Z</time></trkpt>
      <trkpt lat="37.7721850" lon="128.9721787"><ele>0.1</ele><time>2026-05-18T00:48:50Z</time></trkpt>
      <trkpt lat="37.7722458" lon="128.9722824"><ele>0.6</ele><time>2026-05-18T00:48:51Z</time></trkpt>
      <trkpt lat="37.7723135" lon="128.9723852"><ele>0.3</ele><time>2026-05-18T00:48:52Z</time></trkpt>
      <trkpt lat="37.7723863" lon="128.9724900"><ele>0.4</ele><time>2026-05-18T00:48:53Z</time></trkpt>
      <trkpt lat="37.7724530" lon="128.9725898"><ele>0.7</ele><time>2026-05-18T00:48:54Z</time></trkpt>
      <trkpt lat="37.7725187" lon="128.9726909"><ele>0.3</ele><time>2026-05-18T00:48:55Z</time></trkpt>
      <trkpt lat="37.7725875" lon="128.9727960"><ele>0.2</ele><time>2026-05-18T00:48:56Z</time></trkpt>
      <trkpt lat="37.7726546" lon="128.9728953"><ele>0.3</ele><time>2026-05-18T00:48:57Z</time></trkpt>
      <trkpt lat="37.7727246" lon="128.9729895"><ele>0.5</ele><time>2026-05-18T00:48:58Z</time></trkpt>
      <trkpt lat="37.7727901" lon="128.9730926"><ele>0.5</ele><time>2026-05-18T00:48:59Z</time></trkpt>
      <trkpt lat="37.7728625" lon="128.9731893"><ele>0.3</ele><time>2026-05-18T00:49:00Z</time></trkpt>
      <trkpt lat="37.7729318" lon="128.9732901"><ele>0.4</ele><time>2026-05-18T00:49:01Z</time></trkpt>
      <trkpt lat="37.7729966" lon="128.9733941"><ele>0.4</ele><time>2026-05-18T00:49:02Z</time></trkpt>
      <trkpt lat="37.7730618" lon="128.9735011"><ele>0.6</ele><time>2026-05-18T00:49:03Z</time></trkpt>
      <trkpt lat="37.7731253" lon="128.9736008"><ele>0.5</ele><time>2026-05-18T00:49:04Z</time></trkpt>
      <trkpt lat="37.7731866" lon="128.9737023"><ele>0.5</ele><time>2026-05-18T00:49:05Z</time></trkpt>
      <trkpt lat="37.7732485" lon="128.9737959"><ele>0.4</ele><time>2026-05-18T00:49:06Z</time></trkpt>
      <trkpt lat="37.7733211" lon="128.9738952"><ele>0.6</ele><time>2026-05-18T00:49:07Z</time></trkpt>
      <trkpt lat="37.7733926" lon="128.9739995"><ele>0.5</ele><time>2026-05-18T00:49:08Z</time></trkpt>
      <trkpt lat="37.7734601" lon="128.9740996"><ele>0.4</ele><time>2026-05-18T00:49:09Z</time></trkpt>
      <trkpt lat="37.7735291" lon="128.9741981"><ele>0.5</ele><time>2026-05-18T00:49:10Z</time></trkpt>
      <trkpt lat="37.7735942" lon="128.9742936"><ele>0.2</ele><time>2026-05-18T00:49:11Z</time></trkpt>
      <trkpt lat="37.7736670" lon="128.9743923"><ele>0.4</ele><time>2026-05-18T00:49:12Z</time></trkpt>
      <trkpt lat="37.7737372" lon="128.9744881"><ele>0.2</ele><time>2026-05-18T00:49:13Z</time></trkpt>
      <trkpt lat="37.7738206" lon="128.9745477"><ele>0.4</ele><time>2026-05-18T00:49:14Z</time></trkpt>
      <trkpt lat="37.7739023" lon="128.9746134"><ele>0.3</ele><time>2026-05-18T00:49:15Z</time></trkpt>
      <trkpt lat="37.7739838" lon="128.9746724"><ele>0.7</ele><time>2026-05-18T00:49:16Z</time></trkpt>
      <trkpt lat="37.7740673" lon="128.9747335"><ele>0.6</ele><time>2026-05-18T00:49:17Z</time></trkpt>
      <trkpt lat="37.7741542" lon="128.9747930"><ele>0.3</ele><time>2026-05-18T00:49:18Z</time></trkpt>
      <trkpt lat="37.7742377" lon="128.9748522"><ele>0.5</ele><time>2026-05-18T00:49:19Z</time></trkpt>
      <trkpt lat="37.7743206" lon="128.9749142"><ele>0.6</ele><time>2026-05-18T00:49:20Z</time></trkpt>
      <trkpt lat="37.7744074" lon="128.9749784"><ele>0.5</ele><time>2026-05-18T00:49:21Z</time></trkpt>
      <trkpt lat="37.7744894" lon="128.9750455"><ele>0.5</ele><time>2026-05-18T00:49:22Z</time></trkpt>
      <trkpt lat="37.7745754" lon="128.9751010"><ele>0.4</ele><time>2026-05-18T00:49:23Z</time></trkpt>
      <trkpt lat="37.7746640" lon="128.9751618"><ele>0.2</ele><time>2026-05-18T00:49:24Z</time></trkpt>
      <trkpt lat="37.7747484" lon="128.9752236"><ele>0.7</ele><time>2026-05-18T00:49:25Z</time></trkpt>
      <trkpt lat="37.7748304" lon="128.9752899"><ele>0.2</ele><time>2026-05-18T00:49:26Z</time></trkpt>
      <trkpt lat="37.7749121" lon="128.9753489"><ele>0.3</ele><time>2026-05-18T00:49:27Z</time></trkpt>
      <trkpt lat="37.7749934" lon="128.9754073"><ele>0.4</ele><time>2026-05-18T00:49:28Z</time></trkpt>
      <trkpt lat="37.7750755" lon="128.9754714"><ele>0.7</ele><time>2026-05-18T00:49:29Z</time></trkpt>
      <trkpt lat="37.7751604" lon="128.9755379"><ele>0.3</ele><time>2026-05-18T00:49:30Z</time></trkpt>
      <trkpt lat="37.7752465" lon="128.9755989"><ele>0.4</ele><time>2026-05-18T00:49:31Z</time></trkpt>
      <trkpt lat="37.7753353" lon="128.9756597"><ele>0.3</ele><time>2026-05-18T00:49:32Z</time></trkpt>
      <trkpt lat="37.7754236" lon="128.9757248"><ele>0.5</ele><time>2026-05-18T00:49:33Z</time></trkpt>
      <trkpt lat="37.7755090" lon="128.9757832"><ele>0.3</ele><time>2026-05-18T00:49:34Z</time></trkpt>
      <trkpt lat="37.7755933" lon="128.9758485"><ele>0.5</ele><time>2026-05-18T00:49:35Z</time></trkpt>
      <trkpt lat="37.7756767" lon="128.9759034"><ele>0.4</ele><time>2026-05-18T00:49:36Z</time></trkpt>
      <trkpt lat="37.7757592" lon="128.9759615"><ele>0.5</ele><time>2026-05-18T00:49:37Z</time></trkpt>
      <trkpt lat="37.7758448" lon="128.9760218"><ele>0.2</ele><time>2026-05-18T00:49:38Z</time></trkpt>
      <trkpt lat="37.7759272" lon="128.9760815"><ele>0.2</ele><time>2026-05-18T00:49:39Z</time></trkpt>
      <trkpt lat="37.7760070" lon="128.9761437"><ele>0.3</ele><time>2026-05-18T00:49:40Z</time></trkpt>
      <trkpt lat="37.7760921" lon="128.9761970"><ele>0.3</ele><time>2026-05-18T00:49:41Z</time></trkpt>
      <trkpt lat="37.7761633" lon="128.9762746"><ele>0.6</ele><time>2026-05-18T00:49:42Z</time></trkpt>
      <trkpt lat="37.7762019" lon="128.9763673"><ele>0.2</ele><time>2026-05-18T00:49:43Z</time></trkpt>
      <trkpt lat="37.7762043" lon="128.9764621"><ele>0.2</ele><time>2026-05-18T00:49:44Z</time></trkpt>
      <trkpt lat="37.7761834" lon="128.9765372"><ele>0.7</ele><time>2026-05-18T00:49:45Z</time></trkpt>
      <trkpt lat="37.7761414" lon="128.9765959"><ele>0.6</ele><time>2026-05-18T00:49:46Z</time></trkpt>
      <trkpt lat="37.7760832" lon="128.9766338"><ele>0.3</ele><time>2026-05-18T00:49:47Z</time></trkpt>
      <trkpt lat="37.7760154" lon="128.9766394"><ele>0.1</ele><time>2026-05-18T00:49:48Z</time></trkpt>
      <trkpt lat="37.7759457" lon="128.9766082"><ele>0.5</ele><time>2026-05-18T00:49:49Z</time></trkpt>
      <trkpt lat="37.7758834" lon="128.9765562"><ele>0.5</ele><time>2026-05-18T00:49:50Z</time></trkpt>
      <trkpt lat="37.7758227" lon="128.9765109"><ele>0.5</ele><time>2026-05-18T00:49:51Z</time></trkpt>
      <trkpt lat="37.7757555" lon="128.9764620"><ele>0.5</ele><time>2026-05-18T00:49:52Z</time></trkpt>
      <trkpt lat="37.7756895" lon="128.9764129"><ele>0.5</ele><time>2026-05-18T00:49:53Z</time></trkpt>
      <trkpt lat="37.7756213" lon="128.9763669"><ele>0.4</ele><time>2026-05-18T00:49:54Z</time></trkpt>
      <trkpt lat="37.7755520" lon="128.9763182"><ele>0.1</ele><time>2026-05-18T00:49:55Z</time></trkpt>
      <trkpt lat="37.7754895" lon="128.9762710"><ele>0.2</ele><time>2026-05-18T00:49:56Z</time></trkpt>
      <trkpt lat="37.7754194" lon="128.9762175"><ele>0.4</ele><time>2026-05-18T00:49:57Z</time></trkpt>
      <trkpt lat="37.7753517" lon="128.9761707"><ele>0.5</ele><time>2026-05-18T00:49:58Z</time></trkpt>
      <trkpt lat="37.7752870" lon="128.9761176"><ele>0.1</ele><time>2026-05-18T00:49:59Z</time></trkpt>
      <trkpt lat="37.7752194" lon="128.9760751"><ele>0.4</ele><time>2026-05-18T00:50:00Z</time></trkpt>
      <trkpt lat="37.7751513" lon="128.9760224"><ele>0.7</ele><time>2026-05-18T00:50:01Z</time></trkpt>
      <trkpt lat="37.7750877" lon="128.9759749"><ele>0.4</ele><time>2026-05-18T00:50:02Z</time></trkpt>
      <trkpt lat="37.7750215" lon="128.9759268"><ele>0.7</ele><time>2026-05-18T00:50:03Z</time></trkpt>
      <trkpt lat="37.7749580" lon="128.9758751"><ele>0.5</ele><time>2026-05-18T00:50:04Z</time></trkpt>
      <trkpt lat="37.7748921" lon="128.9758203"><ele>0.5</ele><time>2026-05-18T00:50:05Z</time></trkpt>
      <trkpt lat="37.7748197" lon="128.9757716"><ele>0.4</ele><time>2026-05-18T00:50:06Z</time></trkpt>
      <trkpt lat="37.7747534" lon="128.9757260"><ele>0.5</ele><time>2026-05-18T00:50:07Z</time></trkpt>
      <trkpt lat="37.7746892" lon="128.9756788"><ele>0.3</ele><time>2026-05-18T00:50:08Z</time></trkpt>
      <trkpt lat="37.7746262" lon="128.9756343"><ele>0.5</ele><time>2026-05-18T00:50:09Z</time></trkpt>
      <trkpt lat="37.7745633" lon="128.9755900"><ele>0.4</ele><time>2026-05-18T00:50:10Z</time></trkpt>
      <trkpt lat="37.7745003" lon="128.9755475"><ele>0.1</ele><time>2026-05-18T00:50:11Z</time></trkpt>
      <trkpt lat="37.7744367" lon="128.9755002"><ele>0.3</ele><time>2026-05-18T00:50:12Z</time></trkpt>
      <trkpt lat="37.7743742" lon="128.9754552"><ele>0.5</ele><time>2026-05-18T00:50:13Z</time></trkpt>
      <trkpt lat="37.7743021" lon="128.9754045"><ele>0.1</ele><time>2026-05-18T00:50:14Z</time></trkpt>
      <trkpt lat="37.7742360" lon="128.9753529"><ele>0.3</ele><time>2026-05-18T00:50:15Z</time></trkpt>
      <trkpt lat="37.7741700" lon="128.9753041"><ele>0.2</ele><time>2026-05-18T00:50:16Z</time></trkpt>
      <trkpt lat="37.7740963" lon="128.9752553"><ele>0.4</ele><time>2026-05-18T00:50:17Z</time></trkpt>
      <trkpt lat="37.7740281" lon="128.9752006"><ele>0.3</ele><time>2026-05-18T00:50:18Z</time></trkpt>
      <trkpt lat="37.7739588" lon="128.9751555"><ele>0.4</ele><time>2026-05-18T00:50:19Z</time></trkpt>
      <trkpt lat="37.7738962" lon="128.9751027"><ele>0.2</ele><time>2026-05-18T00:50:20Z</time></trkpt>
      <trkpt lat="37.7738446" lon="128.9750464"><ele>0.3</ele><time>2026-05-18T00:50:21Z</time></trkpt>
      <trkpt lat="37.7738152" lon="128.9749799"><ele>0.4</ele><time>2026-05-18T00:50:22Z</time></trkpt>
      <trkpt lat="37.7738063" lon="128.9749164"><ele>0.0</ele><time>2026-05-18T00:50:23Z</time></trkpt>
      <trkpt lat="37.7738143" lon="128.9748607"><ele>0.3</ele><time>2026-05-18T00:50:24Z</time></trkpt>
      <trkpt lat="37.7738311" lon="128.9748247"><ele>0.1</ele><time>2026-05-18T00:50:25Z</time></trkpt>
      <trkpt lat="37.7738666" lon="128.9747872"><ele>0.4</ele><time>2026-05-18T00:50:26Z</time></trkpt>
      <trkpt lat="37.7739244" lon="128.9747597"><ele>0.6</ele><time>2026-05-18T00:50:27Z</time></trkpt>
      <trkpt lat="37.7739992" lon="128.9747603"><ele>0.2</ele><time>2026-05-18T00:50:28Z</time></trkpt>
      <trkpt lat="37.7740857" lon="128.9747980"><ele>0.4</ele><time>2026-05-18T00:50:29Z</time></trkpt>
      <trkpt lat="37.7741699" lon="128.9748590"><ele>0.3</ele><time>2026-05-18T00:50:30Z</time></trkpt>
      <trkpt lat="37.7742525" lon="128.9749156"><ele>0.2</ele><time>2026-05-18T00:50:31Z</time></trkpt>
      <trkpt lat="37.7743297" lon="128.9749738"><ele>0.5</ele><time>2026-05-18T00:50:32Z</time></trkpt>
      <trkpt lat="37.7744112" lon="128.9750363"><ele>0.3</ele><time>2026-05-18T00:50:33Z</time></trkpt>
      <trkpt lat="37.7744917" lon="128.9751019"><ele>0.7</ele><time>2026-05-18T00:50:34Z</time></trkpt>
      <trkpt lat="37.7745688" lon="128.9751598"><ele>0.3</ele><time>2026-05-18T00:50:35Z</time></trkpt>
      <trkpt lat="37.7746540" lon="128.9752157"><ele>0.4</ele><time>2026-05-18T00:50:36Z</time></trkpt>
      <trkpt lat="37.7747347" lon="128.9752714"><ele>0.3</ele><time>2026-05-18T00:50:37Z</time></trkpt>
      <trkpt lat="37.7748241" lon="128.9753344"><ele>0.4</ele><time>2026-05-18T00:50:38Z</time></trkpt>
      <trkpt lat="37.7749105" lon="128.9753935"><ele>0.2</ele><time>2026-05-18T00:50:39Z</time></trkpt>
      <trkpt lat="37.7749949" lon="128.9754563"><ele>0.4</ele><time>2026-05-18T00:50:40Z</time></trkpt>
      <trkpt lat="37.7750809" lon="128.9755192"><ele>0.4</ele><time>2026-05-18T00:50:41Z</time></trkpt>
      <trkpt lat="37.7751617" lon="128.9755767"><ele>0.3</ele><time>2026-05-18T00:50:42Z</time></trkpt>
      <trkpt lat="37.7752409" lon="128.9756379"><ele>0.2</ele><time>2026-05-18T00:50:43Z</time></trkpt>
      <trkpt lat="37.7753212" lon="128.9756987"><ele>0.4</ele><time>2026-05-18T00:50:44Z</time></trkpt>
      <trkpt lat="37.7754048" lon="128.9757610"><ele>0.6</ele><time>2026-05-18T00:50:45Z</time></trkpt>
      <trkpt lat="37.7754806" lon="128.9758243"><ele>0.4</ele><time>2026-05-18T00:50:46Z</time></trkpt>
      <trkpt lat="37.7755630" lon="128.9758805"><ele>0.3</ele><time>2026-05-18T00:50:47Z</time></trkpt>
      <trkpt lat="37.7756422" lon="128.9759453"><ele>0.3</ele><time>2026-05-18T00:50:48Z</time></trkpt>
      <trkpt lat="37.7757209" lon="128.9760075"><ele>0.2</ele><time>2026-05-18T00:50:49Z</time></trkpt>
      <trkpt lat="37.7757976" lon="128.9760708"><ele>0.5</ele><time>2026-05-18T00:50:50Z</time></trkpt>
      <trkpt lat="37.7758764" lon="128.9761301"><ele>0.4</ele><time>2026-05-18T00:50:51Z</time></trkpt>
      <trkpt lat="37.7759578" lon="128.9761913"><ele>0.4</ele><time>2026-05-18T00:50:52Z</time></trkpt>
      <trkpt lat="37.7760422" lon="128.9762515"><ele>0.3</ele><time>2026-05-18T00:50:53Z</time></trkpt>
      <trkpt lat="37.7761234" lon="128.9763135"><ele>0.1</ele><time>2026-05-18T00:50:54Z</time></trkpt>
      <trkpt lat="37.7762041" lon="128.9763708"><ele>0.2</ele><time>2026-05-18T00:50:55Z</time></trkpt>
      <trkpt lat="37.7762883" lon="128.9764260"><ele>0.4</ele><time>2026-05-18T00:50:56Z</time></trkpt>
      <trkpt lat="37.7763702" lon="128.9764889"><ele>0.0</ele><time>2026-05-18T00:50:57Z</time></trkpt>
      <trkpt lat="37.7764395" lon="128.9765674"><ele>0.3</ele><time>2026-05-18T00:50:58Z</time></trkpt>
      <trkpt lat="37.7764793" lon="128.9766602"><ele>0.2</ele><time>2026-05-18T00:50:59Z</time></trkpt>
      <trkpt lat="37.7764836" lon="128.9767516"><ele>0.4</ele><time>2026-05-18T00:51:00Z</time></trkpt>
      <trkpt lat="37.7764645" lon="128.9768263"><ele>0.5</ele><time>2026-05-18T00:51:01Z</time></trkpt>
      <trkpt lat="37.7764243" lon="128.9768849"><ele>0.5</ele><time>2026-05-18T00:51:02Z</time></trkpt>
      <trkpt lat="37.7763670" lon="128.9769216"><ele>0.5</ele><time>2026-05-18T00:51:03Z</time></trkpt>
      <trkpt lat="37.7762991" lon="128.9769287"><ele>0.5</ele><time>2026-05-18T00:51:04Z</time></trkpt>
      <trkpt lat="37.7762300" lon="128.9769009"><ele>0.5</ele><time>2026-05-18T00:51:05Z</time></trkpt>
      <trkpt lat="37.7761639" lon="128.9768499"><ele>0.6</ele><time>2026-05-18T00:51:06Z</time></trkpt>
      <trkpt lat="37.7761002" lon="128.9768061"><ele>0.2</ele><time>2026-05-18T00:51:07Z</time></trkpt>
      <trkpt lat="37.7760358" lon="128.9767578"><ele>0.1</ele><time>2026-05-18T00:51:08Z</time></trkpt>
      <trkpt lat="37.7759708" lon="128.9767096"><ele>0.2</ele><time>2026-05-18T00:51:09Z</time></trkpt>
      <trkpt lat="37.7759079" lon="128.9766595"><ele>0.5</ele><time>2026-05-18T00:51:10Z</time></trkpt>
      <trkpt lat="37.7758460" lon="128.9766129"><ele>0.3</ele><time>2026-05-18T00:51:11Z</time></trkpt>
      <trkpt lat="37.7757818" lon="128.9765626"><ele>0.2</ele><time>2026-05-18T00:51:12Z</time></trkpt>
      <trkpt lat="37.7757213" lon="128.9765151"><ele>0.3</ele><time>2026-05-18T00:51:13Z</time></trkpt>
      <trkpt lat="37.7756583" lon="128.9764665"><ele>0.5</ele><time>2026-05-18T00:51:14Z</time></trkpt>
      <trkpt lat="37.7755934" lon="128.9764189"><ele>0.2</ele><time>2026-05-18T00:51:15Z</time></trkpt>
      <trkpt lat="37.7755312" lon="128.9763768"><ele>0.5</ele><time>2026-05-18T00:51:16Z</time></trkpt>
      <trkpt lat="37.7754636" lon="128.9763315"><ele>0.6</ele><time>2026-05-18T00:51:17Z</time></trkpt>
      <trkpt lat="37.7753995" lon="128.9762880"><ele>0.4</ele><time>2026-05-18T00:51:18Z</time></trkpt>
      <trkpt lat="37.7753390" lon="128.9762432"><ele>0.1</ele><time>2026-05-18T00:51:19Z</time></trkpt>
      <trkpt lat="37.7752775" lon="128.9762003"><ele>0.5</ele><time>2026-05-18T00:51:20Z</time></trkpt>
      <trkpt lat="37.7752108" lon="128.9761526"><ele>0.5</ele><time>2026-05-18T00:51:21Z</time></trkpt>
      <trkpt lat="37.7751506" lon="128.9761051"><ele>0.4</ele><time>2026-05-18T00:51:22Z</time></trkpt>
      <trkpt lat="37.7750889" lon="128.9760613"><ele>0.4</ele><time>2026-05-18T00:51:23Z</time></trkpt>
      <trkpt lat="37.7750273" lon="128.9760186"><ele>0.6</ele><time>2026-05-18T00:51:24Z</time></trkpt>
      <trkpt lat="37.7749649" lon="128.9759711"><ele>0.4</ele><time>2026-05-18T00:51:25Z</time></trkpt>
      <trkpt lat="37.7749014" lon="128.9759234"><ele>0.6</ele><time>2026-05-18T00:51:26Z</time></trkpt>
      <trkpt lat="37.7748393" lon="128.9758792"><ele>0.6</ele><time>2026-05-18T00:51:27Z</time></trkpt>
      <trkpt lat="37.7747749" lon="128.9758354"><ele>0.6</ele><time>2026-05-18T00:51:28Z</time></trkpt>
      <trkpt lat="37.7747125" lon="128.9757917"><ele>0.3</ele><time>2026-05-18T00:51:29Z</time></trkpt>
      <trkpt lat="37.7746498" lon="128.9757480"><ele>0.6</ele><time>2026-05-18T00:51:30Z</time></trkpt>
      <trkpt lat="37.7745888" lon="128.9757001"><ele>0.3</ele><time>2026-05-18T00:51:31Z</time></trkpt>
      <trkpt lat="37.7745258" lon="128.9756529"><ele>0.5</ele><time>2026-05-18T00:51:32Z</time></trkpt>
      <trkpt lat="37.7744622" lon="128.9756071"><ele>0.4</ele><time>2026-05-18T00:51:33Z</time></trkpt>
      <trkpt lat="37.7743994" lon="128.9755592"><ele>0.3</ele><time>2026-05-18T00:51:34Z</time></trkpt>
      <trkpt lat="37.7743323" lon="128.9755086"><ele>0.1</ele><time>2026-05-18T00:51:35Z</time></trkpt>
      <trkpt lat="37.7742753" lon="128.9754650"><ele>0.5</ele><time>2026-05-18T00:51:36Z</time></trkpt>
      <trkpt lat="37.7742233" lon="128.9754082"><ele>0.1</ele><time>2026-05-18T00:51:37Z</time></trkpt>
      <trkpt lat="37.7741938" lon="128.9753448"><ele>0.5</ele><time>2026-05-18T00:51:38Z</time></trkpt>
      <trkpt lat="37.7741839" lon="128.9752835"><ele>0.1</ele><time>2026-05-18T00:51:39Z</time></trkpt>
      <trkpt lat="37.7741903" lon="128.9752341"><ele>0.4</ele><time>2026-05-18T00:51:40Z</time></trkpt>
      <trkpt lat="37.7742061" lon="128.9752025"><ele>0.4</ele><time>2026-05-18T00:51:41Z</time></trkpt>
      <trkpt lat="37.7742387" lon="128.9751680"><ele>0.4</ele><time>2026-05-18T00:51:42Z</time></trkpt>
      <trkpt lat="37.7742933" lon="128.9751413"><ele>0.5</ele><time>2026-05-18T00:51:43Z</time></trkpt>
      <trkpt lat="37.7743674" lon="128.9751419"><ele>0.2</ele><time>2026-05-18T00:51:44Z</time></trkpt>
      <trkpt lat="37.7744502" lon="128.9751808"><ele>0.2</ele><time>2026-05-18T00:51:45Z</time></trkpt>
      <trkpt lat="37.7745330" lon="128.9752419"><ele>0.4</ele><time>2026-05-18T00:51:46Z</time></trkpt>
      <trkpt lat="37.7746162" lon="128.9753031"><ele>0.4</ele><time>2026-05-18T00:51:47Z</time></trkpt>
      <trkpt lat="37.7747006" lon="128.9753621"><ele>0.3</ele><time>2026-05-18T00:51:48Z</time></trkpt>
      <trkpt lat="37.7747837" lon="128.9754258"><ele>0.4</ele><time>2026-05-18T00:51:49Z</time></trkpt>
      <trkpt lat="37.7748681" lon="128.9754836"><ele>0.3</ele><time>2026-05-18T00:51:50Z</time></trkpt>
      <trkpt lat="37.7749542" lon="128.9755460"><ele>0.4</ele><time>2026-05-18T00:51:51Z</time></trkpt>
      <trkpt lat="37.7750427" lon="128.9756093"><ele>0.7</ele><time>2026-05-18T00:51:52Z</time></trkpt>
      <trkpt lat="37.7751323" lon="128.9756697"><ele>0.4</ele><time>2026-05-18T00:51:53Z</time></trkpt>
      <trkpt lat="37.7752247" lon="128.9757343"><ele>0.7</ele><time>2026-05-18T00:51:54Z</time></trkpt>
      <trkpt lat="37.7753038" lon="128.9758011"><ele>0.4</ele><time>2026-05-18T00:51:55Z</time></trkpt>
      <trkpt lat="37.7753905" lon="128.9758724"><ele>0.2</ele><time>2026-05-18T00:51:56Z</time></trkpt>
      <trkpt lat="37.7754781" lon="128.9759376"><ele>0.3</ele><time>2026-05-18T00:51:57Z</time></trkpt>
      <trkpt lat="37.7755665" lon="128.9759993"><ele>0.4</ele><time>2026-05-18T00:51:58Z</time></trkpt>
      <trkpt lat="37.7756586" lon="128.9760585"><ele>0.3</ele><time>2026-05-18T00:51:59Z</time></trkpt>
      <trkpt lat="37.7757488" lon="128.9761187"><ele>0.5</ele><time>2026-05-18T00:52:00Z</time></trkpt>
      <trkpt lat="37.7758356" lon="128.9761825"><ele>0.5</ele><time>2026-05-18T00:52:01Z</time></trkpt>
      <trkpt lat="37.7759259" lon="128.9762482"><ele>0.4</ele><time>2026-05-18T00:52:02Z</time></trkpt>
      <trkpt lat="37.7760119" lon="128.9763094"><ele>0.3</ele><time>2026-05-18T00:52:03Z</time></trkpt>
      <trkpt lat="37.7761003" lon="128.9763701"><ele>0.4</ele><time>2026-05-18T00:52:04Z</time></trkpt>
      <trkpt lat="37.7761833" lon="128.9764300"><ele>0.7</ele><time>2026-05-18T00:52:05Z</time></trkpt>
      <trkpt lat="37.7762646" lon="128.9764917"><ele>0.4</ele><time>2026-05-18T00:52:06Z</time></trkpt>
      <trkpt lat="37.7763447" lon="128.9765498"><ele>0.4</ele><time>2026-05-18T00:52:07Z</time></trkpt>
      <trkpt lat="37.7764306" lon="128.9766182"><ele>0.2</ele><time>2026-05-18T00:52:08Z</time></trkpt>
      <trkpt lat="37.7765207" lon="128.9766755"><ele>0.1</ele><time>2026-05-18T00:52:09Z</time></trkpt>
      <trkpt lat="37.7766027" lon="128.9767384"><ele>0.4</ele><time>2026-05-18T00:52:10Z</time></trkpt>
      <trkpt lat="37.7766828" lon="128.9767991"><ele>0.2</ele><time>2026-05-18T00:52:11Z</time></trkpt>
      <trkpt lat="37.7767644" lon="128.9768609"><ele>0.6</ele><time>2026-05-18T00:52:12Z</time></trkpt>
      <trkpt lat="37.7768476" lon="128.9769226"><ele>0.4</ele><time>2026-05-18T00:52:13Z</time></trkpt>
      <trkpt lat="37.7769182" lon="128.9770023"><ele>0.4</ele><time>2026-05-18T00:52:14Z</time></trkpt>
      <trkpt lat="37.7769544" lon="128.9770952"><ele>0.4</ele><time>2026-05-18T00:52:15Z</time></trkpt>
      <trkpt lat="37.7769571" lon="128.9771848"><ele>0.4</ele><time>2026-05-18T00:52:16Z</time></trkpt>
      <trkpt lat="37.7769380" lon="128.9772593"><ele>0.4</ele><time>2026-05-18T00:52:17Z</time></trkpt>
      <trkpt lat="37.7768985" lon="128.9773158"><ele>0.6</ele><time>2026-05-18T00:52:18Z</time></trkpt>
      <trkpt lat="37.7768428" lon="128.9773533"><ele>0.2</ele><time>2026-05-18T00:52:19Z</time></trkpt>
      <trkpt lat="37.7767733" lon="128.9773587"><ele>0.7</ele><time>2026-05-18T00:52:20Z</time></trkpt>
      <trkpt lat="37.7767063" lon="128.9773284"><ele>0.4</ele><time>2026-05-18T00:52:21Z</time></trkpt>
      <trkpt lat="37.7766421" lon="128.9772794"><ele>0.6</ele><time>2026-05-18T00:52:22Z</time></trkpt>
      <trkpt lat="37.7765830" lon="128.9772352"><ele>0.4</ele><time>2026-05-18T00:52:23Z</time></trkpt>
      <trkpt lat="37.7765211" lon="128.9771908"><ele>0.6</ele><time>2026-05-18T00:52:24Z</time></trkpt>
      <trkpt lat="37.7764579" lon="128.9771442"><ele>0.4</ele><time>2026-05-18T00:52:25Z</time></trkpt>
      <trkpt lat="37.7763887" lon="128.9770952"><ele>0.4</ele><time>2026-05-18T00:52:26Z</time></trkpt>
      <trkpt lat="37.7763268" lon="128.9770493"><ele>0.8</ele><time>2026-05-18T00:52:27Z</time></trkpt>
      <trkpt lat="37.7762597" lon="128.9770048"><ele>0.1</ele><time>2026-05-18T00:52:28Z</time></trkpt>
      <trkpt lat="37.7762008" lon="128.9769605"><ele>0.5</ele><time>2026-05-18T00:52:29Z</time></trkpt>
      <trkpt lat="37.7761415" lon="128.9769117"><ele>0.5</ele><time>2026-05-18T00:52:30Z</time></trkpt>
      <trkpt lat="37.7760801" lon="128.9768655"><ele>0.4</ele><time>2026-05-18T00:52:31Z</time></trkpt>
      <trkpt lat="37.7760214" lon="128.9768219"><ele>0.2</ele><time>2026-05-18T00:52:32Z</time></trkpt>
      <trkpt lat="37.7759582" lon="128.9767737"><ele>0.6</ele><time>2026-05-18T00:52:33Z</time></trkpt>
      <trkpt lat="37.7758977" lon="128.9767347"><ele>0.2</ele><time>2026-05-18T00:52:34Z</time></trkpt>
      <trkpt lat="37.7758367" lon="128.9766897"><ele>0.5</ele><time>2026-05-18T00:52:35Z</time></trkpt>
      <trkpt lat="37.7757692" lon="128.9766406"><ele>0.4</ele><time>2026-05-18T00:52:36Z</time></trkpt>
      <trkpt lat="37.7757065" lon="128.9766003"><ele>0.4</ele><time>2026-05-18T00:52:37Z</time></trkpt>
      <trkpt lat="37.7756431" lon="128.9765583"><ele>0.4</ele><time>2026-05-18T00:52:38Z</time></trkpt>
      <trkpt lat="37.7755822" lon="128.9765196"><ele>0.3</ele><time>2026-05-18T00:52:39Z</time></trkpt>
      <trkpt lat="37.7755212" lon="128.9764795"><ele>0.0</ele><time>2026-05-18T00:52:40Z</time></trkpt>
      <trkpt lat="37.7754558" lon="128.9764348"><ele>0.3</ele><time>2026-05-18T00:52:41Z</time></trkpt>
      <trkpt lat="37.7753940" lon="128.9763887"><ele>0.5</ele><time>2026-05-18T00:52:42Z</time></trkpt>
      <trkpt lat="37.7753316" lon="128.9763448"><ele>0.3</ele><time>2026-05-18T00:52:43Z</time></trkpt>
      <trkpt lat="37.7752718" lon="128.9763049"><ele>0.5</ele><time>2026-05-18T00:52:44Z</time></trkpt>
      <trkpt lat="37.7752033" lon="128.9762535"><ele>0.2</ele><time>2026-05-18T00:52:45Z</time></trkpt>
      <trkpt lat="37.7751428" lon="128.9762090"><ele>0.2</ele><time>2026-05-18T00:52:46Z</time></trkpt>
      <trkpt lat="37.7750817" lon="128.9761697"><ele>0.6</ele><time>2026-05-18T00:52:47Z</time></trkpt>
      <trkpt lat="37.7750197" lon="128.9761258"><ele>0.5</ele><time>2026-05-18T00:52:48Z</time></trkpt>
      <trkpt lat="37.7749517" lon="128.9760773"><ele>0.1</ele><time>2026-05-18T00:52:49Z</time></trkpt>
      <trkpt lat="37.7748887" lon="128.9760287"><ele>0.2</ele><time>2026-05-18T00:52:50Z</time></trkpt>
      <trkpt lat="37.7748232" lon="128.9759872"><ele>0.5</ele><time>2026-05-18T00:52:51Z</time></trkpt>
      <trkpt lat="37.7747641" lon="128.9759401"><ele>0.5</ele><time>2026-05-18T00:52:52Z</time></trkpt>
      <trkpt lat="37.7747182" lon="128.9759058"><ele>0.5</ele><time>2026-05-18T00:52:53Z</time></trkpt>
      <trkpt lat="37.7746721" lon="128.9758710"><ele>0.3</ele><time>2026-05-18T00:52:54Z</time></trkpt>
      <trkpt lat="37.7746163" lon="128.9758336"><ele>0.2</ele><time>2026-05-18T00:52:55Z</time></trkpt>
      <trkpt lat="37.7745698" lon="128.9757956"><ele>0.6</ele><time>2026-05-18T00:52:56Z</time></trkpt>
      <trkpt lat="37.7745171" lon="128.9757601"><ele>0.4</ele><time>2026-05-18T00:52:57Z</time></trkpt>
      <trkpt lat="37.7744714" lon="128.9757235"><ele>0.3</ele><time>2026-05-18T00:52:58Z</time></trkpt>
      <trkpt lat="37.7744250" lon="128.9756895"><ele>0.7</ele><time>2026-05-18T00:52:59Z</time></trkpt>
      <trkpt lat="37.7743737" lon="128.9756533"><ele>0.2</ele><time>2026-05-18T00:53:00Z</time></trkpt>
      <trkpt lat="37.7743262" lon="128.9756216"><ele>0.2</ele><time>2026-05-18T00:53:01Z</time></trkpt>
      <trkpt lat="37.7742827" lon="128.9755896"><ele>0.2</ele><time>2026-05-18T00:53:02Z</time></trkpt>
      <trkpt lat="37.7742333" lon="128.9755542"><ele>0.6</ele><time>2026-05-18T00:53:03Z</time></trkpt>
      <trkpt lat="37.7741857" lon="128.9755173"><ele>0.3</ele><time>2026-05-18T00:53:04Z</time></trkpt>
      <trkpt lat="37.7741386" lon="128.9754864"><ele>0.3</ele><time>2026-05-18T00:53:05Z</time></trkpt>
      <trkpt lat="37.7740928" lon="128.9754535"><ele>0.2</ele><time>2026-05-18T00:53:06Z</time></trkpt>
      <trkpt lat="37.7740687" lon="128.9754369"><ele>0.3</ele><time>2026-05-18T00:53:07Z</time></trkpt>
      <trkpt lat="37.7740468" lon="128.9754192"><ele>0.2</ele><time>2026-05-18T00:53:08Z</time></trkpt>
      <trkpt lat="37.7740214" lon="128.9754015"><ele>0.2</ele><time>2026-05-18T00:53:09Z</time></trkpt>
      <trkpt lat="37.7739983" lon="128.9753844"><ele>0.2</ele><time>2026-05-18T00:53:10Z</time></trkpt>
      <trkpt lat="37.7739695" lon="128.9753654"><ele>0.5</ele><time>2026-05-18T00:53:11Z</time></trkpt>
      <trkpt lat="37.7739483" lon="128.9753484"><ele>0.6</ele><time>2026-05-18T00:53:12Z</time></trkpt>
      <trkpt lat="37.7739252" lon="128.9753339"><ele>0.3</ele><time>2026-05-18T00:53:13Z</time></trkpt>
      <trkpt lat="37.7738985" lon="128.9753159"><ele>0.3</ele><time>2026-05-18T00:53:14Z</time></trkpt>
      <trkpt lat="37.7738760" lon="128.9752988"><ele>0.4</ele><time>2026-05-18T00:53:15Z</time></trkpt>
      <trkpt lat="37.7738559" lon="128.9752843"><ele>0.4</ele><time>2026-05-18T00:53:16Z</time></trkpt>
      <trkpt lat="37.7738289" lon="128.9752667"><ele>0.2</ele><time>2026-05-18T00:53:17Z</time></trkpt>
      <trkpt lat="37.7738083" lon="128.9752506"><ele>0.2</ele><time>2026-05-18T00:53:18Z</time></trkpt>
      <trkpt lat="37.7737853" lon="128.9752349"><ele>0.4</ele><time>2026-05-18T00:53:19Z</time></trkpt>
      <trkpt lat="37.7737591" lon="128.9752138"><ele>0.5</ele><time>2026-05-18T00:53:20Z</time></trkpt>
      <trkpt lat="37.7737311" lon="128.9751939"><ele>0.6</ele><time>2026-05-18T00:53:21Z</time></trkpt>
      <trkpt lat="37.7737095" lon="128.9751752"><ele>0.4</ele><time>2026-05-18T00:53:22Z</time></trkpt>
      <trkpt lat="37.7736873" lon="128.9751595"><ele>0.4</ele><time>2026-05-18T00:53:23Z</time></trkpt>
      <trkpt lat="37.7736609" lon="128.9751399"><ele>0.3</ele><time>2026-05-18T00:53:24Z</time></trkpt>
      <trkpt lat="37.7736369" lon="128.9751219"><ele>0.5</ele><time>2026-05-18T00:53:25Z</time></trkpt>
      <trkpt lat="37.7736084" lon="128.9751010"><ele>0.3</ele><time>2026-05-18T00:53:26Z</time></trkpt>
      <trkpt lat="37.7735863" lon="128.9750855"><ele>0.3</ele><time>2026-05-18T00:53:27Z</time></trkpt>
      <trkpt lat="37.7735628" lon="128.9750699"><ele>0.3</ele><time>2026-05-18T00:53:28Z</time></trkpt>
      <trkpt lat="37.7735411" lon="128.9750525"><ele>0.3</ele><time>2026-05-18T00:53:29Z</time></trkpt>
      <trkpt lat="37.7735183" lon="128.9750360"><ele>0.6</ele><time>2026-05-18T00:53:30Z</time></trkpt>
      <trkpt lat="37.7734974" lon="128.9750194"><ele>0.3</ele><time>2026-05-18T00:53:31Z</time></trkpt>
      <trkpt lat="37.7734737" lon="128.9750010"><ele>0.4</ele><time>2026-05-18T00:53:32Z</time></trkpt>
      <trkpt lat="37.7734525" lon="128.9749837"><ele>0.2</ele><time>2026-05-18T00:53:33Z</time></trkpt>
      <trkpt lat="37.7734323" lon="128.9749690"><ele>0.5</ele><time>2026-05-18T00:53:34Z</time></trkpt>
      <trkpt lat="37.7734070" lon="128.9749500"><ele>0.3</ele><time>2026-05-18T00:53:35Z</time></trkpt>
      <trkpt lat="37.7733797" lon="128.9749292"><ele>0.4</ele><time>2026-05-18T00:53:36Z</time></trkpt>
      <trkpt lat="37.7733572" lon="128.9749113"><ele>0.5</ele><time>2026-05-18T00:53:37Z</time></trkpt>
      <trkpt lat="37.7733344" lon="128.9748931"><ele>0.5</ele><time>2026-05-18T00:53:38Z</time></trkpt>
    </trkseg>
  </trk>
</gpx>